2025-12-04 00:06:37 [File Watcher] INFO  o.s.b.d.a.LocalDevToolsAutoConfiguration$RestartingClassPathChangeChangedEventListener - Restarting due to 1 class path change (0 additions, 0 deletions, 1 modification)
2025-12-04 00:06:38 [Thread-5] INFO  o.s.b.w.e.tomcat.GracefulShutdown - Commencing graceful shutdown. Waiting for active requests to complete
2025-12-04 00:06:39 [tomcat-shutdown] INFO  o.s.b.w.e.tomcat.GracefulShutdown - Graceful shutdown complete
2025-12-04 00:06:39 [Thread-5] INFO  o.s.o.j.LocalContainerEntityManagerFactoryBean - Closing JPA EntityManagerFactory for persistence unit 'default'
2025-12-04 00:06:39 [Thread-5] INFO  com.zaxxer.hikari.HikariDataSource - HikariPool-1 - Shutdown initiated...
2025-12-04 00:06:39 [Thread-5] INFO  com.zaxxer.hikari.HikariDataSource - HikariPool-1 - Shutdown completed.
2025-12-04 00:06:43 [restartedMain] INFO  com.pm.taskapp.TaskAppApplication - Starting TaskAppApplication using Java 21.0.8 with PID 6180 (D:\Projects\TaskApp\target\classes started by Rajkumar in D:\Projects\TaskApp)
2025-12-04 00:06:43 [restartedMain] DEBUG com.pm.taskapp.TaskAppApplication - Running with Spring Boot v3.5.7, Spring v6.2.12
2025-12-04 00:06:43 [restartedMain] INFO  com.pm.taskapp.TaskAppApplication - The following 1 profile is active: "dev"
2025-12-04 00:06:45 [restartedMain] INFO  o.s.d.r.c.RepositoryConfigurationDelegate - Bootstrapping Spring Data JPA repositories in DEFAULT mode.
2025-12-04 00:06:45 [restartedMain] INFO  o.s.d.r.c.RepositoryConfigurationDelegate - Finished Spring Data repository scanning in 181 ms. Found 7 JPA repository interfaces.
2025-12-04 00:06:47 [restartedMain] INFO  o.s.b.w.e.tomcat.TomcatWebServer - Tomcat initialized with port 8080 (http)
2025-12-04 00:06:47 [restartedMain] INFO  o.a.catalina.core.StandardService - Starting service [Tomcat]
2025-12-04 00:06:47 [restartedMain] INFO  o.a.catalina.core.StandardEngine - Starting Servlet engine: [Apache Tomcat/10.1.48]
2025-12-04 00:06:48 [restartedMain] INFO  o.a.c.c.C.[Tomcat].[localhost].[/] - Initializing Spring embedded WebApplicationContext
2025-12-04 00:06:48 [restartedMain] INFO  o.s.b.w.s.c.ServletWebServerApplicationContext - Root WebApplicationContext: initialization completed in 4521 ms
2025-12-04 00:06:49 [restartedMain] INFO  com.zaxxer.hikari.HikariDataSource - HikariPool-2 - Starting...
2025-12-04 00:06:49 [restartedMain] INFO  com.zaxxer.hikari.pool.HikariPool - HikariPool-2 - Added connection org.postgresql.jdbc.PgConnection@489dd91e
2025-12-04 00:06:49 [restartedMain] INFO  com.zaxxer.hikari.HikariDataSource - HikariPool-2 - Start completed.
2025-12-04 00:06:49 [restartedMain] INFO  org.flywaydb.core.FlywayExecutor - Database: jdbc:postgresql://localhost:5432/taskapp?TimeZone=Asia/Kolkata (PostgreSQL 15.15)
2025-12-04 00:06:50 [restartedMain] ERROR o.s.b.w.e.tomcat.TomcatStarter - Error starting Tomcat context. Exception: org.springframework.beans.factory.UnsatisfiedDependencyException. Message: Error creating bean with name 'jwtAuthenticationFilter' defined in file [D:\Projects\TaskApp\target\classes\com\pm\taskapp\auth\security\JwtAuthenticationFilter.class]: Unsatisfied dependency expressed through constructor parameter 1: Error creating bean with name 'customUserDetailsService' defined in file [D:\Projects\TaskApp\target\classes\com\pm\taskapp\auth\service\impl\CustomUserDetailsService.class]: Unsatisfied dependency expressed through constructor parameter 0: Error creating bean with name 'userRepository' defined in com.pm.taskapp.auth.repository.UserRepository defined in @EnableJpaRepositories declared on JpaRepositoriesRegistrar.EnableJpaRepositoriesConfiguration: Cannot resolve reference to bean 'jpaSharedEM_entityManagerFactory' while setting bean property 'entityManager'
2025-12-04 00:06:50 [restartedMain] INFO  o.a.catalina.core.StandardService - Stopping service [Tomcat]
2025-12-04 00:06:50 [restartedMain] WARN  o.a.c.loader.WebappClassLoaderBase - The web application [ROOT] appears to have started a thread named [HikariPool-2:housekeeper] but has failed to stop it. This is very likely to create a memory leak. Stack trace of thread:
 java.base/jdk.internal.misc.Unsafe.park(Native Method)
 java.base/java.util.concurrent.locks.LockSupport.parkNanos(LockSupport.java:269)
 java.base/java.util.concurrent.locks.AbstractQueuedSynchronizer$ConditionObject.awaitNanos(AbstractQueuedSynchronizer.java:1763)
 java.base/java.util.concurrent.ScheduledThreadPoolExecutor$DelayedWorkQueue.take(ScheduledThreadPoolExecutor.java:1182)
 java.base/java.util.concurrent.ScheduledThreadPoolExecutor$DelayedWorkQueue.take(ScheduledThreadPoolExecutor.java:899)
 java.base/java.util.concurrent.ThreadPoolExecutor.getTask(ThreadPoolExecutor.java:1070)
 java.base/java.util.concurrent.ThreadPoolExecutor.runWorker(ThreadPoolExecutor.java:1130)
 java.base/java.util.concurrent.ThreadPoolExecutor$Worker.run(ThreadPoolExecutor.java:642)
 java.base/java.lang.Thread.run(Thread.java:1583)
2025-12-04 00:06:50 [restartedMain] WARN  o.a.c.loader.WebappClassLoaderBase - The web application [ROOT] appears to have started a thread named [HikariPool-2:connection-adder] but has failed to stop it. This is very likely to create a memory leak. Stack trace of thread:
 java.base/java.lang.Thread.sleep0(Native Method)
 java.base/java.lang.Thread.sleep(Thread.java:509)
 com.zaxxer.hikari.util.UtilityElf.quietlySleep(UtilityElf.java:71)
 com.zaxxer.hikari.pool.HikariPool$PoolEntryCreator.call(HikariPool.java:757)
 com.zaxxer.hikari.pool.HikariPool$PoolEntryCreator.call(HikariPool.java:731)
 java.base/java.util.concurrent.FutureTask.run(FutureTask.java:317)
 java.base/java.util.concurrent.ThreadPoolExecutor.runWorker(ThreadPoolExecutor.java:1144)
 java.base/java.util.concurrent.ThreadPoolExecutor$Worker.run(ThreadPoolExecutor.java:642)
 java.base/java.lang.Thread.run(Thread.java:1583)
2025-12-04 00:06:50 [restartedMain] WARN  o.s.b.w.s.c.AnnotationConfigServletWebServerApplicationContext - Exception encountered during context initialization - cancelling refresh attempt: org.springframework.context.ApplicationContextException: Unable to start web server
2025-12-04 00:06:50 [restartedMain] INFO  com.zaxxer.hikari.HikariDataSource - HikariPool-2 - Shutdown initiated...
2025-12-04 00:06:50 [restartedMain] INFO  com.zaxxer.hikari.HikariDataSource - HikariPool-2 - Shutdown completed.
2025-12-04 00:06:50 [restartedMain] INFO  o.s.b.a.l.ConditionEvaluationReportLogger - 

Error starting ApplicationContext. To display the condition evaluation report re-run your application with 'debug' enabled.
2025-12-04 00:06:50 [restartedMain] ERROR o.s.boot.SpringApplication - Application run failed
org.springframework.context.ApplicationContextException: Unable to start web server
	at org.springframework.boot.web.servlet.context.ServletWebServerApplicationContext.onRefresh(ServletWebServerApplicationContext.java:170) ~[spring-boot-3.5.7.jar:3.5.7]
	at org.springframework.context.support.AbstractApplicationContext.refresh(AbstractApplicationContext.java:621) ~[spring-context-6.2.12.jar:6.2.12]
	at org.springframework.boot.web.servlet.context.ServletWebServerApplicationContext.refresh(ServletWebServerApplicationContext.java:146) ~[spring-boot-3.5.7.jar:3.5.7]
	at org.springframework.boot.SpringApplication.refresh(SpringApplication.java:752) ~[spring-boot-3.5.7.jar:3.5.7]
	at org.springframework.boot.SpringApplication.refreshContext(SpringApplication.java:439) ~[spring-boot-3.5.7.jar:3.5.7]
	at org.springframework.boot.SpringApplication.run(SpringApplication.java:318) ~[spring-boot-3.5.7.jar:3.5.7]
	at org.springframework.boot.SpringApplication.run(SpringApplication.java:1361) ~[spring-boot-3.5.7.jar:3.5.7]
	at org.springframework.boot.SpringApplication.run(SpringApplication.java:1350) ~[spring-boot-3.5.7.jar:3.5.7]
	at com.pm.taskapp.TaskAppApplication.main(TaskAppApplication.java:15) ~[classes/:na]
	at java.base/jdk.internal.reflect.DirectMethodHandleAccessor.invoke(DirectMethodHandleAccessor.java:103) ~[na:na]
	at java.base/java.lang.reflect.Method.invoke(Method.java:580) ~[na:na]
	at org.springframework.boot.devtools.restart.RestartLauncher.run(RestartLauncher.java:50) ~[spring-boot-devtools-3.5.7.jar:3.5.7]
Caused by: org.springframework.boot.web.server.WebServerException: Unable to start embedded Tomcat
	at org.springframework.boot.web.embedded.tomcat.TomcatWebServer.initialize(TomcatWebServer.java:147) ~[spring-boot-3.5.7.jar:3.5.7]
	at org.springframework.boot.web.embedded.tomcat.TomcatWebServer.<init>(TomcatWebServer.java:107) ~[spring-boot-3.5.7.jar:3.5.7]
	at org.springframework.boot.web.embedded.tomcat.TomcatServletWebServerFactory.getTomcatWebServer(TomcatServletWebServerFactory.java:517) ~[spring-boot-3.5.7.jar:3.5.7]
	at org.springframework.boot.web.embedded.tomcat.TomcatServletWebServerFactory.getWebServer(TomcatServletWebServerFactory.java:219) ~[spring-boot-3.5.7.jar:3.5.7]
	at org.springframework.boot.web.servlet.context.ServletWebServerApplicationContext.createWebServer(ServletWebServerApplicationContext.java:193) ~[spring-boot-3.5.7.jar:3.5.7]
	at org.springframework.boot.web.servlet.context.ServletWebServerApplicationContext.onRefresh(ServletWebServerApplicationContext.java:167) ~[spring-boot-3.5.7.jar:3.5.7]
	... 11 common frames omitted
Caused by: org.springframework.beans.factory.UnsatisfiedDependencyException: Error creating bean with name 'jwtAuthenticationFilter' defined in file [D:\Projects\TaskApp\target\classes\com\pm\taskapp\auth\security\JwtAuthenticationFilter.class]: Unsatisfied dependency expressed through constructor parameter 1: Error creating bean with name 'customUserDetailsService' defined in file [D:\Projects\TaskApp\target\classes\com\pm\taskapp\auth\service\impl\CustomUserDetailsService.class]: Unsatisfied dependency expressed through constructor parameter 0: Error creating bean with name 'userRepository' defined in com.pm.taskapp.auth.repository.UserRepository defined in @EnableJpaRepositories declared on JpaRepositoriesRegistrar.EnableJpaRepositoriesConfiguration: Cannot resolve reference to bean 'jpaSharedEM_entityManagerFactory' while setting bean property 'entityManager'
	at org.springframework.beans.factory.support.ConstructorResolver.createArgumentArray(ConstructorResolver.java:804) ~[spring-beans-6.2.12.jar:6.2.12]
	at org.springframework.beans.factory.support.ConstructorResolver.autowireConstructor(ConstructorResolver.java:240) ~[spring-beans-6.2.12.jar:6.2.12]
	at org.springframework.beans.factory.support.AbstractAutowireCapableBeanFactory.autowireConstructor(AbstractAutowireCapableBeanFactory.java:1395) ~[spring-beans-6.2.12.jar:6.2.12]
	at org.springframework.beans.factory.support.AbstractAutowireCapableBeanFactory.createBeanInstance(AbstractAutowireCapableBeanFactory.java:1232) ~[spring-beans-6.2.12.jar:6.2.12]
	at org.springframework.beans.factory.support.AbstractAutowireCapableBeanFactory.doCreateBean(AbstractAutowireCapableBeanFactory.java:569) ~[spring-beans-6.2.12.jar:6.2.12]
	at org.springframework.beans.factory.support.AbstractAutowireCapableBeanFactory.createBean(AbstractAutowireCapableBeanFactory.java:529) ~[spring-beans-6.2.12.jar:6.2.12]
	at org.springframework.beans.factory.support.AbstractBeanFactory.lambda$doGetBean$0(AbstractBeanFactory.java:339) ~[spring-beans-6.2.12.jar:6.2.12]
	at org.springframework.beans.factory.support.DefaultSingletonBeanRegistry.getSingleton(DefaultSingletonBeanRegistry.java:373) ~[spring-beans-6.2.12.jar:6.2.12]
	at org.springframework.beans.factory.support.AbstractBeanFactory.doGetBean(AbstractBeanFactory.java:337) ~[spring-beans-6.2.12.jar:6.2.12]
	at org.springframework.beans.factory.support.AbstractBeanFactory.getBean(AbstractBeanFactory.java:207) ~[spring-beans-6.2.12.jar:6.2.12]
	at org.springframework.boot.web.servlet.ServletContextInitializerBeans.getOrderedBeansOfType(ServletContextInitializerBeans.java:230) ~[spring-boot-3.5.7.jar:3.5.7]
	at org.springframework.boot.web.servlet.ServletContextInitializerBeans.addAsRegistrationBean(ServletContextInitializerBeans.java:184) ~[spring-boot-3.5.7.jar:3.5.7]
	at org.springframework.boot.web.servlet.ServletContextInitializerBeans.addAsRegistrationBean(ServletContextInitializerBeans.java:179) ~[spring-boot-3.5.7.jar:3.5.7]
	at org.springframework.boot.web.servlet.ServletContextInitializerBeans.addAdaptableBeans(ServletContextInitializerBeans.java:164) ~[spring-boot-3.5.7.jar:3.5.7]
	at org.springframework.boot.web.servlet.ServletContextInitializerBeans.<init>(ServletContextInitializerBeans.java:96) ~[spring-boot-3.5.7.jar:3.5.7]
	at org.springframework.boot.web.servlet.context.ServletWebServerApplicationContext.getServletContextInitializerBeans(ServletWebServerApplicationContext.java:271) ~[spring-boot-3.5.7.jar:3.5.7]
	at org.springframework.boot.web.servlet.context.ServletWebServerApplicationContext.selfInitialize(ServletWebServerApplicationContext.java:245) ~[spring-boot-3.5.7.jar:3.5.7]
	at org.springframework.boot.web.embedded.tomcat.TomcatStarter.onStartup(TomcatStarter.java:52) ~[spring-boot-3.5.7.jar:3.5.7]
	at org.apache.catalina.core.StandardContext.startInternal(StandardContext.java:4452) ~[tomcat-embed-core-10.1.48.jar:10.1.48]
	at org.apache.catalina.util.LifecycleBase.start(LifecycleBase.java:164) ~[tomcat-embed-core-10.1.48.jar:10.1.48]
	at org.apache.catalina.core.ContainerBase$StartChild.call(ContainerBase.java:1201) ~[tomcat-embed-core-10.1.48.jar:10.1.48]
	at org.apache.catalina.core.ContainerBase$StartChild.call(ContainerBase.java:1191) ~[tomcat-embed-core-10.1.48.jar:10.1.48]
	at java.base/java.util.concurrent.FutureTask.run(FutureTask.java:317) ~[na:na]
	at org.apache.tomcat.util.threads.InlineExecutorService.execute(InlineExecutorService.java:81) ~[tomcat-embed-core-10.1.48.jar:10.1.48]
	at java.base/java.util.concurrent.AbstractExecutorService.submit(AbstractExecutorService.java:145) ~[na:na]
	at org.apache.catalina.core.ContainerBase.startInternal(ContainerBase.java:747) ~[tomcat-embed-core-10.1.48.jar:10.1.48]
	at org.apache.catalina.core.StandardHost.startInternal(StandardHost.java:770) ~[tomcat-embed-core-10.1.48.jar:10.1.48]
	at org.apache.catalina.util.LifecycleBase.start(LifecycleBase.java:164) ~[tomcat-embed-core-10.1.48.jar:10.1.48]
	at org.apache.catalina.core.ContainerBase$StartChild.call(ContainerBase.java:1201) ~[tomcat-embed-core-10.1.48.jar:10.1.48]
	at org.apache.catalina.core.ContainerBase$StartChild.call(ContainerBase.java:1191) ~[tomcat-embed-core-10.1.48.jar:10.1.48]
	at java.base/java.util.concurrent.FutureTask.run(FutureTask.java:317) ~[na:na]
	at org.apache.tomcat.util.threads.InlineExecutorService.execute(InlineExecutorService.java:81) ~[tomcat-embed-core-10.1.48.jar:10.1.48]
	at java.base/java.util.concurrent.AbstractExecutorService.submit(AbstractExecutorService.java:145) ~[na:na]
	at org.apache.catalina.core.ContainerBase.startInternal(ContainerBase.java:747) ~[tomcat-embed-core-10.1.48.jar:10.1.48]
	at org.apache.catalina.core.StandardEngine.startInternal(StandardEngine.java:201) ~[tomcat-embed-core-10.1.48.jar:10.1.48]
	at org.apache.catalina.util.LifecycleBase.start(LifecycleBase.java:164) ~[tomcat-embed-core-10.1.48.jar:10.1.48]
	at org.apache.catalina.core.StandardService.startInternal(StandardService.java:410) ~[tomcat-embed-core-10.1.48.jar:10.1.48]
	at org.apache.catalina.util.LifecycleBase.start(LifecycleBase.java:164) ~[tomcat-embed-core-10.1.48.jar:10.1.48]
	at org.apache.catalina.core.StandardServer.startInternal(StandardServer.java:868) ~[tomcat-embed-core-10.1.48.jar:10.1.48]
	at org.apache.catalina.util.LifecycleBase.start(LifecycleBase.java:164) ~[tomcat-embed-core-10.1.48.jar:10.1.48]
	at org.apache.catalina.startup.Tomcat.start(Tomcat.java:436) ~[tomcat-embed-core-10.1.48.jar:10.1.48]
	at org.springframework.boot.web.embedded.tomcat.TomcatWebServer.initialize(TomcatWebServer.java:128) ~[spring-boot-3.5.7.jar:3.5.7]
	... 16 common frames omitted
Caused by: org.springframework.beans.factory.UnsatisfiedDependencyException: Error creating bean with name 'customUserDetailsService' defined in file [D:\Projects\TaskApp\target\classes\com\pm\taskapp\auth\service\impl\CustomUserDetailsService.class]: Unsatisfied dependency expressed through constructor parameter 0: Error creating bean with name 'userRepository' defined in com.pm.taskapp.auth.repository.UserRepository defined in @EnableJpaRepositories declared on JpaRepositoriesRegistrar.EnableJpaRepositoriesConfiguration: Cannot resolve reference to bean 'jpaSharedEM_entityManagerFactory' while setting bean property 'entityManager'
	at org.springframework.beans.factory.support.ConstructorResolver.createArgumentArray(ConstructorResolver.java:804) ~[spring-beans-6.2.12.jar:6.2.12]
	at org.springframework.beans.factory.support.ConstructorResolver.autowireConstructor(ConstructorResolver.java:240) ~[spring-beans-6.2.12.jar:6.2.12]
	at org.springframework.beans.factory.support.AbstractAutowireCapableBeanFactory.autowireConstructor(AbstractAutowireCapableBeanFactory.java:1395) ~[spring-beans-6.2.12.jar:6.2.12]
	at org.springframework.beans.factory.support.AbstractAutowireCapableBeanFactory.createBeanInstance(AbstractAutowireCapableBeanFactory.java:1232) ~[spring-beans-6.2.12.jar:6.2.12]
	at org.springframework.beans.factory.support.AbstractAutowireCapableBeanFactory.doCreateBean(AbstractAutowireCapableBeanFactory.java:569) ~[spring-beans-6.2.12.jar:6.2.12]
	at org.springframework.beans.factory.support.AbstractAutowireCapableBeanFactory.createBean(AbstractAutowireCapableBeanFactory.java:529) ~[spring-beans-6.2.12.jar:6.2.12]
	at org.springframework.beans.factory.support.AbstractBeanFactory.lambda$doGetBean$0(AbstractBeanFactory.java:339) ~[spring-beans-6.2.12.jar:6.2.12]
	at org.springframework.beans.factory.support.DefaultSingletonBeanRegistry.getSingleton(DefaultSingletonBeanRegistry.java:373) ~[spring-beans-6.2.12.jar:6.2.12]
	at org.springframework.beans.factory.support.AbstractBeanFactory.doGetBean(AbstractBeanFactory.java:337) ~[spring-beans-6.2.12.jar:6.2.12]
	at org.springframework.beans.factory.support.AbstractBeanFactory.getBean(AbstractBeanFactory.java:202) ~[spring-beans-6.2.12.jar:6.2.12]
	at org.springframework.beans.factory.support.DefaultListableBeanFactory.doResolveDependency(DefaultListableBeanFactory.java:1708) ~[spring-beans-6.2.12.jar:6.2.12]
	at org.springframework.beans.factory.support.DefaultListableBeanFactory.resolveDependency(DefaultListableBeanFactory.java:1653) ~[spring-beans-6.2.12.jar:6.2.12]
	at org.springframework.beans.factory.support.ConstructorResolver.resolveAutowiredArgument(ConstructorResolver.java:913) ~[spring-beans-6.2.12.jar:6.2.12]
	at org.springframework.beans.factory.support.ConstructorResolver.createArgumentArray(ConstructorResolver.java:791) ~[spring-beans-6.2.12.jar:6.2.12]
	... 57 common frames omitted
Caused by: org.springframework.beans.factory.BeanCreationException: Error creating bean with name 'userRepository' defined in com.pm.taskapp.auth.repository.UserRepository defined in @EnableJpaRepositories declared on JpaRepositoriesRegistrar.EnableJpaRepositoriesConfiguration: Cannot resolve reference to bean 'jpaSharedEM_entityManagerFactory' while setting bean property 'entityManager'
	at org.springframework.beans.factory.support.BeanDefinitionValueResolver.resolveReference(BeanDefinitionValueResolver.java:377) ~[spring-beans-6.2.12.jar:6.2.12]
	at org.springframework.beans.factory.support.BeanDefinitionValueResolver.resolveValueIfNecessary(BeanDefinitionValueResolver.java:135) ~[spring-beans-6.2.12.jar:6.2.12]
	at org.springframework.beans.factory.support.AbstractAutowireCapableBeanFactory.applyPropertyValues(AbstractAutowireCapableBeanFactory.java:1725) ~[spring-beans-6.2.12.jar:6.2.12]
	at org.springframework.beans.factory.support.AbstractAutowireCapableBeanFactory.populateBean(AbstractAutowireCapableBeanFactory.java:1474) ~[spring-beans-6.2.12.jar:6.2.12]
	at org.springframework.beans.factory.support.AbstractAutowireCapableBeanFactory.doCreateBean(AbstractAutowireCapableBeanFactory.java:606) ~[spring-beans-6.2.12.jar:6.2.12]
	at org.springframework.beans.factory.support.AbstractAutowireCapableBeanFactory.createBean(AbstractAutowireCapableBeanFactory.java:529) ~[spring-beans-6.2.12.jar:6.2.12]
	at org.springframework.beans.factory.support.AbstractBeanFactory.lambda$doGetBean$0(AbstractBeanFactory.java:339) ~[spring-beans-6.2.12.jar:6.2.12]
	at org.springframework.beans.factory.support.DefaultSingletonBeanRegistry.getSingleton(DefaultSingletonBeanRegistry.java:373) ~[spring-beans-6.2.12.jar:6.2.12]
	at org.springframework.beans.factory.support.AbstractBeanFactory.doGetBean(AbstractBeanFactory.java:337) ~[spring-beans-6.2.12.jar:6.2.12]
	at org.springframework.beans.factory.support.AbstractBeanFactory.getBean(AbstractBeanFactory.java:202) ~[spring-beans-6.2.12.jar:6.2.12]
	at org.springframework.beans.factory.support.DefaultListableBeanFactory.doResolveDependency(DefaultListableBeanFactory.java:1708) ~[spring-beans-6.2.12.jar:6.2.12]
	at org.springframework.beans.factory.support.DefaultListableBeanFactory.resolveDependency(DefaultListableBeanFactory.java:1653) ~[spring-beans-6.2.12.jar:6.2.12]
	at org.springframework.beans.factory.support.ConstructorResolver.resolveAutowiredArgument(ConstructorResolver.java:913) ~[spring-beans-6.2.12.jar:6.2.12]
	at org.springframework.beans.factory.support.ConstructorResolver.createArgumentArray(ConstructorResolver.java:791) ~[spring-beans-6.2.12.jar:6.2.12]
	... 70 common frames omitted
Caused by: org.springframework.beans.factory.BeanCreationException: Error creating bean with name 'jpaSharedEM_entityManagerFactory': Cannot resolve reference to bean 'entityManagerFactory' while setting constructor argument
	at org.springframework.beans.factory.support.BeanDefinitionValueResolver.resolveReference(BeanDefinitionValueResolver.java:377) ~[spring-beans-6.2.12.jar:6.2.12]
	at org.springframework.beans.factory.support.BeanDefinitionValueResolver.resolveValueIfNecessary(BeanDefinitionValueResolver.java:135) ~[spring-beans-6.2.12.jar:6.2.12]
	at org.springframework.beans.factory.support.ConstructorResolver.resolveConstructorArguments(ConstructorResolver.java:691) ~[spring-beans-6.2.12.jar:6.2.12]
	at org.springframework.beans.factory.support.ConstructorResolver.instantiateUsingFactoryMethod(ConstructorResolver.java:513) ~[spring-beans-6.2.12.jar:6.2.12]
	at org.springframework.beans.factory.support.AbstractAutowireCapableBeanFactory.instantiateUsingFactoryMethod(AbstractAutowireCapableBeanFactory.java:1375) ~[spring-beans-6.2.12.jar:6.2.12]
	at org.springframework.beans.factory.support.AbstractAutowireCapableBeanFactory.createBeanInstance(AbstractAutowireCapableBeanFactory.java:1205) ~[spring-beans-6.2.12.jar:6.2.12]
	at org.springframework.beans.factory.support.AbstractAutowireCapableBeanFactory.doCreateBean(AbstractAutowireCapableBeanFactory.java:569) ~[spring-beans-6.2.12.jar:6.2.12]
	at org.springframework.beans.factory.support.AbstractAutowireCapableBeanFactory.createBean(AbstractAutowireCapableBeanFactory.java:529) ~[spring-beans-6.2.12.jar:6.2.12]
	at org.springframework.beans.factory.support.AbstractBeanFactory.lambda$doGetBean$0(AbstractBeanFactory.java:339) ~[spring-beans-6.2.12.jar:6.2.12]
	at org.springframework.beans.factory.support.DefaultSingletonBeanRegistry.getSingleton(DefaultSingletonBeanRegistry.java:373) ~[spring-beans-6.2.12.jar:6.2.12]
	at org.springframework.beans.factory.support.AbstractBeanFactory.doGetBean(AbstractBeanFactory.java:337) ~[spring-beans-6.2.12.jar:6.2.12]
	at org.springframework.beans.factory.support.AbstractBeanFactory.getBean(AbstractBeanFactory.java:202) ~[spring-beans-6.2.12.jar:6.2.12]
	at org.springframework.beans.factory.support.BeanDefinitionValueResolver.resolveReference(BeanDefinitionValueResolver.java:365) ~[spring-beans-6.2.12.jar:6.2.12]
	... 83 common frames omitted
Caused by: org.springframework.beans.factory.BeanCreationException: Error creating bean with name 'flywayInitializer' defined in class path resource [org/springframework/boot/autoconfigure/flyway/FlywayAutoConfiguration$FlywayConfiguration.class]: Validate failed: Migrations have failed validation
Migration checksum mismatch for migration version 9
-> Applied to database : 0
-> Resolved locally    : 437553242
Either revert the changes to the migration, or run repair to update the schema history.
Need more flexibility with validation rules? Learn more: https://rd.gt/3AbJUZE
	at org.springframework.beans.factory.support.AbstractAutowireCapableBeanFactory.initializeBean(AbstractAutowireCapableBeanFactory.java:1826) ~[spring-beans-6.2.12.jar:6.2.12]
	at org.springframework.beans.factory.support.AbstractAutowireCapableBeanFactory.doCreateBean(AbstractAutowireCapableBeanFactory.java:607) ~[spring-beans-6.2.12.jar:6.2.12]
	at org.springframework.beans.factory.support.AbstractAutowireCapableBeanFactory.createBean(AbstractAutowireCapableBeanFactory.java:529) ~[spring-beans-6.2.12.jar:6.2.12]
	at org.springframework.beans.factory.support.AbstractBeanFactory.lambda$doGetBean$0(AbstractBeanFactory.java:339) ~[spring-beans-6.2.12.jar:6.2.12]
	at org.springframework.beans.factory.support.DefaultSingletonBeanRegistry.getSingleton(DefaultSingletonBeanRegistry.java:373) ~[spring-beans-6.2.12.jar:6.2.12]
	at org.springframework.beans.factory.support.AbstractBeanFactory.doGetBean(AbstractBeanFactory.java:337) ~[spring-beans-6.2.12.jar:6.2.12]
	at org.springframework.beans.factory.support.AbstractBeanFactory.getBean(AbstractBeanFactory.java:202) ~[spring-beans-6.2.12.jar:6.2.12]
	at org.springframework.beans.factory.support.AbstractBeanFactory.doGetBean(AbstractBeanFactory.java:315) ~[spring-beans-6.2.12.jar:6.2.12]
	at org.springframework.beans.factory.support.AbstractBeanFactory.getBean(AbstractBeanFactory.java:202) ~[spring-beans-6.2.12.jar:6.2.12]
	at org.springframework.beans.factory.support.BeanDefinitionValueResolver.resolveReference(BeanDefinitionValueResolver.java:365) ~[spring-beans-6.2.12.jar:6.2.12]
	... 95 common frames omitted
Caused by: org.flywaydb.core.api.exception.FlywayValidateException: Validate failed: Migrations have failed validation
Migration checksum mismatch for migration version 9
-> Applied to database : 0
-> Resolved locally    : 437553242
Either revert the changes to the migration, or run repair to update the schema history.
Need more flexibility with validation rules? Learn more: https://rd.gt/3AbJUZE
	at org.flywaydb.core.Flyway.lambda$migrate$1(Flyway.java:201) ~[flyway-core-11.7.2.jar:na]
	at org.flywaydb.core.FlywayExecutor.execute(FlywayExecutor.java:210) ~[flyway-core-11.7.2.jar:na]
	at org.flywaydb.core.Flyway.migrate(Flyway.java:188) ~[flyway-core-11.7.2.jar:na]
	at org.springframework.boot.autoconfigure.flyway.FlywayMigrationInitializer.afterPropertiesSet(FlywayMigrationInitializer.java:66) ~[spring-boot-autoconfigure-3.5.7.jar:3.5.7]
	at org.springframework.beans.factory.support.AbstractAutowireCapableBeanFactory.invokeInitMethods(AbstractAutowireCapableBeanFactory.java:1873) ~[spring-beans-6.2.12.jar:6.2.12]
	at org.springframework.beans.factory.support.AbstractAutowireCapableBeanFactory.initializeBean(AbstractAutowireCapableBeanFactory.java:1822) ~[spring-beans-6.2.12.jar:6.2.12]
	... 104 common frames omitted
2025-12-04 00:08:30 [restartedMain] INFO  com.pm.taskapp.TaskAppApplication - Starting TaskAppApplication using Java 21.0.8 with PID 29176 (D:\Projects\TaskApp\target\classes started by Rajkumar in D:\Projects\TaskApp)
2025-12-04 00:08:30 [restartedMain] DEBUG com.pm.taskapp.TaskAppApplication - Running with Spring Boot v3.5.7, Spring v6.2.12
2025-12-04 00:08:30 [restartedMain] INFO  com.pm.taskapp.TaskAppApplication - The following 1 profile is active: "dev"
2025-12-04 00:08:30 [restartedMain] INFO  o.s.b.d.e.DevToolsPropertyDefaultsPostProcessor - Devtools property defaults active! Set 'spring.devtools.add-properties' to 'false' to disable
2025-12-04 00:08:30 [restartedMain] INFO  o.s.b.d.e.DevToolsPropertyDefaultsPostProcessor - For additional web related logging consider setting the 'logging.level.web' property to 'DEBUG'
2025-12-04 00:08:34 [restartedMain] INFO  o.s.d.r.c.RepositoryConfigurationDelegate - Bootstrapping Spring Data JPA repositories in DEFAULT mode.
2025-12-04 00:08:34 [restartedMain] INFO  o.s.d.r.c.RepositoryConfigurationDelegate - Finished Spring Data repository scanning in 313 ms. Found 7 JPA repository interfaces.
2025-12-04 00:08:37 [restartedMain] INFO  o.s.b.w.e.tomcat.TomcatWebServer - Tomcat initialized with port 8080 (http)
2025-12-04 00:08:37 [restartedMain] INFO  o.a.catalina.core.StandardService - Starting service [Tomcat]
2025-12-04 00:08:37 [restartedMain] INFO  o.a.catalina.core.StandardEngine - Starting Servlet engine: [Apache Tomcat/10.1.48]
2025-12-04 00:08:37 [restartedMain] INFO  o.a.c.c.C.[Tomcat].[localhost].[/] - Initializing Spring embedded WebApplicationContext
2025-12-04 00:08:37 [restartedMain] INFO  o.s.b.w.s.c.ServletWebServerApplicationContext - Root WebApplicationContext: initialization completed in 6863 ms
2025-12-04 00:08:38 [restartedMain] INFO  com.zaxxer.hikari.HikariDataSource - HikariPool-1 - Starting...
2025-12-04 00:08:39 [restartedMain] INFO  com.zaxxer.hikari.pool.HikariPool - HikariPool-1 - Added connection org.postgresql.jdbc.PgConnection@165240a2
2025-12-04 00:08:39 [restartedMain] INFO  com.zaxxer.hikari.HikariDataSource - HikariPool-1 - Start completed.
2025-12-04 00:08:39 [restartedMain] INFO  org.flywaydb.core.FlywayExecutor - Database: jdbc:postgresql://localhost:5432/taskapp?TimeZone=Asia/Kolkata (PostgreSQL 15.15)
2025-12-04 00:08:39 [restartedMain] ERROR o.s.b.w.e.tomcat.TomcatStarter - Error starting Tomcat context. Exception: org.springframework.beans.factory.UnsatisfiedDependencyException. Message: Error creating bean with name 'jwtAuthenticationFilter' defined in file [D:\Projects\TaskApp\target\classes\com\pm\taskapp\auth\security\JwtAuthenticationFilter.class]: Unsatisfied dependency expressed through constructor parameter 1: Error creating bean with name 'customUserDetailsService' defined in file [D:\Projects\TaskApp\target\classes\com\pm\taskapp\auth\service\impl\CustomUserDetailsService.class]: Unsatisfied dependency expressed through constructor parameter 0: Error creating bean with name 'userRepository' defined in com.pm.taskapp.auth.repository.UserRepository defined in @EnableJpaRepositories declared on JpaRepositoriesRegistrar.EnableJpaRepositoriesConfiguration: Cannot resolve reference to bean 'jpaSharedEM_entityManagerFactory' while setting bean property 'entityManager'
2025-12-04 00:08:40 [restartedMain] INFO  o.a.catalina.core.StandardService - Stopping service [Tomcat]
2025-12-04 00:08:40 [restartedMain] WARN  o.a.c.loader.WebappClassLoaderBase - The web application [ROOT] appears to have started a thread named [HikariPool-1:housekeeper] but has failed to stop it. This is very likely to create a memory leak. Stack trace of thread:
 java.base/jdk.internal.misc.Unsafe.park(Native Method)
 java.base/java.util.concurrent.locks.LockSupport.parkNanos(LockSupport.java:269)
 java.base/java.util.concurrent.locks.AbstractQueuedSynchronizer$ConditionObject.awaitNanos(AbstractQueuedSynchronizer.java:1763)
 java.base/java.util.concurrent.ScheduledThreadPoolExecutor$DelayedWorkQueue.take(ScheduledThreadPoolExecutor.java:1182)
 java.base/java.util.concurrent.ScheduledThreadPoolExecutor$DelayedWorkQueue.take(ScheduledThreadPoolExecutor.java:899)
 java.base/java.util.concurrent.ThreadPoolExecutor.getTask(ThreadPoolExecutor.java:1070)
 java.base/java.util.concurrent.ThreadPoolExecutor.runWorker(ThreadPoolExecutor.java:1130)
 java.base/java.util.concurrent.ThreadPoolExecutor$Worker.run(ThreadPoolExecutor.java:642)
 java.base/java.lang.Thread.run(Thread.java:1583)
2025-12-04 00:08:40 [restartedMain] WARN  o.a.c.loader.WebappClassLoaderBase - The web application [ROOT] appears to have started a thread named [HikariPool-1:connection-adder] but has failed to stop it. This is very likely to create a memory leak. Stack trace of thread:
 java.base/sun.nio.ch.Net.poll(Native Method)
 java.base/sun.nio.ch.NioSocketImpl.park(NioSocketImpl.java:191)
 java.base/sun.nio.ch.NioSocketImpl.park(NioSocketImpl.java:201)
 java.base/sun.nio.ch.NioSocketImpl.implRead(NioSocketImpl.java:309)
 java.base/sun.nio.ch.NioSocketImpl.read(NioSocketImpl.java:346)
 java.base/sun.nio.ch.NioSocketImpl$1.read(NioSocketImpl.java:796)
 java.base/java.net.Socket$SocketInputStream.read(Socket.java:1099)
 org.postgresql.core.VisibleBufferedInputStream.readMore(VisibleBufferedInputStream.java:161)
 org.postgresql.core.VisibleBufferedInputStream.ensureBytes(VisibleBufferedInputStream.java:128)
 org.postgresql.core.VisibleBufferedInputStream.ensureBytes(VisibleBufferedInputStream.java:113)
 org.postgresql.core.VisibleBufferedInputStream.read(VisibleBufferedInputStream.java:73)
 org.postgresql.core.PGStream.receiveChar(PGStream.java:465)
 org.postgresql.core.v3.ConnectionFactoryImpl.doAuthentication(ConnectionFactoryImpl.java:678)
 org.postgresql.core.v3.ConnectionFactoryImpl.tryConnect(ConnectionFactoryImpl.java:203)
 org.postgresql.core.v3.ConnectionFactoryImpl.openConnectionImpl(ConnectionFactoryImpl.java:258)
 org.postgresql.core.ConnectionFactory.openConnection(ConnectionFactory.java:54)
 org.postgresql.jdbc.PgConnection.<init>(PgConnection.java:263)
 org.postgresql.Driver.makeConnection(Driver.java:443)
 org.postgresql.Driver.connect(Driver.java:297)
 com.zaxxer.hikari.util.DriverDataSource.getConnection(DriverDataSource.java:144)
 com.zaxxer.hikari.pool.PoolBase.newConnection(PoolBase.java:370)
 com.zaxxer.hikari.pool.PoolBase.newPoolEntry(PoolBase.java:207)
 com.zaxxer.hikari.pool.HikariPool.createPoolEntry(HikariPool.java:488)
 com.zaxxer.hikari.pool.HikariPool$PoolEntryCreator.call(HikariPool.java:752)
 com.zaxxer.hikari.pool.HikariPool$PoolEntryCreator.call(HikariPool.java:731)
 java.base/java.util.concurrent.FutureTask.run(FutureTask.java:317)
 java.base/java.util.concurrent.ThreadPoolExecutor.runWorker(ThreadPoolExecutor.java:1144)
 java.base/java.util.concurrent.ThreadPoolExecutor$Worker.run(ThreadPoolExecutor.java:642)
 java.base/java.lang.Thread.run(Thread.java:1583)
2025-12-04 00:08:40 [restartedMain] WARN  o.s.b.w.s.c.AnnotationConfigServletWebServerApplicationContext - Exception encountered during context initialization - cancelling refresh attempt: org.springframework.context.ApplicationContextException: Unable to start web server
2025-12-04 00:08:40 [restartedMain] INFO  com.zaxxer.hikari.HikariDataSource - HikariPool-1 - Shutdown initiated...
2025-12-04 00:08:40 [restartedMain] INFO  com.zaxxer.hikari.HikariDataSource - HikariPool-1 - Shutdown completed.
2025-12-04 00:08:40 [restartedMain] INFO  o.s.b.a.l.ConditionEvaluationReportLogger - 

Error starting ApplicationContext. To display the condition evaluation report re-run your application with 'debug' enabled.
2025-12-04 00:08:40 [restartedMain] ERROR o.s.boot.SpringApplication - Application run failed
org.springframework.context.ApplicationContextException: Unable to start web server
	at org.springframework.boot.web.servlet.context.ServletWebServerApplicationContext.onRefresh(ServletWebServerApplicationContext.java:170)
	at org.springframework.context.support.AbstractApplicationContext.refresh(AbstractApplicationContext.java:621)
	at org.springframework.boot.web.servlet.context.ServletWebServerApplicationContext.refresh(ServletWebServerApplicationContext.java:146)
	at org.springframework.boot.SpringApplication.refresh(SpringApplication.java:752)
	at org.springframework.boot.SpringApplication.refreshContext(SpringApplication.java:439)
	at org.springframework.boot.SpringApplication.run(SpringApplication.java:318)
	at org.springframework.boot.SpringApplication.run(SpringApplication.java:1361)
	at org.springframework.boot.SpringApplication.run(SpringApplication.java:1350)
	at com.pm.taskapp.TaskAppApplication.main(TaskAppApplication.java:15)
	at java.base/jdk.internal.reflect.DirectMethodHandleAccessor.invoke(DirectMethodHandleAccessor.java:103)
	at java.base/java.lang.reflect.Method.invoke(Method.java:580)
	at org.springframework.boot.devtools.restart.RestartLauncher.run(RestartLauncher.java:50)
Caused by: org.springframework.boot.web.server.WebServerException: Unable to start embedded Tomcat
	at org.springframework.boot.web.embedded.tomcat.TomcatWebServer.initialize(TomcatWebServer.java:147)
	at org.springframework.boot.web.embedded.tomcat.TomcatWebServer.<init>(TomcatWebServer.java:107)
	at org.springframework.boot.web.embedded.tomcat.TomcatServletWebServerFactory.getTomcatWebServer(TomcatServletWebServerFactory.java:517)
	at org.springframework.boot.web.embedded.tomcat.TomcatServletWebServerFactory.getWebServer(TomcatServletWebServerFactory.java:219)
	at org.springframework.boot.web.servlet.context.ServletWebServerApplicationContext.createWebServer(ServletWebServerApplicationContext.java:193)
	at org.springframework.boot.web.servlet.context.ServletWebServerApplicationContext.onRefresh(ServletWebServerApplicationContext.java:167)
	... 11 common frames omitted
Caused by: org.springframework.beans.factory.UnsatisfiedDependencyException: Error creating bean with name 'jwtAuthenticationFilter' defined in file [D:\Projects\TaskApp\target\classes\com\pm\taskapp\auth\security\JwtAuthenticationFilter.class]: Unsatisfied dependency expressed through constructor parameter 1: Error creating bean with name 'customUserDetailsService' defined in file [D:\Projects\TaskApp\target\classes\com\pm\taskapp\auth\service\impl\CustomUserDetailsService.class]: Unsatisfied dependency expressed through constructor parameter 0: Error creating bean with name 'userRepository' defined in com.pm.taskapp.auth.repository.UserRepository defined in @EnableJpaRepositories declared on JpaRepositoriesRegistrar.EnableJpaRepositoriesConfiguration: Cannot resolve reference to bean 'jpaSharedEM_entityManagerFactory' while setting bean property 'entityManager'
	at org.springframework.beans.factory.support.ConstructorResolver.createArgumentArray(ConstructorResolver.java:804)
	at org.springframework.beans.factory.support.ConstructorResolver.autowireConstructor(ConstructorResolver.java:240)
	at org.springframework.beans.factory.support.AbstractAutowireCapableBeanFactory.autowireConstructor(AbstractAutowireCapableBeanFactory.java:1395)
	at org.springframework.beans.factory.support.AbstractAutowireCapableBeanFactory.createBeanInstance(AbstractAutowireCapableBeanFactory.java:1232)
	at org.springframework.beans.factory.support.AbstractAutowireCapableBeanFactory.doCreateBean(AbstractAutowireCapableBeanFactory.java:569)
	at org.springframework.beans.factory.support.AbstractAutowireCapableBeanFactory.createBean(AbstractAutowireCapableBeanFactory.java:529)
	at org.springframework.beans.factory.support.AbstractBeanFactory.lambda$doGetBean$0(AbstractBeanFactory.java:339)
	at org.springframework.beans.factory.support.DefaultSingletonBeanRegistry.getSingleton(DefaultSingletonBeanRegistry.java:373)
	at org.springframework.beans.factory.support.AbstractBeanFactory.doGetBean(AbstractBeanFactory.java:337)
	at org.springframework.beans.factory.support.AbstractBeanFactory.getBean(AbstractBeanFactory.java:207)
	at org.springframework.boot.web.servlet.ServletContextInitializerBeans.getOrderedBeansOfType(ServletContextInitializerBeans.java:230)
	at org.springframework.boot.web.servlet.ServletContextInitializerBeans.addAsRegistrationBean(ServletContextInitializerBeans.java:184)
	at org.springframework.boot.web.servlet.ServletContextInitializerBeans.addAsRegistrationBean(ServletContextInitializerBeans.java:179)
	at org.springframework.boot.web.servlet.ServletContextInitializerBeans.addAdaptableBeans(ServletContextInitializerBeans.java:164)
	at org.springframework.boot.web.servlet.ServletContextInitializerBeans.<init>(ServletContextInitializerBeans.java:96)
	at org.springframework.boot.web.servlet.context.ServletWebServerApplicationContext.getServletContextInitializerBeans(ServletWebServerApplicationContext.java:271)
	at org.springframework.boot.web.servlet.context.ServletWebServerApplicationContext.selfInitialize(ServletWebServerApplicationContext.java:245)
	at org.springframework.boot.web.embedded.tomcat.TomcatStarter.onStartup(TomcatStarter.java:52)
	at org.apache.catalina.core.StandardContext.startInternal(StandardContext.java:4452)
	at org.apache.catalina.util.LifecycleBase.start(LifecycleBase.java:164)
	at org.apache.catalina.core.ContainerBase$StartChild.call(ContainerBase.java:1201)
	at org.apache.catalina.core.ContainerBase$StartChild.call(ContainerBase.java:1191)
	at java.base/java.util.concurrent.FutureTask.run(FutureTask.java:317)
	at org.apache.tomcat.util.threads.InlineExecutorService.execute(InlineExecutorService.java:81)
	at java.base/java.util.concurrent.AbstractExecutorService.submit(AbstractExecutorService.java:145)
	at org.apache.catalina.core.ContainerBase.startInternal(ContainerBase.java:747)
	at org.apache.catalina.core.StandardHost.startInternal(StandardHost.java:770)
	at org.apache.catalina.util.LifecycleBase.start(LifecycleBase.java:164)
	at org.apache.catalina.core.ContainerBase$StartChild.call(ContainerBase.java:1201)
	at org.apache.catalina.core.ContainerBase$StartChild.call(ContainerBase.java:1191)
	at java.base/java.util.concurrent.FutureTask.run(FutureTask.java:317)
	at org.apache.tomcat.util.threads.InlineExecutorService.execute(InlineExecutorService.java:81)
	at java.base/java.util.concurrent.AbstractExecutorService.submit(AbstractExecutorService.java:145)
	at org.apache.catalina.core.ContainerBase.startInternal(ContainerBase.java:747)
	at org.apache.catalina.core.StandardEngine.startInternal(StandardEngine.java:201)
	at org.apache.catalina.util.LifecycleBase.start(LifecycleBase.java:164)
	at org.apache.catalina.core.StandardService.startInternal(StandardService.java:410)
	at org.apache.catalina.util.LifecycleBase.start(LifecycleBase.java:164)
	at org.apache.catalina.core.StandardServer.startInternal(StandardServer.java:868)
	at org.apache.catalina.util.LifecycleBase.start(LifecycleBase.java:164)
	at org.apache.catalina.startup.Tomcat.start(Tomcat.java:436)
	at org.springframework.boot.web.embedded.tomcat.TomcatWebServer.initialize(TomcatWebServer.java:128)
	... 16 common frames omitted
Caused by: org.springframework.beans.factory.UnsatisfiedDependencyException: Error creating bean with name 'customUserDetailsService' defined in file [D:\Projects\TaskApp\target\classes\com\pm\taskapp\auth\service\impl\CustomUserDetailsService.class]: Unsatisfied dependency expressed through constructor parameter 0: Error creating bean with name 'userRepository' defined in com.pm.taskapp.auth.repository.UserRepository defined in @EnableJpaRepositories declared on JpaRepositoriesRegistrar.EnableJpaRepositoriesConfiguration: Cannot resolve reference to bean 'jpaSharedEM_entityManagerFactory' while setting bean property 'entityManager'
	at org.springframework.beans.factory.support.ConstructorResolver.createArgumentArray(ConstructorResolver.java:804)
	at org.springframework.beans.factory.support.ConstructorResolver.autowireConstructor(ConstructorResolver.java:240)
	at org.springframework.beans.factory.support.AbstractAutowireCapableBeanFactory.autowireConstructor(AbstractAutowireCapableBeanFactory.java:1395)
	at org.springframework.beans.factory.support.AbstractAutowireCapableBeanFactory.createBeanInstance(AbstractAutowireCapableBeanFactory.java:1232)
	at org.springframework.beans.factory.support.AbstractAutowireCapableBeanFactory.doCreateBean(AbstractAutowireCapableBeanFactory.java:569)
	at org.springframework.beans.factory.support.AbstractAutowireCapableBeanFactory.createBean(AbstractAutowireCapableBeanFactory.java:529)
	at org.springframework.beans.factory.support.AbstractBeanFactory.lambda$doGetBean$0(AbstractBeanFactory.java:339)
	at org.springframework.beans.factory.support.DefaultSingletonBeanRegistry.getSingleton(DefaultSingletonBeanRegistry.java:373)
	at org.springframework.beans.factory.support.AbstractBeanFactory.doGetBean(AbstractBeanFactory.java:337)
	at org.springframework.beans.factory.support.AbstractBeanFactory.getBean(AbstractBeanFactory.java:202)
	at org.springframework.beans.factory.support.DefaultListableBeanFactory.doResolveDependency(DefaultListableBeanFactory.java:1708)
	at org.springframework.beans.factory.support.DefaultListableBeanFactory.resolveDependency(DefaultListableBeanFactory.java:1653)
	at org.springframework.beans.factory.support.ConstructorResolver.resolveAutowiredArgument(ConstructorResolver.java:913)
	at org.springframework.beans.factory.support.ConstructorResolver.createArgumentArray(ConstructorResolver.java:791)
	... 57 common frames omitted
Caused by: org.springframework.beans.factory.BeanCreationException: Error creating bean with name 'userRepository' defined in com.pm.taskapp.auth.repository.UserRepository defined in @EnableJpaRepositories declared on JpaRepositoriesRegistrar.EnableJpaRepositoriesConfiguration: Cannot resolve reference to bean 'jpaSharedEM_entityManagerFactory' while setting bean property 'entityManager'
	at org.springframework.beans.factory.support.BeanDefinitionValueResolver.resolveReference(BeanDefinitionValueResolver.java:377)
	at org.springframework.beans.factory.support.BeanDefinitionValueResolver.resolveValueIfNecessary(BeanDefinitionValueResolver.java:135)
	at org.springframework.beans.factory.support.AbstractAutowireCapableBeanFactory.applyPropertyValues(AbstractAutowireCapableBeanFactory.java:1725)
	at org.springframework.beans.factory.support.AbstractAutowireCapableBeanFactory.populateBean(AbstractAutowireCapableBeanFactory.java:1474)
	at org.springframework.beans.factory.support.AbstractAutowireCapableBeanFactory.doCreateBean(AbstractAutowireCapableBeanFactory.java:606)
	at org.springframework.beans.factory.support.AbstractAutowireCapableBeanFactory.createBean(AbstractAutowireCapableBeanFactory.java:529)
	at org.springframework.beans.factory.support.AbstractBeanFactory.lambda$doGetBean$0(AbstractBeanFactory.java:339)
	at org.springframework.beans.factory.support.DefaultSingletonBeanRegistry.getSingleton(DefaultSingletonBeanRegistry.java:373)
	at org.springframework.beans.factory.support.AbstractBeanFactory.doGetBean(AbstractBeanFactory.java:337)
	at org.springframework.beans.factory.support.AbstractBeanFactory.getBean(AbstractBeanFactory.java:202)
	at org.springframework.beans.factory.support.DefaultListableBeanFactory.doResolveDependency(DefaultListableBeanFactory.java:1708)
	at org.springframework.beans.factory.support.DefaultListableBeanFactory.resolveDependency(DefaultListableBeanFactory.java:1653)
	at org.springframework.beans.factory.support.ConstructorResolver.resolveAutowiredArgument(ConstructorResolver.java:913)
	at org.springframework.beans.factory.support.ConstructorResolver.createArgumentArray(ConstructorResolver.java:791)
	... 70 common frames omitted
Caused by: org.springframework.beans.factory.BeanCreationException: Error creating bean with name 'jpaSharedEM_entityManagerFactory': Cannot resolve reference to bean 'entityManagerFactory' while setting constructor argument
	at org.springframework.beans.factory.support.BeanDefinitionValueResolver.resolveReference(BeanDefinitionValueResolver.java:377)
	at org.springframework.beans.factory.support.BeanDefinitionValueResolver.resolveValueIfNecessary(BeanDefinitionValueResolver.java:135)
	at org.springframework.beans.factory.support.ConstructorResolver.resolveConstructorArguments(ConstructorResolver.java:691)
	at org.springframework.beans.factory.support.ConstructorResolver.instantiateUsingFactoryMethod(ConstructorResolver.java:513)
	at org.springframework.beans.factory.support.AbstractAutowireCapableBeanFactory.instantiateUsingFactoryMethod(AbstractAutowireCapableBeanFactory.java:1375)
	at org.springframework.beans.factory.support.AbstractAutowireCapableBeanFactory.createBeanInstance(AbstractAutowireCapableBeanFactory.java:1205)
	at org.springframework.beans.factory.support.AbstractAutowireCapableBeanFactory.doCreateBean(AbstractAutowireCapableBeanFactory.java:569)
	at org.springframework.beans.factory.support.AbstractAutowireCapableBeanFactory.createBean(AbstractAutowireCapableBeanFactory.java:529)
	at org.springframework.beans.factory.support.AbstractBeanFactory.lambda$doGetBean$0(AbstractBeanFactory.java:339)
	at org.springframework.beans.factory.support.DefaultSingletonBeanRegistry.getSingleton(DefaultSingletonBeanRegistry.java:373)
	at org.springframework.beans.factory.support.AbstractBeanFactory.doGetBean(AbstractBeanFactory.java:337)
	at org.springframework.beans.factory.support.AbstractBeanFactory.getBean(AbstractBeanFactory.java:202)
	at org.springframework.beans.factory.support.BeanDefinitionValueResolver.resolveReference(BeanDefinitionValueResolver.java:365)
	... 83 common frames omitted
Caused by: org.springframework.beans.factory.BeanCreationException: Error creating bean with name 'flywayInitializer' defined in class path resource [org/springframework/boot/autoconfigure/flyway/FlywayAutoConfiguration$FlywayConfiguration.class]: Validate failed: Migrations have failed validation
Migration checksum mismatch for migration version 9
-> Applied to database : 0
-> Resolved locally    : 437553242
Either revert the changes to the migration, or run repair to update the schema history.
Need more flexibility with validation rules? Learn more: https://rd.gt/3AbJUZE
	at org.springframework.beans.factory.support.AbstractAutowireCapableBeanFactory.initializeBean(AbstractAutowireCapableBeanFactory.java:1826)
	at org.springframework.beans.factory.support.AbstractAutowireCapableBeanFactory.doCreateBean(AbstractAutowireCapableBeanFactory.java:607)
	at org.springframework.beans.factory.support.AbstractAutowireCapableBeanFactory.createBean(AbstractAutowireCapableBeanFactory.java:529)
	at org.springframework.beans.factory.support.AbstractBeanFactory.lambda$doGetBean$0(AbstractBeanFactory.java:339)
	at org.springframework.beans.factory.support.DefaultSingletonBeanRegistry.getSingleton(DefaultSingletonBeanRegistry.java:373)
	at org.springframework.beans.factory.support.AbstractBeanFactory.doGetBean(AbstractBeanFactory.java:337)
	at org.springframework.beans.factory.support.AbstractBeanFactory.getBean(AbstractBeanFactory.java:202)
	at org.springframework.beans.factory.support.AbstractBeanFactory.doGetBean(AbstractBeanFactory.java:315)
	at org.springframework.beans.factory.support.AbstractBeanFactory.getBean(AbstractBeanFactory.java:202)
	at org.springframework.beans.factory.support.BeanDefinitionValueResolver.resolveReference(BeanDefinitionValueResolver.java:365)
	... 95 common frames omitted
Caused by: org.flywaydb.core.api.exception.FlywayValidateException: Validate failed: Migrations have failed validation
Migration checksum mismatch for migration version 9
-> Applied to database : 0
-> Resolved locally    : 437553242
Either revert the changes to the migration, or run repair to update the schema history.
Need more flexibility with validation rules? Learn more: https://rd.gt/3AbJUZE
	at org.flywaydb.core.Flyway.lambda$migrate$1(Flyway.java:201)
	at org.flywaydb.core.FlywayExecutor.execute(FlywayExecutor.java:210)
	at org.flywaydb.core.Flyway.migrate(Flyway.java:188)
	at org.springframework.boot.autoconfigure.flyway.FlywayMigrationInitializer.afterPropertiesSet(FlywayMigrationInitializer.java:66)
	at org.springframework.beans.factory.support.AbstractAutowireCapableBeanFactory.invokeInitMethods(AbstractAutowireCapableBeanFactory.java:1873)
	at org.springframework.beans.factory.support.AbstractAutowireCapableBeanFactory.initializeBean(AbstractAutowireCapableBeanFactory.java:1822)
	... 104 common frames omitted
2025-12-04 00:12:03 [restartedMain] INFO  com.pm.taskapp.TaskAppApplication - Starting TaskAppApplication using Java 21.0.8 with PID 16472 (D:\Projects\TaskApp\target\classes started by Rajkumar in D:\Projects\TaskApp)
2025-12-04 00:12:03 [restartedMain] DEBUG com.pm.taskapp.TaskAppApplication - Running with Spring Boot v3.5.7, Spring v6.2.12
2025-12-04 00:12:03 [restartedMain] INFO  com.pm.taskapp.TaskAppApplication - The following 1 profile is active: "dev"
2025-12-04 00:12:03 [restartedMain] INFO  o.s.b.d.e.DevToolsPropertyDefaultsPostProcessor - Devtools property defaults active! Set 'spring.devtools.add-properties' to 'false' to disable
2025-12-04 00:12:03 [restartedMain] INFO  o.s.b.d.e.DevToolsPropertyDefaultsPostProcessor - For additional web related logging consider setting the 'logging.level.web' property to 'DEBUG'
2025-12-04 00:12:06 [restartedMain] INFO  o.s.d.r.c.RepositoryConfigurationDelegate - Bootstrapping Spring Data JPA repositories in DEFAULT mode.
2025-12-04 00:12:06 [restartedMain] INFO  o.s.d.r.c.RepositoryConfigurationDelegate - Finished Spring Data repository scanning in 198 ms. Found 7 JPA repository interfaces.
2025-12-04 00:12:09 [restartedMain] INFO  o.s.b.w.e.tomcat.TomcatWebServer - Tomcat initialized with port 8080 (http)
2025-12-04 00:12:09 [restartedMain] INFO  o.a.catalina.core.StandardService - Starting service [Tomcat]
2025-12-04 00:12:09 [restartedMain] INFO  o.a.catalina.core.StandardEngine - Starting Servlet engine: [Apache Tomcat/10.1.48]
2025-12-04 00:12:09 [restartedMain] INFO  o.a.c.c.C.[Tomcat].[localhost].[/] - Initializing Spring embedded WebApplicationContext
2025-12-04 00:12:09 [restartedMain] INFO  o.s.b.w.s.c.ServletWebServerApplicationContext - Root WebApplicationContext: initialization completed in 6230 ms
2025-12-04 00:12:11 [restartedMain] INFO  com.zaxxer.hikari.HikariDataSource - HikariPool-1 - Starting...
2025-12-04 00:12:11 [restartedMain] INFO  com.zaxxer.hikari.pool.HikariPool - HikariPool-1 - Added connection org.postgresql.jdbc.PgConnection@5aa67f91
2025-12-04 00:12:11 [restartedMain] INFO  com.zaxxer.hikari.HikariDataSource - HikariPool-1 - Start completed.
2025-12-04 00:12:11 [restartedMain] INFO  org.flywaydb.core.FlywayExecutor - Database: jdbc:postgresql://localhost:5432/taskapp?TimeZone=Asia/Kolkata (PostgreSQL 15.15)
2025-12-04 00:12:11 [restartedMain] INFO  o.f.core.internal.command.DbValidate - Successfully validated 9 migrations (execution time 00:00.112s)
2025-12-04 00:12:11 [restartedMain] INFO  o.f.core.internal.command.DbMigrate - Current version of schema "public": 8
2025-12-04 00:12:11 [restartedMain] INFO  o.f.core.internal.command.DbMigrate - Migrating schema "public" to version "9 - remove workflows"
2025-12-04 00:12:11 [restartedMain] INFO  o.f.c.i.s.DefaultSqlScriptExecutor - DB: Dropped table: workflow_transitions
2025-12-04 00:12:12 [restartedMain] INFO  o.f.c.i.s.DefaultSqlScriptExecutor - DB: drop cascades to constraint issues_status_fkey on table issues
2025-12-04 00:12:12 [restartedMain] INFO  o.f.c.i.s.DefaultSqlScriptExecutor - DB: Dropped table: workflow_statuses
2025-12-04 00:12:12 [restartedMain] INFO  o.f.c.i.s.DefaultSqlScriptExecutor - DB: Dropped table: workflows
2025-12-04 00:12:12 [restartedMain] ERROR o.f.core.internal.command.DbMigrate - Migration of schema "public" to version "9 - remove workflows" failed! Changes successfully rolled back.
2025-12-04 00:12:12 [restartedMain] ERROR o.s.b.w.e.tomcat.TomcatStarter - Error starting Tomcat context. Exception: org.springframework.beans.factory.UnsatisfiedDependencyException. Message: Error creating bean with name 'jwtAuthenticationFilter' defined in file [D:\Projects\TaskApp\target\classes\com\pm\taskapp\auth\security\JwtAuthenticationFilter.class]: Unsatisfied dependency expressed through constructor parameter 1: Error creating bean with name 'customUserDetailsService' defined in file [D:\Projects\TaskApp\target\classes\com\pm\taskapp\auth\service\impl\CustomUserDetailsService.class]: Unsatisfied dependency expressed through constructor parameter 0: Error creating bean with name 'userRepository' defined in com.pm.taskapp.auth.repository.UserRepository defined in @EnableJpaRepositories declared on JpaRepositoriesRegistrar.EnableJpaRepositoriesConfiguration: Cannot resolve reference to bean 'jpaSharedEM_entityManagerFactory' while setting bean property 'entityManager'
2025-12-04 00:12:12 [restartedMain] INFO  o.a.catalina.core.StandardService - Stopping service [Tomcat]
2025-12-04 00:12:12 [restartedMain] WARN  o.a.c.loader.WebappClassLoaderBase - The web application [ROOT] appears to have started a thread named [HikariPool-1:housekeeper] but has failed to stop it. This is very likely to create a memory leak. Stack trace of thread:
 java.base/jdk.internal.misc.Unsafe.park(Native Method)
 java.base/java.util.concurrent.locks.LockSupport.parkNanos(LockSupport.java:269)
 java.base/java.util.concurrent.locks.AbstractQueuedSynchronizer$ConditionObject.awaitNanos(AbstractQueuedSynchronizer.java:1763)
 java.base/java.util.concurrent.ScheduledThreadPoolExecutor$DelayedWorkQueue.take(ScheduledThreadPoolExecutor.java:1182)
 java.base/java.util.concurrent.ScheduledThreadPoolExecutor$DelayedWorkQueue.take(ScheduledThreadPoolExecutor.java:899)
 java.base/java.util.concurrent.ThreadPoolExecutor.getTask(ThreadPoolExecutor.java:1070)
 java.base/java.util.concurrent.ThreadPoolExecutor.runWorker(ThreadPoolExecutor.java:1130)
 java.base/java.util.concurrent.ThreadPoolExecutor$Worker.run(ThreadPoolExecutor.java:642)
 java.base/java.lang.Thread.run(Thread.java:1583)
2025-12-04 00:12:12 [restartedMain] WARN  o.a.c.loader.WebappClassLoaderBase - The web application [ROOT] appears to have started a thread named [HikariPool-1:connection-adder] but has failed to stop it. This is very likely to create a memory leak. Stack trace of thread:
 java.base/jdk.internal.misc.Unsafe.convEndian(Unsafe.java:3818)
 java.base/jdk.internal.misc.Unsafe.getIntUnaligned(Unsafe.java:3575)
 java.base/java.lang.invoke.VarHandleByteArrayAsInts$ArrayHandle.get(VarHandleByteArrayAsInts.java:116)
 java.base/sun.security.provider.ByteArrayAccess.b2iBig64(ByteArrayAccess.java:113)
 java.base/sun.security.provider.SHA2.implCompress0(SHA2.java:157)
 java.base/sun.security.provider.SHA2.implCompress(SHA2.java:135)
 java.base/sun.security.provider.DigestBase.implCompressMultiBlock0(DigestBase.java:149)
 java.base/sun.security.provider.DigestBase.implCompressMultiBlock(DigestBase.java:143)
 java.base/sun.security.provider.DigestBase.engineUpdate(DigestBase.java:130)
 java.base/java.security.MessageDigest$Delegate.engineUpdate(MessageDigest.java:653)
 java.base/java.security.MessageDigest.update(MessageDigest.java:357)
 java.base/com.sun.crypto.provider.HmacCore.engineUpdate(HmacCore.java:193)
 java.base/javax.crypto.Mac.update(Mac.java:504)
 java.base/com.sun.crypto.provider.PBKDF2KeyImpl.deriveKey(PBKDF2KeyImpl.java:199)
 java.base/com.sun.crypto.provider.PBKDF2KeyImpl.<init>(PBKDF2KeyImpl.java:114)
 java.base/com.sun.crypto.provider.PBKDF2Core.engineGenerateSecret(PBKDF2Core.java:68)
 java.base/javax.crypto.SecretKeyFactory.generateSecret(SecretKeyFactory.java:339)
 org.postgresql.shaded.com.ongres.scram.common.util.CryptoUtil.hi(CryptoUtil.java:120)
 org.postgresql.shaded.com.ongres.scram.common.ScramMechanisms.saltedPassword(ScramMechanisms.java:154)
 org.postgresql.shaded.com.ongres.scram.common.ScramFunctions.saltedPassword(ScramFunctions.java:59)
 org.postgresql.shaded.com.ongres.scram.client.ScramSession$ClientFinalProcessor.<init>(ScramSession.java:196)
 org.postgresql.shaded.com.ongres.scram.client.ScramSession$ClientFinalProcessor.<init>(ScramSession.java:163)
 org.postgresql.shaded.com.ongres.scram.client.ScramSession$ServerFirstProcessor.clientFinalProcessor(ScramSession.java:130)
 org.postgresql.jre7.sasl.ScramAuthenticator.processServerFirstMessage(ScramAuthenticator.java:147)
 org.postgresql.core.v3.ConnectionFactoryImpl.doAuthentication(ConnectionFactoryImpl.java:863)
 org.postgresql.core.v3.ConnectionFactoryImpl.tryConnect(ConnectionFactoryImpl.java:203)
 org.postgresql.core.v3.ConnectionFactoryImpl.openConnectionImpl(ConnectionFactoryImpl.java:258)
 org.postgresql.core.ConnectionFactory.openConnection(ConnectionFactory.java:54)
 org.postgresql.jdbc.PgConnection.<init>(PgConnection.java:263)
 org.postgresql.Driver.makeConnection(Driver.java:443)
 org.postgresql.Driver.connect(Driver.java:297)
 com.zaxxer.hikari.util.DriverDataSource.getConnection(DriverDataSource.java:144)
 com.zaxxer.hikari.pool.PoolBase.newConnection(PoolBase.java:370)
 com.zaxxer.hikari.pool.PoolBase.newPoolEntry(PoolBase.java:207)
 com.zaxxer.hikari.pool.HikariPool.createPoolEntry(HikariPool.java:488)
 com.zaxxer.hikari.pool.HikariPool$PoolEntryCreator.call(HikariPool.java:752)
 com.zaxxer.hikari.pool.HikariPool$PoolEntryCreator.call(HikariPool.java:731)
 java.base/java.util.concurrent.FutureTask.run(FutureTask.java:317)
 java.base/java.util.concurrent.ThreadPoolExecutor.runWorker(ThreadPoolExecutor.java:1144)
 java.base/java.util.concurrent.ThreadPoolExecutor$Worker.run(ThreadPoolExecutor.java:642)
 java.base/java.lang.Thread.run(Thread.java:1583)
2025-12-04 00:12:12 [restartedMain] WARN  o.s.b.w.s.c.AnnotationConfigServletWebServerApplicationContext - Exception encountered during context initialization - cancelling refresh attempt: org.springframework.context.ApplicationContextException: Unable to start web server
2025-12-04 00:12:12 [restartedMain] INFO  com.zaxxer.hikari.HikariDataSource - HikariPool-1 - Shutdown initiated...
2025-12-04 00:12:12 [restartedMain] INFO  com.zaxxer.hikari.HikariDataSource - HikariPool-1 - Shutdown completed.
2025-12-04 00:12:12 [restartedMain] INFO  o.s.b.a.l.ConditionEvaluationReportLogger - 

Error starting ApplicationContext. To display the condition evaluation report re-run your application with 'debug' enabled.
2025-12-04 00:12:13 [restartedMain] ERROR o.s.boot.SpringApplication - Application run failed
org.springframework.context.ApplicationContextException: Unable to start web server
	at org.springframework.boot.web.servlet.context.ServletWebServerApplicationContext.onRefresh(ServletWebServerApplicationContext.java:170)
	at org.springframework.context.support.AbstractApplicationContext.refresh(AbstractApplicationContext.java:621)
	at org.springframework.boot.web.servlet.context.ServletWebServerApplicationContext.refresh(ServletWebServerApplicationContext.java:146)
	at org.springframework.boot.SpringApplication.refresh(SpringApplication.java:752)
	at org.springframework.boot.SpringApplication.refreshContext(SpringApplication.java:439)
	at org.springframework.boot.SpringApplication.run(SpringApplication.java:318)
	at org.springframework.boot.SpringApplication.run(SpringApplication.java:1361)
	at org.springframework.boot.SpringApplication.run(SpringApplication.java:1350)
	at com.pm.taskapp.TaskAppApplication.main(TaskAppApplication.java:15)
	at java.base/jdk.internal.reflect.DirectMethodHandleAccessor.invoke(DirectMethodHandleAccessor.java:103)
	at java.base/java.lang.reflect.Method.invoke(Method.java:580)
	at org.springframework.boot.devtools.restart.RestartLauncher.run(RestartLauncher.java:50)
Caused by: org.springframework.boot.web.server.WebServerException: Unable to start embedded Tomcat
	at org.springframework.boot.web.embedded.tomcat.TomcatWebServer.initialize(TomcatWebServer.java:147)
	at org.springframework.boot.web.embedded.tomcat.TomcatWebServer.<init>(TomcatWebServer.java:107)
	at org.springframework.boot.web.embedded.tomcat.TomcatServletWebServerFactory.getTomcatWebServer(TomcatServletWebServerFactory.java:517)
	at org.springframework.boot.web.embedded.tomcat.TomcatServletWebServerFactory.getWebServer(TomcatServletWebServerFactory.java:219)
	at org.springframework.boot.web.servlet.context.ServletWebServerApplicationContext.createWebServer(ServletWebServerApplicationContext.java:193)
	at org.springframework.boot.web.servlet.context.ServletWebServerApplicationContext.onRefresh(ServletWebServerApplicationContext.java:167)
	... 11 common frames omitted
Caused by: org.springframework.beans.factory.UnsatisfiedDependencyException: Error creating bean with name 'jwtAuthenticationFilter' defined in file [D:\Projects\TaskApp\target\classes\com\pm\taskapp\auth\security\JwtAuthenticationFilter.class]: Unsatisfied dependency expressed through constructor parameter 1: Error creating bean with name 'customUserDetailsService' defined in file [D:\Projects\TaskApp\target\classes\com\pm\taskapp\auth\service\impl\CustomUserDetailsService.class]: Unsatisfied dependency expressed through constructor parameter 0: Error creating bean with name 'userRepository' defined in com.pm.taskapp.auth.repository.UserRepository defined in @EnableJpaRepositories declared on JpaRepositoriesRegistrar.EnableJpaRepositoriesConfiguration: Cannot resolve reference to bean 'jpaSharedEM_entityManagerFactory' while setting bean property 'entityManager'
	at org.springframework.beans.factory.support.ConstructorResolver.createArgumentArray(ConstructorResolver.java:804)
	at org.springframework.beans.factory.support.ConstructorResolver.autowireConstructor(ConstructorResolver.java:240)
	at org.springframework.beans.factory.support.AbstractAutowireCapableBeanFactory.autowireConstructor(AbstractAutowireCapableBeanFactory.java:1395)
	at org.springframework.beans.factory.support.AbstractAutowireCapableBeanFactory.createBeanInstance(AbstractAutowireCapableBeanFactory.java:1232)
	at org.springframework.beans.factory.support.AbstractAutowireCapableBeanFactory.doCreateBean(AbstractAutowireCapableBeanFactory.java:569)
	at org.springframework.beans.factory.support.AbstractAutowireCapableBeanFactory.createBean(AbstractAutowireCapableBeanFactory.java:529)
	at org.springframework.beans.factory.support.AbstractBeanFactory.lambda$doGetBean$0(AbstractBeanFactory.java:339)
	at org.springframework.beans.factory.support.DefaultSingletonBeanRegistry.getSingleton(DefaultSingletonBeanRegistry.java:373)
	at org.springframework.beans.factory.support.AbstractBeanFactory.doGetBean(AbstractBeanFactory.java:337)
	at org.springframework.beans.factory.support.AbstractBeanFactory.getBean(AbstractBeanFactory.java:207)
	at org.springframework.boot.web.servlet.ServletContextInitializerBeans.getOrderedBeansOfType(ServletContextInitializerBeans.java:230)
	at org.springframework.boot.web.servlet.ServletContextInitializerBeans.addAsRegistrationBean(ServletContextInitializerBeans.java:184)
	at org.springframework.boot.web.servlet.ServletContextInitializerBeans.addAsRegistrationBean(ServletContextInitializerBeans.java:179)
	at org.springframework.boot.web.servlet.ServletContextInitializerBeans.addAdaptableBeans(ServletContextInitializerBeans.java:164)
	at org.springframework.boot.web.servlet.ServletContextInitializerBeans.<init>(ServletContextInitializerBeans.java:96)
	at org.springframework.boot.web.servlet.context.ServletWebServerApplicationContext.getServletContextInitializerBeans(ServletWebServerApplicationContext.java:271)
	at org.springframework.boot.web.servlet.context.ServletWebServerApplicationContext.selfInitialize(ServletWebServerApplicationContext.java:245)
	at org.springframework.boot.web.embedded.tomcat.TomcatStarter.onStartup(TomcatStarter.java:52)
	at org.apache.catalina.core.StandardContext.startInternal(StandardContext.java:4452)
	at org.apache.catalina.util.LifecycleBase.start(LifecycleBase.java:164)
	at org.apache.catalina.core.ContainerBase$StartChild.call(ContainerBase.java:1201)
	at org.apache.catalina.core.ContainerBase$StartChild.call(ContainerBase.java:1191)
	at java.base/java.util.concurrent.FutureTask.run(FutureTask.java:317)
	at org.apache.tomcat.util.threads.InlineExecutorService.execute(InlineExecutorService.java:81)
	at java.base/java.util.concurrent.AbstractExecutorService.submit(AbstractExecutorService.java:145)
	at org.apache.catalina.core.ContainerBase.startInternal(ContainerBase.java:747)
	at org.apache.catalina.core.StandardHost.startInternal(StandardHost.java:770)
	at org.apache.catalina.util.LifecycleBase.start(LifecycleBase.java:164)
	at org.apache.catalina.core.ContainerBase$StartChild.call(ContainerBase.java:1201)
	at org.apache.catalina.core.ContainerBase$StartChild.call(ContainerBase.java:1191)
	at java.base/java.util.concurrent.FutureTask.run(FutureTask.java:317)
	at org.apache.tomcat.util.threads.InlineExecutorService.execute(InlineExecutorService.java:81)
	at java.base/java.util.concurrent.AbstractExecutorService.submit(AbstractExecutorService.java:145)
	at org.apache.catalina.core.ContainerBase.startInternal(ContainerBase.java:747)
	at org.apache.catalina.core.StandardEngine.startInternal(StandardEngine.java:201)
	at org.apache.catalina.util.LifecycleBase.start(LifecycleBase.java:164)
	at org.apache.catalina.core.StandardService.startInternal(StandardService.java:410)
	at org.apache.catalina.util.LifecycleBase.start(LifecycleBase.java:164)
	at org.apache.catalina.core.StandardServer.startInternal(StandardServer.java:868)
	at org.apache.catalina.util.LifecycleBase.start(LifecycleBase.java:164)
	at org.apache.catalina.startup.Tomcat.start(Tomcat.java:436)
	at org.springframework.boot.web.embedded.tomcat.TomcatWebServer.initialize(TomcatWebServer.java:128)
	... 16 common frames omitted
Caused by: org.springframework.beans.factory.UnsatisfiedDependencyException: Error creating bean with name 'customUserDetailsService' defined in file [D:\Projects\TaskApp\target\classes\com\pm\taskapp\auth\service\impl\CustomUserDetailsService.class]: Unsatisfied dependency expressed through constructor parameter 0: Error creating bean with name 'userRepository' defined in com.pm.taskapp.auth.repository.UserRepository defined in @EnableJpaRepositories declared on JpaRepositoriesRegistrar.EnableJpaRepositoriesConfiguration: Cannot resolve reference to bean 'jpaSharedEM_entityManagerFactory' while setting bean property 'entityManager'
	at org.springframework.beans.factory.support.ConstructorResolver.createArgumentArray(ConstructorResolver.java:804)
	at org.springframework.beans.factory.support.ConstructorResolver.autowireConstructor(ConstructorResolver.java:240)
	at org.springframework.beans.factory.support.AbstractAutowireCapableBeanFactory.autowireConstructor(AbstractAutowireCapableBeanFactory.java:1395)
	at org.springframework.beans.factory.support.AbstractAutowireCapableBeanFactory.createBeanInstance(AbstractAutowireCapableBeanFactory.java:1232)
	at org.springframework.beans.factory.support.AbstractAutowireCapableBeanFactory.doCreateBean(AbstractAutowireCapableBeanFactory.java:569)
	at org.springframework.beans.factory.support.AbstractAutowireCapableBeanFactory.createBean(AbstractAutowireCapableBeanFactory.java:529)
	at org.springframework.beans.factory.support.AbstractBeanFactory.lambda$doGetBean$0(AbstractBeanFactory.java:339)
	at org.springframework.beans.factory.support.DefaultSingletonBeanRegistry.getSingleton(DefaultSingletonBeanRegistry.java:373)
	at org.springframework.beans.factory.support.AbstractBeanFactory.doGetBean(AbstractBeanFactory.java:337)
	at org.springframework.beans.factory.support.AbstractBeanFactory.getBean(AbstractBeanFactory.java:202)
	at org.springframework.beans.factory.support.DefaultListableBeanFactory.doResolveDependency(DefaultListableBeanFactory.java:1708)
	at org.springframework.beans.factory.support.DefaultListableBeanFactory.resolveDependency(DefaultListableBeanFactory.java:1653)
	at org.springframework.beans.factory.support.ConstructorResolver.resolveAutowiredArgument(ConstructorResolver.java:913)
	at org.springframework.beans.factory.support.ConstructorResolver.createArgumentArray(ConstructorResolver.java:791)
	... 57 common frames omitted
Caused by: org.springframework.beans.factory.BeanCreationException: Error creating bean with name 'userRepository' defined in com.pm.taskapp.auth.repository.UserRepository defined in @EnableJpaRepositories declared on JpaRepositoriesRegistrar.EnableJpaRepositoriesConfiguration: Cannot resolve reference to bean 'jpaSharedEM_entityManagerFactory' while setting bean property 'entityManager'
	at org.springframework.beans.factory.support.BeanDefinitionValueResolver.resolveReference(BeanDefinitionValueResolver.java:377)
	at org.springframework.beans.factory.support.BeanDefinitionValueResolver.resolveValueIfNecessary(BeanDefinitionValueResolver.java:135)
	at org.springframework.beans.factory.support.AbstractAutowireCapableBeanFactory.applyPropertyValues(AbstractAutowireCapableBeanFactory.java:1725)
	at org.springframework.beans.factory.support.AbstractAutowireCapableBeanFactory.populateBean(AbstractAutowireCapableBeanFactory.java:1474)
	at org.springframework.beans.factory.support.AbstractAutowireCapableBeanFactory.doCreateBean(AbstractAutowireCapableBeanFactory.java:606)
	at org.springframework.beans.factory.support.AbstractAutowireCapableBeanFactory.createBean(AbstractAutowireCapableBeanFactory.java:529)
	at org.springframework.beans.factory.support.AbstractBeanFactory.lambda$doGetBean$0(AbstractBeanFactory.java:339)
	at org.springframework.beans.factory.support.DefaultSingletonBeanRegistry.getSingleton(DefaultSingletonBeanRegistry.java:373)
	at org.springframework.beans.factory.support.AbstractBeanFactory.doGetBean(AbstractBeanFactory.java:337)
	at org.springframework.beans.factory.support.AbstractBeanFactory.getBean(AbstractBeanFactory.java:202)
	at org.springframework.beans.factory.support.DefaultListableBeanFactory.doResolveDependency(DefaultListableBeanFactory.java:1708)
	at org.springframework.beans.factory.support.DefaultListableBeanFactory.resolveDependency(DefaultListableBeanFactory.java:1653)
	at org.springframework.beans.factory.support.ConstructorResolver.resolveAutowiredArgument(ConstructorResolver.java:913)
	at org.springframework.beans.factory.support.ConstructorResolver.createArgumentArray(ConstructorResolver.java:791)
	... 70 common frames omitted
Caused by: org.springframework.beans.factory.BeanCreationException: Error creating bean with name 'jpaSharedEM_entityManagerFactory': Cannot resolve reference to bean 'entityManagerFactory' while setting constructor argument
	at org.springframework.beans.factory.support.BeanDefinitionValueResolver.resolveReference(BeanDefinitionValueResolver.java:377)
	at org.springframework.beans.factory.support.BeanDefinitionValueResolver.resolveValueIfNecessary(BeanDefinitionValueResolver.java:135)
	at org.springframework.beans.factory.support.ConstructorResolver.resolveConstructorArguments(ConstructorResolver.java:691)
	at org.springframework.beans.factory.support.ConstructorResolver.instantiateUsingFactoryMethod(ConstructorResolver.java:513)
	at org.springframework.beans.factory.support.AbstractAutowireCapableBeanFactory.instantiateUsingFactoryMethod(AbstractAutowireCapableBeanFactory.java:1375)
	at org.springframework.beans.factory.support.AbstractAutowireCapableBeanFactory.createBeanInstance(AbstractAutowireCapableBeanFactory.java:1205)
	at org.springframework.beans.factory.support.AbstractAutowireCapableBeanFactory.doCreateBean(AbstractAutowireCapableBeanFactory.java:569)
	at org.springframework.beans.factory.support.AbstractAutowireCapableBeanFactory.createBean(AbstractAutowireCapableBeanFactory.java:529)
	at org.springframework.beans.factory.support.AbstractBeanFactory.lambda$doGetBean$0(AbstractBeanFactory.java:339)
	at org.springframework.beans.factory.support.DefaultSingletonBeanRegistry.getSingleton(DefaultSingletonBeanRegistry.java:373)
	at org.springframework.beans.factory.support.AbstractBeanFactory.doGetBean(AbstractBeanFactory.java:337)
	at org.springframework.beans.factory.support.AbstractBeanFactory.getBean(AbstractBeanFactory.java:202)
	at org.springframework.beans.factory.support.BeanDefinitionValueResolver.resolveReference(BeanDefinitionValueResolver.java:365)
	... 83 common frames omitted
Caused by: org.springframework.beans.factory.BeanCreationException: Error creating bean with name 'flywayInitializer' defined in class path resource [org/springframework/boot/autoconfigure/flyway/FlywayAutoConfiguration$FlywayConfiguration.class]: Script V9__remove_workflows.sql failed
--------------------------------------
SQL State  : P0001
Error Code : 0
Message    : ERROR: Issues.status is still UUID! Manual intervention needed.
  Where: PL/pgSQL function inline_code_block line 14 at RAISE
Location   : db/migration/V9__remove_workflows.sql (D:\Projects\TaskApp\target\classes\db\migration\V9__remove_workflows.sql)
Line       : 51
Statement  : Run Flyway with -X option to see the actual statement causing the problem

	at org.springframework.beans.factory.support.AbstractAutowireCapableBeanFactory.initializeBean(AbstractAutowireCapableBeanFactory.java:1826)
	at org.springframework.beans.factory.support.AbstractAutowireCapableBeanFactory.doCreateBean(AbstractAutowireCapableBeanFactory.java:607)
	at org.springframework.beans.factory.support.AbstractAutowireCapableBeanFactory.createBean(AbstractAutowireCapableBeanFactory.java:529)
	at org.springframework.beans.factory.support.AbstractBeanFactory.lambda$doGetBean$0(AbstractBeanFactory.java:339)
	at org.springframework.beans.factory.support.DefaultSingletonBeanRegistry.getSingleton(DefaultSingletonBeanRegistry.java:373)
	at org.springframework.beans.factory.support.AbstractBeanFactory.doGetBean(AbstractBeanFactory.java:337)
	at org.springframework.beans.factory.support.AbstractBeanFactory.getBean(AbstractBeanFactory.java:202)
	at org.springframework.beans.factory.support.AbstractBeanFactory.doGetBean(AbstractBeanFactory.java:315)
	at org.springframework.beans.factory.support.AbstractBeanFactory.getBean(AbstractBeanFactory.java:202)
	at org.springframework.beans.factory.support.BeanDefinitionValueResolver.resolveReference(BeanDefinitionValueResolver.java:365)
	... 95 common frames omitted
Caused by: org.flywaydb.core.internal.exception.FlywayMigrateException: Script V9__remove_workflows.sql failed
--------------------------------------
SQL State  : P0001
Error Code : 0
Message    : ERROR: Issues.status is still UUID! Manual intervention needed.
  Where: PL/pgSQL function inline_code_block line 14 at RAISE
Location   : db/migration/V9__remove_workflows.sql (D:\Projects\TaskApp\target\classes\db\migration\V9__remove_workflows.sql)
Line       : 51
Statement  : Run Flyway with -X option to see the actual statement causing the problem

	at org.flywaydb.core.internal.command.DbMigrate.doMigrateGroup(DbMigrate.java:399)
	at org.flywaydb.core.internal.command.DbMigrate.lambda$applyMigrations$1(DbMigrate.java:283)
	at org.flywaydb.core.internal.jdbc.TransactionalExecutionTemplate.execute(TransactionalExecutionTemplate.java:59)
	at org.flywaydb.core.internal.command.DbMigrate.applyMigrations(DbMigrate.java:282)
	at org.flywaydb.core.internal.command.DbMigrate.migrateGroup(DbMigrate.java:255)
	at org.flywaydb.core.internal.command.DbMigrate.lambda$migrateAll$0(DbMigrate.java:153)
	at org.flywaydb.database.postgresql.PostgreSQLAdvisoryLockTemplate.execute(PostgreSQLAdvisoryLockTemplate.java:77)
	at org.flywaydb.database.postgresql.PostgreSQLAdvisoryLockTemplate.lambda$execute$0(PostgreSQLAdvisoryLockTemplate.java:60)
	at org.flywaydb.core.internal.jdbc.TransactionalExecutionTemplate.execute(TransactionalExecutionTemplate.java:59)
	at org.flywaydb.database.postgresql.PostgreSQLAdvisoryLockTemplate.execute(PostgreSQLAdvisoryLockTemplate.java:60)
	at org.flywaydb.database.postgresql.PostgreSQLConnection.lock(PostgreSQLConnection.java:105)
	at org.flywaydb.core.internal.schemahistory.JdbcTableSchemaHistory.lock(JdbcTableSchemaHistory.java:164)
	at org.flywaydb.core.internal.command.DbMigrate.migrateAll(DbMigrate.java:153)
	at org.flywaydb.core.internal.command.DbMigrate.migrate(DbMigrate.java:104)
	at org.flywaydb.core.Flyway.lambda$migrate$1(Flyway.java:247)
	at org.flywaydb.core.FlywayExecutor.execute(FlywayExecutor.java:210)
	at org.flywaydb.core.Flyway.migrate(Flyway.java:188)
	at org.springframework.boot.autoconfigure.flyway.FlywayMigrationInitializer.afterPropertiesSet(FlywayMigrationInitializer.java:66)
	at org.springframework.beans.factory.support.AbstractAutowireCapableBeanFactory.invokeInitMethods(AbstractAutowireCapableBeanFactory.java:1873)
	at org.springframework.beans.factory.support.AbstractAutowireCapableBeanFactory.initializeBean(AbstractAutowireCapableBeanFactory.java:1822)
	... 104 common frames omitted
Caused by: org.flywaydb.core.internal.sqlscript.FlywaySqlScriptException: Script V9__remove_workflows.sql failed
--------------------------------------
SQL State  : P0001
Error Code : 0
Message    : ERROR: Issues.status is still UUID! Manual intervention needed.
  Where: PL/pgSQL function inline_code_block line 14 at RAISE
Location   : db/migration/V9__remove_workflows.sql (D:\Projects\TaskApp\target\classes\db\migration\V9__remove_workflows.sql)
Line       : 51
Statement  : Run Flyway with -X option to see the actual statement causing the problem

	at org.flywaydb.core.internal.sqlscript.DefaultSqlScriptExecutor.handleException(DefaultSqlScriptExecutor.java:256)
	at org.flywaydb.core.internal.sqlscript.DefaultSqlScriptExecutor.executeStatement(DefaultSqlScriptExecutor.java:217)
	at org.flywaydb.core.internal.sqlscript.DefaultSqlScriptExecutor.execute(DefaultSqlScriptExecutor.java:137)
	at org.flywaydb.core.internal.resolver.sql.SqlMigrationExecutor.executeOnce(SqlMigrationExecutor.java:75)
	at org.flywaydb.core.internal.resolver.sql.SqlMigrationExecutor.lambda$execute$0(SqlMigrationExecutor.java:66)
	at org.flywaydb.core.internal.database.DefaultExecutionStrategy.execute(DefaultExecutionStrategy.java:31)
	at org.flywaydb.core.internal.resolver.sql.SqlMigrationExecutor.execute(SqlMigrationExecutor.java:65)
	at org.flywaydb.core.internal.command.DbMigrate.doMigrateGroup(DbMigrate.java:391)
	... 123 common frames omitted
Caused by: org.postgresql.util.PSQLException: ERROR: Issues.status is still UUID! Manual intervention needed.
  Where: PL/pgSQL function inline_code_block line 14 at RAISE
	at org.postgresql.core.v3.QueryExecutorImpl.receiveErrorResponse(QueryExecutorImpl.java:2713)
	at org.postgresql.core.v3.QueryExecutorImpl.processResults(QueryExecutorImpl.java:2401)
	at org.postgresql.core.v3.QueryExecutorImpl.execute(QueryExecutorImpl.java:368)
	at org.postgresql.jdbc.PgStatement.executeInternal(PgStatement.java:498)
	at org.postgresql.jdbc.PgStatement.execute(PgStatement.java:415)
	at org.postgresql.jdbc.PgStatement.executeWithFlags(PgStatement.java:335)
	at org.postgresql.jdbc.PgStatement.executeCachedSql(PgStatement.java:321)
	at org.postgresql.jdbc.PgStatement.executeWithFlags(PgStatement.java:297)
	at org.postgresql.jdbc.PgStatement.execute(PgStatement.java:292)
	at com.zaxxer.hikari.pool.ProxyStatement.execute(ProxyStatement.java:95)
	at com.zaxxer.hikari.pool.HikariProxyStatement.execute(HikariProxyStatement.java)
	at org.flywaydb.core.internal.jdbc.JdbcTemplate.executeStatement(JdbcTemplate.java:215)
	at org.flywaydb.core.internal.sqlscript.ParsedSqlStatement.execute(ParsedSqlStatement.java:88)
	at org.flywaydb.core.internal.sqlscript.DefaultSqlScriptExecutor.executeStatement(DefaultSqlScriptExecutor.java:212)
	... 129 common frames omitted
2025-12-04 00:17:00 [restartedMain] INFO  com.pm.taskapp.TaskAppApplication - Starting TaskAppApplication using Java 21.0.8 with PID 27420 (D:\Projects\TaskApp\target\classes started by Rajkumar in D:\Projects\TaskApp)
2025-12-04 00:17:00 [restartedMain] DEBUG com.pm.taskapp.TaskAppApplication - Running with Spring Boot v3.5.7, Spring v6.2.12
2025-12-04 00:17:00 [restartedMain] INFO  com.pm.taskapp.TaskAppApplication - The following 1 profile is active: "dev"
2025-12-04 00:17:00 [restartedMain] INFO  o.s.b.d.e.DevToolsPropertyDefaultsPostProcessor - Devtools property defaults active! Set 'spring.devtools.add-properties' to 'false' to disable
2025-12-04 00:17:00 [restartedMain] INFO  o.s.b.d.e.DevToolsPropertyDefaultsPostProcessor - For additional web related logging consider setting the 'logging.level.web' property to 'DEBUG'
2025-12-04 00:17:02 [restartedMain] INFO  o.s.d.r.c.RepositoryConfigurationDelegate - Bootstrapping Spring Data JPA repositories in DEFAULT mode.
2025-12-04 00:17:02 [restartedMain] INFO  o.s.d.r.c.RepositoryConfigurationDelegate - Finished Spring Data repository scanning in 133 ms. Found 7 JPA repository interfaces.
2025-12-04 00:17:03 [restartedMain] INFO  o.s.b.w.e.tomcat.TomcatWebServer - Tomcat initialized with port 8080 (http)
2025-12-04 00:17:03 [restartedMain] INFO  o.a.catalina.core.StandardService - Starting service [Tomcat]
2025-12-04 00:17:03 [restartedMain] INFO  o.a.catalina.core.StandardEngine - Starting Servlet engine: [Apache Tomcat/10.1.48]
2025-12-04 00:17:03 [restartedMain] INFO  o.a.c.c.C.[Tomcat].[localhost].[/] - Initializing Spring embedded WebApplicationContext
2025-12-04 00:17:03 [restartedMain] INFO  o.s.b.w.s.c.ServletWebServerApplicationContext - Root WebApplicationContext: initialization completed in 3301 ms
2025-12-04 00:17:03 [restartedMain] INFO  com.zaxxer.hikari.HikariDataSource - HikariPool-1 - Starting...
2025-12-04 00:17:04 [restartedMain] INFO  com.zaxxer.hikari.pool.HikariPool - HikariPool-1 - Added connection org.postgresql.jdbc.PgConnection@7eebe21
2025-12-04 00:17:04 [restartedMain] INFO  com.zaxxer.hikari.HikariDataSource - HikariPool-1 - Start completed.
2025-12-04 00:17:04 [restartedMain] INFO  org.flywaydb.core.FlywayExecutor - Database: jdbc:postgresql://localhost:5432/taskapp?TimeZone=Asia/Kolkata (PostgreSQL 15.15)
2025-12-04 00:17:04 [restartedMain] INFO  o.f.core.internal.command.DbValidate - Successfully validated 9 migrations (execution time 00:00.069s)
2025-12-04 00:17:04 [restartedMain] INFO  o.f.core.internal.command.DbMigrate - Current version of schema "public": 8
2025-12-04 00:17:04 [restartedMain] INFO  o.f.core.internal.command.DbMigrate - Migrating schema "public" to version "9 - remove workflows"
2025-12-04 00:17:04 [restartedMain] INFO  o.f.c.i.s.DefaultSqlScriptExecutor - DB: Table workflow_transitions does not exist
2025-12-04 00:17:04 [restartedMain] INFO  o.f.c.i.s.DefaultSqlScriptExecutor - DB: Table workflow_statuses does not exist
2025-12-04 00:17:04 [restartedMain] INFO  o.f.c.i.s.DefaultSqlScriptExecutor - DB: Table workflows does not exist
2025-12-04 00:17:04 [restartedMain] INFO  o.f.c.i.s.DefaultSqlScriptExecutor - DB: Issues.status is already VARCHAR - correct!
2025-12-04 00:17:04 [restartedMain] INFO  o.f.c.i.s.DefaultSqlScriptExecutor - DB: Status constraint exists - correct!
2025-12-04 00:17:04 [restartedMain] INFO  o.f.c.i.s.DefaultSqlScriptExecutor - DB: ================================================
2025-12-04 00:17:04 [restartedMain] INFO  o.f.c.i.s.DefaultSqlScriptExecutor - DB: SUCCESS! All workflow tables removed.
2025-12-04 00:17:04 [restartedMain] INFO  o.f.c.i.s.DefaultSqlScriptExecutor - DB: ================================================
2025-12-04 00:17:04 [restartedMain] INFO  o.f.core.internal.command.DbMigrate - Successfully applied 1 migration to schema "public", now at version v9 (execution time 00:00.055s)
2025-12-04 00:17:04 [restartedMain] INFO  o.h.jpa.internal.util.LogHelper - HHH000204: Processing PersistenceUnitInfo [name: default]
2025-12-04 00:17:04 [restartedMain] INFO  org.hibernate.Version - HHH000412: Hibernate ORM core version 6.6.33.Final
2025-12-04 00:17:04 [restartedMain] INFO  o.h.c.i.RegionFactoryInitiator - HHH000026: Second-level cache disabled
2025-12-04 00:17:05 [restartedMain] INFO  o.s.o.j.p.SpringPersistenceUnitInfo - No LoadTimeWeaver setup: ignoring JPA class transformer
2025-12-04 00:17:05 [restartedMain] WARN  org.hibernate.orm.deprecation - HHH90000025: PostgreSQLDialect does not need to be specified explicitly using 'hibernate.dialect' (remove the property setting and it will be selected by default)
2025-12-04 00:17:05 [restartedMain] INFO  o.hibernate.orm.connections.pooling - HHH10001005: Database info:
	Database JDBC URL [Connecting through datasource 'HikariDataSource (HikariPool-1)']
	Database driver: undefined/unknown
	Database version: 15.15
	Autocommit mode: undefined/unknown
	Isolation level: undefined/unknown
	Minimum pool size: undefined/unknown
	Maximum pool size: undefined/unknown
2025-12-04 00:17:07 [restartedMain] INFO  o.h.e.t.j.p.i.JtaPlatformInitiator - HHH000489: No JTA platform available (set 'hibernate.transaction.jta.platform' to enable JTA platform integration)
2025-12-04 00:17:08 [restartedMain] INFO  o.s.o.j.LocalContainerEntityManagerFactoryBean - Initialized JPA EntityManagerFactory for persistence unit 'default'
2025-12-04 00:17:08 [restartedMain] DEBUG c.p.t.a.s.JwtAuthenticationFilter - Filter 'jwtAuthenticationFilter' configured for use
2025-12-04 00:17:08 [restartedMain] INFO  o.s.s.c.a.a.c.InitializeAuthenticationProviderBeanManagerConfigurer$InitializeAuthenticationProviderManagerConfigurer - Global AuthenticationManager configured with AuthenticationProvider bean with name authenticationProvider
2025-12-04 00:17:08 [restartedMain] WARN  o.s.s.c.a.a.c.InitializeUserDetailsBeanManagerConfigurer$InitializeUserDetailsManagerConfigurer - Global AuthenticationManager configured with an AuthenticationProvider bean. UserDetailsService beans will not be used by Spring Security for automatically configuring username/password login. Consider removing the AuthenticationProvider bean. Alternatively, consider using the UserDetailsService in a manually instantiated DaoAuthenticationProvider. If the current configuration is intentional, to turn off this warning, increase the logging level of 'org.springframework.security.config.annotation.authentication.configuration.InitializeUserDetailsBeanManagerConfigurer' to ERROR
2025-12-04 00:17:09 [restartedMain] INFO  o.s.d.j.r.query.QueryEnhancerFactory - Hibernate is in classpath; If applicable, HQL parser will be used.
2025-12-04 00:17:10 [restartedMain] WARN  o.s.b.a.t.ThymeleafAutoConfiguration$DefaultTemplateResolverConfiguration - Cannot find template location: classpath:/templates/ (please add some templates, check your Thymeleaf configuration, or set spring.thymeleaf.check-template-location=false)
2025-12-04 00:17:10 [restartedMain] INFO  c.p.t.a.s.impl.PermissionServiceImpl - Creating default permissions if not exist
2025-12-04 00:17:10 [restartedMain] DEBUG org.hibernate.SQL - 
    select
        p1_0.id,
        p1_0.code,
        p1_0.description 
    from
        permissions p1_0 
    where
        p1_0.code=?
2025-12-04 00:17:10 [restartedMain] DEBUG org.hibernate.SQL - 
    select
        p1_0.id,
        p1_0.code,
        p1_0.description 
    from
        permissions p1_0 
    where
        p1_0.code=?
2025-12-04 00:17:10 [restartedMain] DEBUG org.hibernate.SQL - 
    select
        p1_0.id,
        p1_0.code,
        p1_0.description 
    from
        permissions p1_0 
    where
        p1_0.code=?
2025-12-04 00:17:10 [restartedMain] DEBUG org.hibernate.SQL - 
    select
        p1_0.id,
        p1_0.code,
        p1_0.description 
    from
        permissions p1_0 
    where
        p1_0.code=?
2025-12-04 00:17:10 [restartedMain] DEBUG org.hibernate.SQL - 
    select
        p1_0.id,
        p1_0.code,
        p1_0.description 
    from
        permissions p1_0 
    where
        p1_0.code=?
2025-12-04 00:17:10 [restartedMain] DEBUG org.hibernate.SQL - 
    select
        p1_0.id,
        p1_0.code,
        p1_0.description 
    from
        permissions p1_0 
    where
        p1_0.code=?
2025-12-04 00:17:10 [restartedMain] DEBUG org.hibernate.SQL - 
    select
        p1_0.id,
        p1_0.code,
        p1_0.description 
    from
        permissions p1_0 
    where
        p1_0.code=?
2025-12-04 00:17:10 [restartedMain] DEBUG org.hibernate.SQL - 
    select
        p1_0.id,
        p1_0.code,
        p1_0.description 
    from
        permissions p1_0 
    where
        p1_0.code=?
2025-12-04 00:17:10 [restartedMain] DEBUG org.hibernate.SQL - 
    select
        p1_0.id,
        p1_0.code,
        p1_0.description 
    from
        permissions p1_0 
    where
        p1_0.code=?
2025-12-04 00:17:10 [restartedMain] DEBUG org.hibernate.SQL - 
    select
        p1_0.id,
        p1_0.code,
        p1_0.description 
    from
        permissions p1_0 
    where
        p1_0.code=?
2025-12-04 00:17:10 [restartedMain] DEBUG org.hibernate.SQL - 
    select
        p1_0.id,
        p1_0.code,
        p1_0.description 
    from
        permissions p1_0 
    where
        p1_0.code=?
2025-12-04 00:17:10 [restartedMain] DEBUG org.hibernate.SQL - 
    select
        p1_0.id,
        p1_0.code,
        p1_0.description 
    from
        permissions p1_0 
    where
        p1_0.code=?
2025-12-04 00:17:10 [restartedMain] DEBUG org.hibernate.SQL - 
    select
        p1_0.id,
        p1_0.code,
        p1_0.description 
    from
        permissions p1_0 
    where
        p1_0.code=?
2025-12-04 00:17:10 [restartedMain] DEBUG org.hibernate.SQL - 
    select
        p1_0.id,
        p1_0.code,
        p1_0.description 
    from
        permissions p1_0 
    where
        p1_0.code=?
2025-12-04 00:17:10 [restartedMain] DEBUG org.hibernate.SQL - 
    select
        p1_0.id,
        p1_0.code,
        p1_0.description 
    from
        permissions p1_0 
    where
        p1_0.code=?
2025-12-04 00:17:10 [restartedMain] DEBUG org.hibernate.SQL - 
    select
        p1_0.id,
        p1_0.code,
        p1_0.description 
    from
        permissions p1_0 
    where
        p1_0.code=?
2025-12-04 00:17:10 [restartedMain] DEBUG org.hibernate.SQL - 
    select
        p1_0.id,
        p1_0.code,
        p1_0.description 
    from
        permissions p1_0 
    where
        p1_0.code=?
2025-12-04 00:17:10 [restartedMain] DEBUG org.hibernate.SQL - 
    select
        p1_0.id,
        p1_0.code,
        p1_0.description 
    from
        permissions p1_0 
    where
        p1_0.code=?
2025-12-04 00:17:10 [restartedMain] DEBUG org.hibernate.SQL - 
    select
        p1_0.id,
        p1_0.code,
        p1_0.description 
    from
        permissions p1_0 
    where
        p1_0.code=?
2025-12-04 00:17:10 [restartedMain] DEBUG org.hibernate.SQL - 
    select
        p1_0.id,
        p1_0.code,
        p1_0.description 
    from
        permissions p1_0 
    where
        p1_0.code=?
2025-12-04 00:17:10 [restartedMain] DEBUG org.hibernate.SQL - 
    select
        p1_0.id,
        p1_0.code,
        p1_0.description 
    from
        permissions p1_0 
    where
        p1_0.code=?
2025-12-04 00:17:10 [restartedMain] DEBUG org.hibernate.SQL - 
    select
        p1_0.id,
        p1_0.code,
        p1_0.description 
    from
        permissions p1_0 
    where
        p1_0.code=?
2025-12-04 00:17:10 [restartedMain] DEBUG org.hibernate.SQL - 
    select
        p1_0.id,
        p1_0.code,
        p1_0.description 
    from
        permissions p1_0 
    where
        p1_0.code=?
2025-12-04 00:17:10 [restartedMain] DEBUG org.hibernate.SQL - 
    select
        p1_0.id,
        p1_0.code,
        p1_0.description 
    from
        permissions p1_0 
    where
        p1_0.code=?
2025-12-04 00:17:10 [restartedMain] DEBUG org.hibernate.SQL - 
    select
        p1_0.id,
        p1_0.code,
        p1_0.description 
    from
        permissions p1_0 
    where
        p1_0.code=?
2025-12-04 00:17:10 [restartedMain] DEBUG org.hibernate.SQL - 
    select
        p1_0.id,
        p1_0.code,
        p1_0.description 
    from
        permissions p1_0 
    where
        p1_0.code=?
2025-12-04 00:17:10 [restartedMain] DEBUG org.hibernate.SQL - 
    select
        p1_0.id,
        p1_0.code,
        p1_0.description 
    from
        permissions p1_0 
    where
        p1_0.code=?
2025-12-04 00:17:10 [restartedMain] INFO  c.p.t.a.s.impl.PermissionServiceImpl - Default permissions created/verified
2025-12-04 00:17:10 [restartedMain] INFO  c.p.t.a.service.impl.RoleServiceImpl - Creating default roles if not exist
2025-12-04 00:17:10 [restartedMain] DEBUG org.hibernate.SQL - 
    select
        r1_0.id,
        r1_0.description,
        r1_0.name 
    from
        roles r1_0 
    where
        r1_0.name=?
2025-12-04 00:17:10 [restartedMain] DEBUG org.hibernate.SQL - 
    select
        p1_0.role_id,
        p1_1.id,
        p1_1.code,
        p1_1.description 
    from
        role_permissions p1_0 
    join
        permissions p1_1 
            on p1_1.id=p1_0.permission_id 
    where
        p1_0.role_id=?
2025-12-04 00:17:11 [restartedMain] DEBUG org.hibernate.SQL - 
    select
        r1_0.id,
        r1_0.description,
        r1_0.name 
    from
        roles r1_0 
    where
        r1_0.name=?
2025-12-04 00:17:11 [restartedMain] DEBUG org.hibernate.SQL - 
    select
        p1_0.role_id,
        p1_1.id,
        p1_1.code,
        p1_1.description 
    from
        role_permissions p1_0 
    join
        permissions p1_1 
            on p1_1.id=p1_0.permission_id 
    where
        p1_0.role_id=?
2025-12-04 00:17:11 [restartedMain] DEBUG org.hibernate.SQL - 
    select
        r1_0.id,
        r1_0.description,
        r1_0.name 
    from
        roles r1_0 
    where
        r1_0.name=?
2025-12-04 00:17:11 [restartedMain] DEBUG org.hibernate.SQL - 
    select
        p1_0.role_id,
        p1_1.id,
        p1_1.code,
        p1_1.description 
    from
        role_permissions p1_0 
    join
        permissions p1_1 
            on p1_1.id=p1_0.permission_id 
    where
        p1_0.role_id=?
2025-12-04 00:17:11 [restartedMain] DEBUG org.hibernate.SQL - 
    select
        r1_0.id,
        r1_0.description,
        r1_0.name 
    from
        roles r1_0 
    where
        r1_0.name=?
2025-12-04 00:17:11 [restartedMain] DEBUG org.hibernate.SQL - 
    select
        p1_0.role_id,
        p1_1.id,
        p1_1.code,
        p1_1.description 
    from
        role_permissions p1_0 
    join
        permissions p1_1 
            on p1_1.id=p1_0.permission_id 
    where
        p1_0.role_id=?
2025-12-04 00:17:11 [restartedMain] INFO  c.p.t.a.service.impl.RoleServiceImpl - Default roles created/verified
2025-12-04 00:17:16 [restartedMain] WARN  o.s.b.a.o.j.JpaBaseConfiguration$JpaWebConfiguration - spring.jpa.open-in-view is enabled by default. Therefore, database queries may be performed during view rendering. Explicitly configure spring.jpa.open-in-view to disable this warning
2025-12-04 00:17:17 [restartedMain] DEBUG o.s.s.web.DefaultSecurityFilterChain - Will secure any request with filters: DisableEncodeUrlFilter, WebAsyncManagerIntegrationFilter, SecurityContextHolderFilter, HeaderWriterFilter, CorsFilter, LogoutFilter, JwtAuthenticationFilter, RequestCacheAwareFilter, SecurityContextHolderAwareRequestFilter, AnonymousAuthenticationFilter, SessionManagementFilter, ExceptionTranslationFilter, AuthorizationFilter
2025-12-04 00:17:18 [restartedMain] INFO  o.s.b.a.h.H2ConsoleAutoConfiguration - H2 console available at '/h2-console'. Database available at 'jdbc:postgresql://localhost:5432/taskapp?TimeZone=Asia/Kolkata'
2025-12-04 00:17:18 [restartedMain] INFO  o.s.b.d.a.OptionalLiveReloadServer - LiveReload server is running on port 35729
2025-12-04 00:17:18 [restartedMain] INFO  o.s.b.w.e.tomcat.TomcatWebServer - Tomcat started on port 8080 (http) with context path '/'
2025-12-04 00:17:18 [restartedMain] INFO  com.pm.taskapp.TaskAppApplication - Started TaskAppApplication in 19.491 seconds (process running for 20.211)
2025-12-04 22:08:41 [main] INFO  c.pm.taskapp.TaskAppApplicationTests - Starting TaskAppApplicationTests using Java 21.0.8 with PID 2000 (started by Rajkumar in D:\Projects\TaskApp)
2025-12-04 22:08:41 [main] DEBUG c.pm.taskapp.TaskAppApplicationTests - Running with Spring Boot v3.5.7, Spring v6.2.12
2025-12-04 22:08:41 [main] INFO  c.pm.taskapp.TaskAppApplicationTests - The following 1 profile is active: "test"
2025-12-04 22:08:47 [main] INFO  o.s.d.r.c.RepositoryConfigurationDelegate - Bootstrapping Spring Data JPA repositories in DEFAULT mode.
2025-12-04 22:08:48 [main] INFO  o.s.d.r.c.RepositoryConfigurationDelegate - Finished Spring Data repository scanning in 424 ms. Found 7 JPA repository interfaces.
2025-12-04 22:08:50 [main] INFO  o.h.jpa.internal.util.LogHelper - HHH000204: Processing PersistenceUnitInfo [name: default]
2025-12-04 22:08:50 [main] INFO  org.hibernate.Version - HHH000412: Hibernate ORM core version 6.6.33.Final
2025-12-04 22:08:51 [main] INFO  o.h.c.i.RegionFactoryInitiator - HHH000026: Second-level cache disabled
2025-12-04 22:08:52 [main] INFO  o.s.o.j.p.SpringPersistenceUnitInfo - No LoadTimeWeaver setup: ignoring JPA class transformer
2025-12-04 22:08:52 [main] INFO  com.zaxxer.hikari.HikariDataSource - HikariPool-1 - Starting...
2025-12-04 22:08:52 [main] INFO  com.zaxxer.hikari.pool.HikariPool - HikariPool-1 - Added connection conn0: url=jdbc:h2:mem:testdb user=SA
2025-12-04 22:08:52 [main] INFO  com.zaxxer.hikari.HikariDataSource - HikariPool-1 - Start completed.
2025-12-04 22:08:53 [main] INFO  o.hibernate.orm.connections.pooling - HHH10001005: Database info:
	Database JDBC URL [Connecting through datasource 'HikariDataSource (HikariPool-1)']
	Database driver: undefined/unknown
	Database version: 2.3.232
	Autocommit mode: undefined/unknown
	Isolation level: undefined/unknown
	Minimum pool size: undefined/unknown
	Maximum pool size: undefined/unknown
2025-12-04 22:08:57 [main] INFO  o.h.e.t.j.p.i.JtaPlatformInitiator - HHH000489: No JTA platform available (set 'hibernate.transaction.jta.platform' to enable JTA platform integration)
2025-12-04 22:08:57 [main] DEBUG org.hibernate.SQL - 
    drop table if exists permissions cascade 
2025-12-04 22:08:57 [main] DEBUG org.hibernate.SQL - 
    drop table if exists project_issue_counters cascade 
2025-12-04 22:08:57 [main] DEBUG org.hibernate.SQL - 
    drop table if exists project_members cascade 
2025-12-04 22:08:57 [main] DEBUG org.hibernate.SQL - 
    drop table if exists projects cascade 
2025-12-04 22:08:57 [main] DEBUG org.hibernate.SQL - 
    drop table if exists refresh_tokens cascade 
2025-12-04 22:08:57 [main] DEBUG org.hibernate.SQL - 
    drop table if exists role_permissions cascade 
2025-12-04 22:08:57 [main] DEBUG org.hibernate.SQL - 
    drop table if exists roles cascade 
2025-12-04 22:08:57 [main] DEBUG org.hibernate.SQL - 
    drop table if exists user_roles cascade 
2025-12-04 22:08:57 [main] DEBUG org.hibernate.SQL - 
    drop table if exists users cascade 
2025-12-04 22:08:57 [main] DEBUG org.hibernate.SQL - 
    create table permissions (
        id uuid not null,
        code varchar(100) not null unique,
        description text,
        primary key (id)
    )
2025-12-04 22:08:57 [main] DEBUG org.hibernate.SQL - 
    create table project_issue_counters (
        last_number integer not null,
        project_id uuid not null,
        primary key (project_id)
    )
2025-12-04 22:08:57 [main] DEBUG org.hibernate.SQL - 
    create table project_members (
        joined_at timestamp(6) with time zone not null,
        id uuid not null,
        project_id uuid not null,
        user_id uuid not null,
        role enum ('ADMIN','MEMBER','OWNER','VIEWER') not null,
        primary key (id),
        constraint uk_project_members_project_user unique (project_id, user_id)
    )
2025-12-04 22:08:57 [main] DEBUG org.hibernate.SQL - 
    create table projects (
        is_archived boolean not null,
        archived_at timestamp(6) with time zone,
        created_at timestamp(6) with time zone not null,
        updated_at timestamp(6) with time zone not null,
        key varchar(10) not null unique,
        created_by uuid not null,
        id uuid not null,
        description TEXT,
        name varchar(255) not null,
        visibility enum ('PRIVATE','PUBLIC') not null,
        primary key (id)
    )
2025-12-04 22:08:57 [main] WARN  o.h.t.s.i.ExceptionHandlerLoggedImpl - GenerationTarget encountered exception accepting command : Error executing DDL "
    create table projects (
        is_archived boolean not null,
        archived_at timestamp(6) with time zone,
        created_at timestamp(6) with time zone not null,
        updated_at timestamp(6) with time zone not null,
        key varchar(10) not null unique,
        created_by uuid not null,
        id uuid not null,
        description TEXT,
        name varchar(255) not null,
        visibility enum ('PRIVATE','PUBLIC') not null,
        primary key (id)
    )" via JDBC [Syntax error in SQL statement "\000d\000a    create table projects (\000d\000a        is_archived boolean not null,\000d\000a        archived_at timestamp(6) with time zone,\000d\000a        created_at timestamp(6) with time zone not null,\000d\000a        updated_at timestamp(6) with time zone not null,\000d\000a        [*]key varchar(10) not null unique,\000d\000a        created_by uuid not null,\000d\000a        id uuid not null,\000d\000a        description TEXT,\000d\000a        name varchar(255) not null,\000d\000a        visibility enum ('PRIVATE','PUBLIC') not null,\000d\000a        primary key (id)\000d\000a    )"; expected "identifier";]
org.hibernate.tool.schema.spi.CommandAcceptanceException: Error executing DDL "
    create table projects (
        is_archived boolean not null,
        archived_at timestamp(6) with time zone,
        created_at timestamp(6) with time zone not null,
        updated_at timestamp(6) with time zone not null,
        key varchar(10) not null unique,
        created_by uuid not null,
        id uuid not null,
        description TEXT,
        name varchar(255) not null,
        visibility enum ('PRIVATE','PUBLIC') not null,
        primary key (id)
    )" via JDBC [Syntax error in SQL statement "\000d\000a    create table projects (\000d\000a        is_archived boolean not null,\000d\000a        archived_at timestamp(6) with time zone,\000d\000a        created_at timestamp(6) with time zone not null,\000d\000a        updated_at timestamp(6) with time zone not null,\000d\000a        [*]key varchar(10) not null unique,\000d\000a        created_by uuid not null,\000d\000a        id uuid not null,\000d\000a        description TEXT,\000d\000a        name varchar(255) not null,\000d\000a        visibility enum ('PRIVATE','PUBLIC') not null,\000d\000a        primary key (id)\000d\000a    )"; expected "identifier";]
	at org.hibernate.tool.schema.internal.exec.GenerationTargetToDatabase.accept(GenerationTargetToDatabase.java:94)
	at org.hibernate.tool.schema.internal.Helper.applySqlString(Helper.java:233)
	at org.hibernate.tool.schema.internal.Helper.applySqlStrings(Helper.java:217)
	at org.hibernate.tool.schema.internal.SchemaCreatorImpl.createTables(SchemaCreatorImpl.java:430)
	at org.hibernate.tool.schema.internal.SchemaCreatorImpl.createSequencesTablesConstraints(SchemaCreatorImpl.java:346)
	at org.hibernate.tool.schema.internal.SchemaCreatorImpl.createFromMetadata(SchemaCreatorImpl.java:241)
	at org.hibernate.tool.schema.internal.SchemaCreatorImpl.performCreation(SchemaCreatorImpl.java:174)
	at org.hibernate.tool.schema.internal.SchemaCreatorImpl.doCreation(SchemaCreatorImpl.java:144)
	at org.hibernate.tool.schema.internal.SchemaCreatorImpl.doCreation(SchemaCreatorImpl.java:120)
	at org.hibernate.tool.schema.spi.SchemaManagementToolCoordinator.performDatabaseAction(SchemaManagementToolCoordinator.java:250)
	at org.hibernate.tool.schema.spi.SchemaManagementToolCoordinator.lambda$process$5(SchemaManagementToolCoordinator.java:144)
	at java.base/java.util.HashMap.forEach(HashMap.java:1429)
	at org.hibernate.tool.schema.spi.SchemaManagementToolCoordinator.process(SchemaManagementToolCoordinator.java:141)
	at org.hibernate.boot.internal.SessionFactoryObserverForSchemaExport.sessionFactoryCreated(SessionFactoryObserverForSchemaExport.java:37)
	at org.hibernate.internal.SessionFactoryObserverChain.sessionFactoryCreated(SessionFactoryObserverChain.java:35)
	at org.hibernate.internal.SessionFactoryImpl.<init>(SessionFactoryImpl.java:324)
	at org.hibernate.boot.internal.SessionFactoryBuilderImpl.build(SessionFactoryBuilderImpl.java:463)
	at org.hibernate.jpa.boot.internal.EntityManagerFactoryBuilderImpl.build(EntityManagerFactoryBuilderImpl.java:1517)
	at org.springframework.orm.jpa.vendor.SpringHibernateJpaPersistenceProvider.createContainerEntityManagerFactory(SpringHibernateJpaPersistenceProvider.java:66)
	at org.springframework.orm.jpa.LocalContainerEntityManagerFactoryBean.createNativeEntityManagerFactory(LocalContainerEntityManagerFactoryBean.java:390)
	at org.springframework.orm.jpa.AbstractEntityManagerFactoryBean.buildNativeEntityManagerFactory(AbstractEntityManagerFactoryBean.java:419)
	at org.springframework.orm.jpa.AbstractEntityManagerFactoryBean.afterPropertiesSet(AbstractEntityManagerFactoryBean.java:400)
	at org.springframework.orm.jpa.LocalContainerEntityManagerFactoryBean.afterPropertiesSet(LocalContainerEntityManagerFactoryBean.java:366)
	at org.springframework.beans.factory.support.AbstractAutowireCapableBeanFactory.invokeInitMethods(AbstractAutowireCapableBeanFactory.java:1873)
	at org.springframework.beans.factory.support.AbstractAutowireCapableBeanFactory.initializeBean(AbstractAutowireCapableBeanFactory.java:1822)
	at org.springframework.beans.factory.support.AbstractAutowireCapableBeanFactory.doCreateBean(AbstractAutowireCapableBeanFactory.java:607)
	at org.springframework.beans.factory.support.AbstractAutowireCapableBeanFactory.createBean(AbstractAutowireCapableBeanFactory.java:529)
	at org.springframework.beans.factory.support.AbstractBeanFactory.lambda$doGetBean$0(AbstractBeanFactory.java:339)
	at org.springframework.beans.factory.support.DefaultSingletonBeanRegistry.getSingleton(DefaultSingletonBeanRegistry.java:373)
	at org.springframework.beans.factory.support.AbstractBeanFactory.doGetBean(AbstractBeanFactory.java:337)
	at org.springframework.beans.factory.support.AbstractBeanFactory.getBean(AbstractBeanFactory.java:207)
	at org.springframework.context.support.AbstractApplicationContext.finishBeanFactoryInitialization(AbstractApplicationContext.java:973)
	at org.springframework.context.support.AbstractApplicationContext.refresh(AbstractApplicationContext.java:627)
	at org.springframework.boot.SpringApplication.refresh(SpringApplication.java:752)
	at org.springframework.boot.SpringApplication.refreshContext(SpringApplication.java:439)
	at org.springframework.boot.SpringApplication.run(SpringApplication.java:318)
	at org.springframework.boot.test.context.SpringBootContextLoader.lambda$loadContext$3(SpringBootContextLoader.java:144)
	at org.springframework.util.function.ThrowingSupplier.get(ThrowingSupplier.java:58)
	at org.springframework.util.function.ThrowingSupplier.get(ThrowingSupplier.java:46)
	at org.springframework.boot.SpringApplication.withHook(SpringApplication.java:1461)
	at org.springframework.boot.test.context.SpringBootContextLoader$ContextLoaderHook.run(SpringBootContextLoader.java:563)
	at org.springframework.boot.test.context.SpringBootContextLoader.loadContext(SpringBootContextLoader.java:144)
	at org.springframework.boot.test.context.SpringBootContextLoader.loadContext(SpringBootContextLoader.java:110)
	at org.springframework.test.context.cache.DefaultCacheAwareContextLoaderDelegate.loadContextInternal(DefaultCacheAwareContextLoaderDelegate.java:225)
	at org.springframework.test.context.cache.DefaultCacheAwareContextLoaderDelegate.loadContext(DefaultCacheAwareContextLoaderDelegate.java:152)
	at org.springframework.test.context.support.DefaultTestContext.getApplicationContext(DefaultTestContext.java:130)
	at org.springframework.test.context.web.ServletTestExecutionListener.setUpRequestContextIfNecessary(ServletTestExecutionListener.java:200)
	at org.springframework.test.context.web.ServletTestExecutionListener.prepareTestInstance(ServletTestExecutionListener.java:139)
	at org.springframework.test.context.TestContextManager.prepareTestInstance(TestContextManager.java:260)
	at org.springframework.test.context.junit.jupiter.SpringExtension.postProcessTestInstance(SpringExtension.java:159)
	at org.junit.jupiter.engine.descriptor.ClassBasedTestDescriptor.lambda$invokeTestInstancePostProcessors$10(ClassBasedTestDescriptor.java:383)
	at org.junit.jupiter.engine.descriptor.ClassBasedTestDescriptor.executeAndMaskThrowable(ClassBasedTestDescriptor.java:388)
	at org.junit.jupiter.engine.descriptor.ClassBasedTestDescriptor.lambda$invokeTestInstancePostProcessors$11(ClassBasedTestDescriptor.java:382)
	at java.base/java.util.stream.ForEachOps$ForEachOp$OfRef.accept(ForEachOps.java:184)
	at java.base/java.util.stream.ReferencePipeline$3$1.accept(ReferencePipeline.java:197)
	at java.base/java.util.stream.ReferencePipeline$2$1.accept(ReferencePipeline.java:179)
	at java.base/java.util.stream.ReferencePipeline$3$1.accept(ReferencePipeline.java:197)
	at java.base/java.util.ArrayList$ArrayListSpliterator.forEachRemaining(ArrayList.java:1708)
	at java.base/java.util.stream.AbstractPipeline.copyInto(AbstractPipeline.java:509)
	at java.base/java.util.stream.AbstractPipeline.wrapAndCopyInto(AbstractPipeline.java:499)
	at java.base/java.util.stream.ForEachOps$ForEachOp.evaluateSequential(ForEachOps.java:151)
	at java.base/java.util.stream.ForEachOps$ForEachOp$OfRef.evaluateSequential(ForEachOps.java:174)
	at java.base/java.util.stream.AbstractPipeline.evaluate(AbstractPipeline.java:234)
	at java.base/java.util.stream.ReferencePipeline.forEach(ReferencePipeline.java:596)
	at org.junit.jupiter.engine.descriptor.ClassBasedTestDescriptor.invokeTestInstancePostProcessors(ClassBasedTestDescriptor.java:382)
	at org.junit.jupiter.engine.descriptor.ClassBasedTestDescriptor.lambda$instantiateAndPostProcessTestInstance$6(ClassBasedTestDescriptor.java:293)
	at org.junit.platform.engine.support.hierarchical.ThrowableCollector.execute(ThrowableCollector.java:73)
	at org.junit.jupiter.engine.descriptor.ClassBasedTestDescriptor.instantiateAndPostProcessTestInstance(ClassBasedTestDescriptor.java:292)
	at org.junit.jupiter.engine.descriptor.ClassBasedTestDescriptor.lambda$testInstancesProvider$4(ClassBasedTestDescriptor.java:281)
	at java.base/java.util.Optional.orElseGet(Optional.java:364)
	at org.junit.jupiter.engine.descriptor.ClassBasedTestDescriptor.lambda$testInstancesProvider$5(ClassBasedTestDescriptor.java:280)
	at org.junit.jupiter.engine.execution.TestInstancesProvider.getTestInstances(TestInstancesProvider.java:27)
	at org.junit.jupiter.engine.descriptor.TestMethodTestDescriptor.lambda$prepare$0(TestMethodTestDescriptor.java:112)
	at org.junit.platform.engine.support.hierarchical.ThrowableCollector.execute(ThrowableCollector.java:73)
	at org.junit.jupiter.engine.descriptor.TestMethodTestDescriptor.prepare(TestMethodTestDescriptor.java:111)
	at org.junit.jupiter.engine.descriptor.TestMethodTestDescriptor.prepare(TestMethodTestDescriptor.java:69)
	at org.junit.platform.engine.support.hierarchical.NodeTestTask.lambda$prepare$2(NodeTestTask.java:128)
	at org.junit.platform.engine.support.hierarchical.ThrowableCollector.execute(ThrowableCollector.java:73)
	at org.junit.platform.engine.support.hierarchical.NodeTestTask.prepare(NodeTestTask.java:128)
	at org.junit.platform.engine.support.hierarchical.NodeTestTask.execute(NodeTestTask.java:95)
	at java.base/java.util.ArrayList.forEach(ArrayList.java:1596)
	at org.junit.platform.engine.support.hierarchical.SameThreadHierarchicalTestExecutorService.invokeAll(SameThreadHierarchicalTestExecutorService.java:41)
	at org.junit.platform.engine.support.hierarchical.NodeTestTask.lambda$executeRecursively$6(NodeTestTask.java:160)
	at org.junit.platform.engine.support.hierarchical.ThrowableCollector.execute(ThrowableCollector.java:73)
	at org.junit.platform.engine.support.hierarchical.NodeTestTask.lambda$executeRecursively$8(NodeTestTask.java:146)
	at org.junit.platform.engine.support.hierarchical.Node.around(Node.java:137)
	at org.junit.platform.engine.support.hierarchical.NodeTestTask.lambda$executeRecursively$9(NodeTestTask.java:144)
	at org.junit.platform.engine.support.hierarchical.ThrowableCollector.execute(ThrowableCollector.java:73)
	at org.junit.platform.engine.support.hierarchical.NodeTestTask.executeRecursively(NodeTestTask.java:143)
	at org.junit.platform.engine.support.hierarchical.NodeTestTask.execute(NodeTestTask.java:100)
	at java.base/java.util.ArrayList.forEach(ArrayList.java:1596)
	at org.junit.platform.engine.support.hierarchical.SameThreadHierarchicalTestExecutorService.invokeAll(SameThreadHierarchicalTestExecutorService.java:41)
	at org.junit.platform.engine.support.hierarchical.NodeTestTask.lambda$executeRecursively$6(NodeTestTask.java:160)
	at org.junit.platform.engine.support.hierarchical.ThrowableCollector.execute(ThrowableCollector.java:73)
	at org.junit.platform.engine.support.hierarchical.NodeTestTask.lambda$executeRecursively$8(NodeTestTask.java:146)
	at org.junit.platform.engine.support.hierarchical.Node.around(Node.java:137)
	at org.junit.platform.engine.support.hierarchical.NodeTestTask.lambda$executeRecursively$9(NodeTestTask.java:144)
	at org.junit.platform.engine.support.hierarchical.ThrowableCollector.execute(ThrowableCollector.java:73)
	at org.junit.platform.engine.support.hierarchical.NodeTestTask.executeRecursively(NodeTestTask.java:143)
	at org.junit.platform.engine.support.hierarchical.NodeTestTask.execute(NodeTestTask.java:100)
	at org.junit.platform.engine.support.hierarchical.SameThreadHierarchicalTestExecutorService.submit(SameThreadHierarchicalTestExecutorService.java:35)
	at org.junit.platform.engine.support.hierarchical.HierarchicalTestExecutor.execute(HierarchicalTestExecutor.java:57)
	at org.junit.platform.engine.support.hierarchical.HierarchicalTestEngine.execute(HierarchicalTestEngine.java:54)
	at org.junit.platform.launcher.core.EngineExecutionOrchestrator.execute(EngineExecutionOrchestrator.java:201)
	at org.junit.platform.launcher.core.EngineExecutionOrchestrator.execute(EngineExecutionOrchestrator.java:170)
	at org.junit.platform.launcher.core.EngineExecutionOrchestrator.execute(EngineExecutionOrchestrator.java:94)
	at org.junit.platform.launcher.core.EngineExecutionOrchestrator.lambda$execute$0(EngineExecutionOrchestrator.java:59)
	at org.junit.platform.launcher.core.EngineExecutionOrchestrator.withInterceptedStreams(EngineExecutionOrchestrator.java:142)
	at org.junit.platform.launcher.core.EngineExecutionOrchestrator.execute(EngineExecutionOrchestrator.java:58)
	at org.junit.platform.launcher.core.DefaultLauncher.execute(DefaultLauncher.java:103)
	at org.junit.platform.launcher.core.DefaultLauncher.execute(DefaultLauncher.java:85)
	at org.junit.platform.launcher.core.DelegatingLauncher.execute(DelegatingLauncher.java:47)
	at org.junit.platform.launcher.core.InterceptingLauncher.lambda$execute$1(InterceptingLauncher.java:39)
	at org.junit.platform.launcher.core.ClasspathAlignmentCheckingLauncherInterceptor.intercept(ClasspathAlignmentCheckingLauncherInterceptor.java:25)
	at org.junit.platform.launcher.core.InterceptingLauncher.execute(InterceptingLauncher.java:38)
	at org.junit.platform.launcher.core.DelegatingLauncher.execute(DelegatingLauncher.java:47)
	at org.apache.maven.surefire.junitplatform.LauncherAdapter.executeWithoutCancellationToken(LauncherAdapter.java:60)
	at org.apache.maven.surefire.junitplatform.LauncherAdapter.execute(LauncherAdapter.java:52)
	at org.apache.maven.surefire.junitplatform.JUnitPlatformProvider.execute(JUnitPlatformProvider.java:203)
	at org.apache.maven.surefire.junitplatform.JUnitPlatformProvider.invokeAllTests(JUnitPlatformProvider.java:168)
	at org.apache.maven.surefire.junitplatform.JUnitPlatformProvider.invoke(JUnitPlatformProvider.java:136)
	at org.apache.maven.surefire.booter.ForkedBooter.runSuitesInProcess(ForkedBooter.java:385)
	at org.apache.maven.surefire.booter.ForkedBooter.execute(ForkedBooter.java:162)
	at org.apache.maven.surefire.booter.ForkedBooter.run(ForkedBooter.java:507)
	at org.apache.maven.surefire.booter.ForkedBooter.main(ForkedBooter.java:495)
Caused by: org.h2.jdbc.JdbcSQLSyntaxErrorException: Syntax error in SQL statement "\000d\000a    create table projects (\000d\000a        is_archived boolean not null,\000d\000a        archived_at timestamp(6) with time zone,\000d\000a        created_at timestamp(6) with time zone not null,\000d\000a        updated_at timestamp(6) with time zone not null,\000d\000a        [*]key varchar(10) not null unique,\000d\000a        created_by uuid not null,\000d\000a        id uuid not null,\000d\000a        description TEXT,\000d\000a        name varchar(255) not null,\000d\000a        visibility enum ('PRIVATE','PUBLIC') not null,\000d\000a        primary key (id)\000d\000a    )"; expected "identifier"; SQL statement:

    create table projects (
        is_archived boolean not null,
        archived_at timestamp(6) with time zone,
        created_at timestamp(6) with time zone not null,
        updated_at timestamp(6) with time zone not null,
        key varchar(10) not null unique,
        created_by uuid not null,
        id uuid not null,
        description TEXT,
        name varchar(255) not null,
        visibility enum ('PRIVATE','PUBLIC') not null,
        primary key (id)
    ) [42001-232]
	at org.h2.message.DbException.getJdbcSQLException(DbException.java:514)
	at org.h2.message.DbException.getJdbcSQLException(DbException.java:489)
	at org.h2.message.DbException.getSyntaxError(DbException.java:261)
	at org.h2.command.Parser.readIdentifier(Parser.java:5527)
	at org.h2.command.Parser.parseTableColumnDefinition(Parser.java:8871)
	at org.h2.command.Parser.parseCreateTable(Parser.java:8819)
	at org.h2.command.Parser.parseCreate(Parser.java:6398)
	at org.h2.command.Parser.parsePrepared(Parser.java:645)
	at org.h2.command.Parser.parse(Parser.java:581)
	at org.h2.command.Parser.parse(Parser.java:556)
	at org.h2.command.Parser.prepareCommand(Parser.java:484)
	at org.h2.engine.SessionLocal.prepareLocal(SessionLocal.java:645)
	at org.h2.engine.SessionLocal.prepareCommand(SessionLocal.java:561)
	at org.h2.jdbc.JdbcConnection.prepareCommand(JdbcConnection.java:1164)
	at org.h2.jdbc.JdbcStatement.executeInternal(JdbcStatement.java:245)
	at org.h2.jdbc.JdbcStatement.execute(JdbcStatement.java:231)
	at com.zaxxer.hikari.pool.ProxyStatement.execute(ProxyStatement.java:95)
	at com.zaxxer.hikari.pool.HikariProxyStatement.execute(HikariProxyStatement.java)
	at org.hibernate.tool.schema.internal.exec.GenerationTargetToDatabase.accept(GenerationTargetToDatabase.java:80)
	... 124 common frames omitted
2025-12-04 22:08:57 [main] DEBUG org.hibernate.SQL - 
    create table refresh_tokens (
        expires_at timestamp(6) with time zone not null,
        id uuid not null,
        user_id uuid not null,
        token varchar(500) not null unique,
        primary key (id)
    )
2025-12-04 22:08:57 [main] DEBUG org.hibernate.SQL - 
    create table role_permissions (
        permission_id uuid not null,
        role_id uuid not null,
        primary key (permission_id, role_id)
    )
2025-12-04 22:08:57 [main] DEBUG org.hibernate.SQL - 
    create table roles (
        id uuid not null,
        name varchar(50) not null unique,
        description text,
        primary key (id)
    )
2025-12-04 22:08:57 [main] DEBUG org.hibernate.SQL - 
    create table user_roles (
        role_id uuid not null,
        user_id uuid not null,
        primary key (role_id, user_id)
    )
2025-12-04 22:08:57 [main] DEBUG org.hibernate.SQL - 
    create table users (
        enabled boolean not null,
        created_at timestamp(6) with time zone not null,
        last_login_at timestamp(6) with time zone,
        updated_at timestamp(6) with time zone not null,
        id uuid not null,
        avatar_url varchar(1000),
        email varchar(255) not null unique,
        name varchar(255) not null,
        password_hash varchar(255) not null,
        primary key (id)
    )
2025-12-04 22:08:57 [main] DEBUG org.hibernate.SQL - 
    create index idx_project_members_project_id 
       on project_members (project_id)
2025-12-04 22:08:57 [main] DEBUG org.hibernate.SQL - 
    create index idx_project_members_user_id 
       on project_members (user_id)
2025-12-04 22:08:57 [main] DEBUG org.hibernate.SQL - 
    create index idx_project_members_user_role 
       on project_members (user_id, role)
2025-12-04 22:08:57 [main] DEBUG org.hibernate.SQL - 
    create index idx_projects_key 
       on projects (key)
2025-12-04 22:08:57 [main] WARN  o.h.t.s.i.ExceptionHandlerLoggedImpl - GenerationTarget encountered exception accepting command : Error executing DDL "
    create index idx_projects_key 
       on projects (key)" via JDBC [Syntax error in SQL statement "\000d\000a    create index idx_projects_key \000d\000a       on projects ([*]key)"; expected "identifier";]
org.hibernate.tool.schema.spi.CommandAcceptanceException: Error executing DDL "
    create index idx_projects_key 
       on projects (key)" via JDBC [Syntax error in SQL statement "\000d\000a    create index idx_projects_key \000d\000a       on projects ([*]key)"; expected "identifier";]
	at org.hibernate.tool.schema.internal.exec.GenerationTargetToDatabase.accept(GenerationTargetToDatabase.java:94)
	at org.hibernate.tool.schema.internal.Helper.applySqlString(Helper.java:233)
	at org.hibernate.tool.schema.internal.Helper.applySqlStrings(Helper.java:217)
	at org.hibernate.tool.schema.internal.SchemaCreatorImpl.createTableConstraints(SchemaCreatorImpl.java:392)
	at org.hibernate.tool.schema.internal.SchemaCreatorImpl.createSequencesTablesConstraints(SchemaCreatorImpl.java:358)
	at org.hibernate.tool.schema.internal.SchemaCreatorImpl.createFromMetadata(SchemaCreatorImpl.java:241)
	at org.hibernate.tool.schema.internal.SchemaCreatorImpl.performCreation(SchemaCreatorImpl.java:174)
	at org.hibernate.tool.schema.internal.SchemaCreatorImpl.doCreation(SchemaCreatorImpl.java:144)
	at org.hibernate.tool.schema.internal.SchemaCreatorImpl.doCreation(SchemaCreatorImpl.java:120)
	at org.hibernate.tool.schema.spi.SchemaManagementToolCoordinator.performDatabaseAction(SchemaManagementToolCoordinator.java:250)
	at org.hibernate.tool.schema.spi.SchemaManagementToolCoordinator.lambda$process$5(SchemaManagementToolCoordinator.java:144)
	at java.base/java.util.HashMap.forEach(HashMap.java:1429)
	at org.hibernate.tool.schema.spi.SchemaManagementToolCoordinator.process(SchemaManagementToolCoordinator.java:141)
	at org.hibernate.boot.internal.SessionFactoryObserverForSchemaExport.sessionFactoryCreated(SessionFactoryObserverForSchemaExport.java:37)
	at org.hibernate.internal.SessionFactoryObserverChain.sessionFactoryCreated(SessionFactoryObserverChain.java:35)
	at org.hibernate.internal.SessionFactoryImpl.<init>(SessionFactoryImpl.java:324)
	at org.hibernate.boot.internal.SessionFactoryBuilderImpl.build(SessionFactoryBuilderImpl.java:463)
	at org.hibernate.jpa.boot.internal.EntityManagerFactoryBuilderImpl.build(EntityManagerFactoryBuilderImpl.java:1517)
	at org.springframework.orm.jpa.vendor.SpringHibernateJpaPersistenceProvider.createContainerEntityManagerFactory(SpringHibernateJpaPersistenceProvider.java:66)
	at org.springframework.orm.jpa.LocalContainerEntityManagerFactoryBean.createNativeEntityManagerFactory(LocalContainerEntityManagerFactoryBean.java:390)
	at org.springframework.orm.jpa.AbstractEntityManagerFactoryBean.buildNativeEntityManagerFactory(AbstractEntityManagerFactoryBean.java:419)
	at org.springframework.orm.jpa.AbstractEntityManagerFactoryBean.afterPropertiesSet(AbstractEntityManagerFactoryBean.java:400)
	at org.springframework.orm.jpa.LocalContainerEntityManagerFactoryBean.afterPropertiesSet(LocalContainerEntityManagerFactoryBean.java:366)
	at org.springframework.beans.factory.support.AbstractAutowireCapableBeanFactory.invokeInitMethods(AbstractAutowireCapableBeanFactory.java:1873)
	at org.springframework.beans.factory.support.AbstractAutowireCapableBeanFactory.initializeBean(AbstractAutowireCapableBeanFactory.java:1822)
	at org.springframework.beans.factory.support.AbstractAutowireCapableBeanFactory.doCreateBean(AbstractAutowireCapableBeanFactory.java:607)
	at org.springframework.beans.factory.support.AbstractAutowireCapableBeanFactory.createBean(AbstractAutowireCapableBeanFactory.java:529)
	at org.springframework.beans.factory.support.AbstractBeanFactory.lambda$doGetBean$0(AbstractBeanFactory.java:339)
	at org.springframework.beans.factory.support.DefaultSingletonBeanRegistry.getSingleton(DefaultSingletonBeanRegistry.java:373)
	at org.springframework.beans.factory.support.AbstractBeanFactory.doGetBean(AbstractBeanFactory.java:337)
	at org.springframework.beans.factory.support.AbstractBeanFactory.getBean(AbstractBeanFactory.java:207)
	at org.springframework.context.support.AbstractApplicationContext.finishBeanFactoryInitialization(AbstractApplicationContext.java:973)
	at org.springframework.context.support.AbstractApplicationContext.refresh(AbstractApplicationContext.java:627)
	at org.springframework.boot.SpringApplication.refresh(SpringApplication.java:752)
	at org.springframework.boot.SpringApplication.refreshContext(SpringApplication.java:439)
	at org.springframework.boot.SpringApplication.run(SpringApplication.java:318)
	at org.springframework.boot.test.context.SpringBootContextLoader.lambda$loadContext$3(SpringBootContextLoader.java:144)
	at org.springframework.util.function.ThrowingSupplier.get(ThrowingSupplier.java:58)
	at org.springframework.util.function.ThrowingSupplier.get(ThrowingSupplier.java:46)
	at org.springframework.boot.SpringApplication.withHook(SpringApplication.java:1461)
	at org.springframework.boot.test.context.SpringBootContextLoader$ContextLoaderHook.run(SpringBootContextLoader.java:563)
	at org.springframework.boot.test.context.SpringBootContextLoader.loadContext(SpringBootContextLoader.java:144)
	at org.springframework.boot.test.context.SpringBootContextLoader.loadContext(SpringBootContextLoader.java:110)
	at org.springframework.test.context.cache.DefaultCacheAwareContextLoaderDelegate.loadContextInternal(DefaultCacheAwareContextLoaderDelegate.java:225)
	at org.springframework.test.context.cache.DefaultCacheAwareContextLoaderDelegate.loadContext(DefaultCacheAwareContextLoaderDelegate.java:152)
	at org.springframework.test.context.support.DefaultTestContext.getApplicationContext(DefaultTestContext.java:130)
	at org.springframework.test.context.web.ServletTestExecutionListener.setUpRequestContextIfNecessary(ServletTestExecutionListener.java:200)
	at org.springframework.test.context.web.ServletTestExecutionListener.prepareTestInstance(ServletTestExecutionListener.java:139)
	at org.springframework.test.context.TestContextManager.prepareTestInstance(TestContextManager.java:260)
	at org.springframework.test.context.junit.jupiter.SpringExtension.postProcessTestInstance(SpringExtension.java:159)
	at org.junit.jupiter.engine.descriptor.ClassBasedTestDescriptor.lambda$invokeTestInstancePostProcessors$10(ClassBasedTestDescriptor.java:383)
	at org.junit.jupiter.engine.descriptor.ClassBasedTestDescriptor.executeAndMaskThrowable(ClassBasedTestDescriptor.java:388)
	at org.junit.jupiter.engine.descriptor.ClassBasedTestDescriptor.lambda$invokeTestInstancePostProcessors$11(ClassBasedTestDescriptor.java:382)
	at java.base/java.util.stream.ForEachOps$ForEachOp$OfRef.accept(ForEachOps.java:184)
	at java.base/java.util.stream.ReferencePipeline$3$1.accept(ReferencePipeline.java:197)
	at java.base/java.util.stream.ReferencePipeline$2$1.accept(ReferencePipeline.java:179)
	at java.base/java.util.stream.ReferencePipeline$3$1.accept(ReferencePipeline.java:197)
	at java.base/java.util.ArrayList$ArrayListSpliterator.forEachRemaining(ArrayList.java:1708)
	at java.base/java.util.stream.AbstractPipeline.copyInto(AbstractPipeline.java:509)
	at java.base/java.util.stream.AbstractPipeline.wrapAndCopyInto(AbstractPipeline.java:499)
	at java.base/java.util.stream.ForEachOps$ForEachOp.evaluateSequential(ForEachOps.java:151)
	at java.base/java.util.stream.ForEachOps$ForEachOp$OfRef.evaluateSequential(ForEachOps.java:174)
	at java.base/java.util.stream.AbstractPipeline.evaluate(AbstractPipeline.java:234)
	at java.base/java.util.stream.ReferencePipeline.forEach(ReferencePipeline.java:596)
	at org.junit.jupiter.engine.descriptor.ClassBasedTestDescriptor.invokeTestInstancePostProcessors(ClassBasedTestDescriptor.java:382)
	at org.junit.jupiter.engine.descriptor.ClassBasedTestDescriptor.lambda$instantiateAndPostProcessTestInstance$6(ClassBasedTestDescriptor.java:293)
	at org.junit.platform.engine.support.hierarchical.ThrowableCollector.execute(ThrowableCollector.java:73)
	at org.junit.jupiter.engine.descriptor.ClassBasedTestDescriptor.instantiateAndPostProcessTestInstance(ClassBasedTestDescriptor.java:292)
	at org.junit.jupiter.engine.descriptor.ClassBasedTestDescriptor.lambda$testInstancesProvider$4(ClassBasedTestDescriptor.java:281)
	at java.base/java.util.Optional.orElseGet(Optional.java:364)
	at org.junit.jupiter.engine.descriptor.ClassBasedTestDescriptor.lambda$testInstancesProvider$5(ClassBasedTestDescriptor.java:280)
	at org.junit.jupiter.engine.execution.TestInstancesProvider.getTestInstances(TestInstancesProvider.java:27)
	at org.junit.jupiter.engine.descriptor.TestMethodTestDescriptor.lambda$prepare$0(TestMethodTestDescriptor.java:112)
	at org.junit.platform.engine.support.hierarchical.ThrowableCollector.execute(ThrowableCollector.java:73)
	at org.junit.jupiter.engine.descriptor.TestMethodTestDescriptor.prepare(TestMethodTestDescriptor.java:111)
	at org.junit.jupiter.engine.descriptor.TestMethodTestDescriptor.prepare(TestMethodTestDescriptor.java:69)
	at org.junit.platform.engine.support.hierarchical.NodeTestTask.lambda$prepare$2(NodeTestTask.java:128)
	at org.junit.platform.engine.support.hierarchical.ThrowableCollector.execute(ThrowableCollector.java:73)
	at org.junit.platform.engine.support.hierarchical.NodeTestTask.prepare(NodeTestTask.java:128)
	at org.junit.platform.engine.support.hierarchical.NodeTestTask.execute(NodeTestTask.java:95)
	at java.base/java.util.ArrayList.forEach(ArrayList.java:1596)
	at org.junit.platform.engine.support.hierarchical.SameThreadHierarchicalTestExecutorService.invokeAll(SameThreadHierarchicalTestExecutorService.java:41)
	at org.junit.platform.engine.support.hierarchical.NodeTestTask.lambda$executeRecursively$6(NodeTestTask.java:160)
	at org.junit.platform.engine.support.hierarchical.ThrowableCollector.execute(ThrowableCollector.java:73)
	at org.junit.platform.engine.support.hierarchical.NodeTestTask.lambda$executeRecursively$8(NodeTestTask.java:146)
	at org.junit.platform.engine.support.hierarchical.Node.around(Node.java:137)
	at org.junit.platform.engine.support.hierarchical.NodeTestTask.lambda$executeRecursively$9(NodeTestTask.java:144)
	at org.junit.platform.engine.support.hierarchical.ThrowableCollector.execute(ThrowableCollector.java:73)
	at org.junit.platform.engine.support.hierarchical.NodeTestTask.executeRecursively(NodeTestTask.java:143)
	at org.junit.platform.engine.support.hierarchical.NodeTestTask.execute(NodeTestTask.java:100)
	at java.base/java.util.ArrayList.forEach(ArrayList.java:1596)
	at org.junit.platform.engine.support.hierarchical.SameThreadHierarchicalTestExecutorService.invokeAll(SameThreadHierarchicalTestExecutorService.java:41)
	at org.junit.platform.engine.support.hierarchical.NodeTestTask.lambda$executeRecursively$6(NodeTestTask.java:160)
	at org.junit.platform.engine.support.hierarchical.ThrowableCollector.execute(ThrowableCollector.java:73)
	at org.junit.platform.engine.support.hierarchical.NodeTestTask.lambda$executeRecursively$8(NodeTestTask.java:146)
	at org.junit.platform.engine.support.hierarchical.Node.around(Node.java:137)
	at org.junit.platform.engine.support.hierarchical.NodeTestTask.lambda$executeRecursively$9(NodeTestTask.java:144)
	at org.junit.platform.engine.support.hierarchical.ThrowableCollector.execute(ThrowableCollector.java:73)
	at org.junit.platform.engine.support.hierarchical.NodeTestTask.executeRecursively(NodeTestTask.java:143)
	at org.junit.platform.engine.support.hierarchical.NodeTestTask.execute(NodeTestTask.java:100)
	at org.junit.platform.engine.support.hierarchical.SameThreadHierarchicalTestExecutorService.submit(SameThreadHierarchicalTestExecutorService.java:35)
	at org.junit.platform.engine.support.hierarchical.HierarchicalTestExecutor.execute(HierarchicalTestExecutor.java:57)
	at org.junit.platform.engine.support.hierarchical.HierarchicalTestEngine.execute(HierarchicalTestEngine.java:54)
	at org.junit.platform.launcher.core.EngineExecutionOrchestrator.execute(EngineExecutionOrchestrator.java:201)
	at org.junit.platform.launcher.core.EngineExecutionOrchestrator.execute(EngineExecutionOrchestrator.java:170)
	at org.junit.platform.launcher.core.EngineExecutionOrchestrator.execute(EngineExecutionOrchestrator.java:94)
	at org.junit.platform.launcher.core.EngineExecutionOrchestrator.lambda$execute$0(EngineExecutionOrchestrator.java:59)
	at org.junit.platform.launcher.core.EngineExecutionOrchestrator.withInterceptedStreams(EngineExecutionOrchestrator.java:142)
	at org.junit.platform.launcher.core.EngineExecutionOrchestrator.execute(EngineExecutionOrchestrator.java:58)
	at org.junit.platform.launcher.core.DefaultLauncher.execute(DefaultLauncher.java:103)
	at org.junit.platform.launcher.core.DefaultLauncher.execute(DefaultLauncher.java:85)
	at org.junit.platform.launcher.core.DelegatingLauncher.execute(DelegatingLauncher.java:47)
	at org.junit.platform.launcher.core.InterceptingLauncher.lambda$execute$1(InterceptingLauncher.java:39)
	at org.junit.platform.launcher.core.ClasspathAlignmentCheckingLauncherInterceptor.intercept(ClasspathAlignmentCheckingLauncherInterceptor.java:25)
	at org.junit.platform.launcher.core.InterceptingLauncher.execute(InterceptingLauncher.java:38)
	at org.junit.platform.launcher.core.DelegatingLauncher.execute(DelegatingLauncher.java:47)
	at org.apache.maven.surefire.junitplatform.LauncherAdapter.executeWithoutCancellationToken(LauncherAdapter.java:60)
	at org.apache.maven.surefire.junitplatform.LauncherAdapter.execute(LauncherAdapter.java:52)
	at org.apache.maven.surefire.junitplatform.JUnitPlatformProvider.execute(JUnitPlatformProvider.java:203)
	at org.apache.maven.surefire.junitplatform.JUnitPlatformProvider.invokeAllTests(JUnitPlatformProvider.java:168)
	at org.apache.maven.surefire.junitplatform.JUnitPlatformProvider.invoke(JUnitPlatformProvider.java:136)
	at org.apache.maven.surefire.booter.ForkedBooter.runSuitesInProcess(ForkedBooter.java:385)
	at org.apache.maven.surefire.booter.ForkedBooter.execute(ForkedBooter.java:162)
	at org.apache.maven.surefire.booter.ForkedBooter.run(ForkedBooter.java:507)
	at org.apache.maven.surefire.booter.ForkedBooter.main(ForkedBooter.java:495)
Caused by: org.h2.jdbc.JdbcSQLSyntaxErrorException: Syntax error in SQL statement "\000d\000a    create index idx_projects_key \000d\000a       on projects ([*]key)"; expected "identifier"; SQL statement:

    create index idx_projects_key 
       on projects (key) [42001-232]
	at org.h2.message.DbException.getJdbcSQLException(DbException.java:514)
	at org.h2.message.DbException.getJdbcSQLException(DbException.java:489)
	at org.h2.message.DbException.getSyntaxError(DbException.java:261)
	at org.h2.command.Parser.readIdentifier(Parser.java:5527)
	at org.h2.command.Parser.parseIndexColumnList(Parser.java:1123)
	at org.h2.command.Parser.parseCreate(Parser.java:6471)
	at org.h2.command.Parser.parsePrepared(Parser.java:645)
	at org.h2.command.Parser.parse(Parser.java:581)
	at org.h2.command.Parser.parse(Parser.java:556)
	at org.h2.command.Parser.prepareCommand(Parser.java:484)
	at org.h2.engine.SessionLocal.prepareLocal(SessionLocal.java:645)
	at org.h2.engine.SessionLocal.prepareCommand(SessionLocal.java:561)
	at org.h2.jdbc.JdbcConnection.prepareCommand(JdbcConnection.java:1164)
	at org.h2.jdbc.JdbcStatement.executeInternal(JdbcStatement.java:245)
	at org.h2.jdbc.JdbcStatement.execute(JdbcStatement.java:231)
	at com.zaxxer.hikari.pool.ProxyStatement.execute(ProxyStatement.java:95)
	at com.zaxxer.hikari.pool.HikariProxyStatement.execute(HikariProxyStatement.java)
	at org.hibernate.tool.schema.internal.exec.GenerationTargetToDatabase.accept(GenerationTargetToDatabase.java:80)
	... 124 common frames omitted
2025-12-04 22:08:57 [main] DEBUG org.hibernate.SQL - 
    create index idx_projects_created_by 
       on projects (created_by)
2025-12-04 22:08:57 [main] WARN  o.h.t.s.i.ExceptionHandlerLoggedImpl - GenerationTarget encountered exception accepting command : Error executing DDL "
    create index idx_projects_created_by 
       on projects (created_by)" via JDBC [Table "PROJECTS" not found;]
org.hibernate.tool.schema.spi.CommandAcceptanceException: Error executing DDL "
    create index idx_projects_created_by 
       on projects (created_by)" via JDBC [Table "PROJECTS" not found;]
	at org.hibernate.tool.schema.internal.exec.GenerationTargetToDatabase.accept(GenerationTargetToDatabase.java:94)
	at org.hibernate.tool.schema.internal.Helper.applySqlString(Helper.java:233)
	at org.hibernate.tool.schema.internal.Helper.applySqlStrings(Helper.java:217)
	at org.hibernate.tool.schema.internal.SchemaCreatorImpl.createTableConstraints(SchemaCreatorImpl.java:392)
	at org.hibernate.tool.schema.internal.SchemaCreatorImpl.createSequencesTablesConstraints(SchemaCreatorImpl.java:358)
	at org.hibernate.tool.schema.internal.SchemaCreatorImpl.createFromMetadata(SchemaCreatorImpl.java:241)
	at org.hibernate.tool.schema.internal.SchemaCreatorImpl.performCreation(SchemaCreatorImpl.java:174)
	at org.hibernate.tool.schema.internal.SchemaCreatorImpl.doCreation(SchemaCreatorImpl.java:144)
	at org.hibernate.tool.schema.internal.SchemaCreatorImpl.doCreation(SchemaCreatorImpl.java:120)
	at org.hibernate.tool.schema.spi.SchemaManagementToolCoordinator.performDatabaseAction(SchemaManagementToolCoordinator.java:250)
	at org.hibernate.tool.schema.spi.SchemaManagementToolCoordinator.lambda$process$5(SchemaManagementToolCoordinator.java:144)
	at java.base/java.util.HashMap.forEach(HashMap.java:1429)
	at org.hibernate.tool.schema.spi.SchemaManagementToolCoordinator.process(SchemaManagementToolCoordinator.java:141)
	at org.hibernate.boot.internal.SessionFactoryObserverForSchemaExport.sessionFactoryCreated(SessionFactoryObserverForSchemaExport.java:37)
	at org.hibernate.internal.SessionFactoryObserverChain.sessionFactoryCreated(SessionFactoryObserverChain.java:35)
	at org.hibernate.internal.SessionFactoryImpl.<init>(SessionFactoryImpl.java:324)
	at org.hibernate.boot.internal.SessionFactoryBuilderImpl.build(SessionFactoryBuilderImpl.java:463)
	at org.hibernate.jpa.boot.internal.EntityManagerFactoryBuilderImpl.build(EntityManagerFactoryBuilderImpl.java:1517)
	at org.springframework.orm.jpa.vendor.SpringHibernateJpaPersistenceProvider.createContainerEntityManagerFactory(SpringHibernateJpaPersistenceProvider.java:66)
	at org.springframework.orm.jpa.LocalContainerEntityManagerFactoryBean.createNativeEntityManagerFactory(LocalContainerEntityManagerFactoryBean.java:390)
	at org.springframework.orm.jpa.AbstractEntityManagerFactoryBean.buildNativeEntityManagerFactory(AbstractEntityManagerFactoryBean.java:419)
	at org.springframework.orm.jpa.AbstractEntityManagerFactoryBean.afterPropertiesSet(AbstractEntityManagerFactoryBean.java:400)
	at org.springframework.orm.jpa.LocalContainerEntityManagerFactoryBean.afterPropertiesSet(LocalContainerEntityManagerFactoryBean.java:366)
	at org.springframework.beans.factory.support.AbstractAutowireCapableBeanFactory.invokeInitMethods(AbstractAutowireCapableBeanFactory.java:1873)
	at org.springframework.beans.factory.support.AbstractAutowireCapableBeanFactory.initializeBean(AbstractAutowireCapableBeanFactory.java:1822)
	at org.springframework.beans.factory.support.AbstractAutowireCapableBeanFactory.doCreateBean(AbstractAutowireCapableBeanFactory.java:607)
	at org.springframework.beans.factory.support.AbstractAutowireCapableBeanFactory.createBean(AbstractAutowireCapableBeanFactory.java:529)
	at org.springframework.beans.factory.support.AbstractBeanFactory.lambda$doGetBean$0(AbstractBeanFactory.java:339)
	at org.springframework.beans.factory.support.DefaultSingletonBeanRegistry.getSingleton(DefaultSingletonBeanRegistry.java:373)
	at org.springframework.beans.factory.support.AbstractBeanFactory.doGetBean(AbstractBeanFactory.java:337)
	at org.springframework.beans.factory.support.AbstractBeanFactory.getBean(AbstractBeanFactory.java:207)
	at org.springframework.context.support.AbstractApplicationContext.finishBeanFactoryInitialization(AbstractApplicationContext.java:973)
	at org.springframework.context.support.AbstractApplicationContext.refresh(AbstractApplicationContext.java:627)
	at org.springframework.boot.SpringApplication.refresh(SpringApplication.java:752)
	at org.springframework.boot.SpringApplication.refreshContext(SpringApplication.java:439)
	at org.springframework.boot.SpringApplication.run(SpringApplication.java:318)
	at org.springframework.boot.test.context.SpringBootContextLoader.lambda$loadContext$3(SpringBootContextLoader.java:144)
	at org.springframework.util.function.ThrowingSupplier.get(ThrowingSupplier.java:58)
	at org.springframework.util.function.ThrowingSupplier.get(ThrowingSupplier.java:46)
	at org.springframework.boot.SpringApplication.withHook(SpringApplication.java:1461)
	at org.springframework.boot.test.context.SpringBootContextLoader$ContextLoaderHook.run(SpringBootContextLoader.java:563)
	at org.springframework.boot.test.context.SpringBootContextLoader.loadContext(SpringBootContextLoader.java:144)
	at org.springframework.boot.test.context.SpringBootContextLoader.loadContext(SpringBootContextLoader.java:110)
	at org.springframework.test.context.cache.DefaultCacheAwareContextLoaderDelegate.loadContextInternal(DefaultCacheAwareContextLoaderDelegate.java:225)
	at org.springframework.test.context.cache.DefaultCacheAwareContextLoaderDelegate.loadContext(DefaultCacheAwareContextLoaderDelegate.java:152)
	at org.springframework.test.context.support.DefaultTestContext.getApplicationContext(DefaultTestContext.java:130)
	at org.springframework.test.context.web.ServletTestExecutionListener.setUpRequestContextIfNecessary(ServletTestExecutionListener.java:200)
	at org.springframework.test.context.web.ServletTestExecutionListener.prepareTestInstance(ServletTestExecutionListener.java:139)
	at org.springframework.test.context.TestContextManager.prepareTestInstance(TestContextManager.java:260)
	at org.springframework.test.context.junit.jupiter.SpringExtension.postProcessTestInstance(SpringExtension.java:159)
	at org.junit.jupiter.engine.descriptor.ClassBasedTestDescriptor.lambda$invokeTestInstancePostProcessors$10(ClassBasedTestDescriptor.java:383)
	at org.junit.jupiter.engine.descriptor.ClassBasedTestDescriptor.executeAndMaskThrowable(ClassBasedTestDescriptor.java:388)
	at org.junit.jupiter.engine.descriptor.ClassBasedTestDescriptor.lambda$invokeTestInstancePostProcessors$11(ClassBasedTestDescriptor.java:382)
	at java.base/java.util.stream.ForEachOps$ForEachOp$OfRef.accept(ForEachOps.java:184)
	at java.base/java.util.stream.ReferencePipeline$3$1.accept(ReferencePipeline.java:197)
	at java.base/java.util.stream.ReferencePipeline$2$1.accept(ReferencePipeline.java:179)
	at java.base/java.util.stream.ReferencePipeline$3$1.accept(ReferencePipeline.java:197)
	at java.base/java.util.ArrayList$ArrayListSpliterator.forEachRemaining(ArrayList.java:1708)
	at java.base/java.util.stream.AbstractPipeline.copyInto(AbstractPipeline.java:509)
	at java.base/java.util.stream.AbstractPipeline.wrapAndCopyInto(AbstractPipeline.java:499)
	at java.base/java.util.stream.ForEachOps$ForEachOp.evaluateSequential(ForEachOps.java:151)
	at java.base/java.util.stream.ForEachOps$ForEachOp$OfRef.evaluateSequential(ForEachOps.java:174)
	at java.base/java.util.stream.AbstractPipeline.evaluate(AbstractPipeline.java:234)
	at java.base/java.util.stream.ReferencePipeline.forEach(ReferencePipeline.java:596)
	at org.junit.jupiter.engine.descriptor.ClassBasedTestDescriptor.invokeTestInstancePostProcessors(ClassBasedTestDescriptor.java:382)
	at org.junit.jupiter.engine.descriptor.ClassBasedTestDescriptor.lambda$instantiateAndPostProcessTestInstance$6(ClassBasedTestDescriptor.java:293)
	at org.junit.platform.engine.support.hierarchical.ThrowableCollector.execute(ThrowableCollector.java:73)
	at org.junit.jupiter.engine.descriptor.ClassBasedTestDescriptor.instantiateAndPostProcessTestInstance(ClassBasedTestDescriptor.java:292)
	at org.junit.jupiter.engine.descriptor.ClassBasedTestDescriptor.lambda$testInstancesProvider$4(ClassBasedTestDescriptor.java:281)
	at java.base/java.util.Optional.orElseGet(Optional.java:364)
	at org.junit.jupiter.engine.descriptor.ClassBasedTestDescriptor.lambda$testInstancesProvider$5(ClassBasedTestDescriptor.java:280)
	at org.junit.jupiter.engine.execution.TestInstancesProvider.getTestInstances(TestInstancesProvider.java:27)
	at org.junit.jupiter.engine.descriptor.TestMethodTestDescriptor.lambda$prepare$0(TestMethodTestDescriptor.java:112)
	at org.junit.platform.engine.support.hierarchical.ThrowableCollector.execute(ThrowableCollector.java:73)
	at org.junit.jupiter.engine.descriptor.TestMethodTestDescriptor.prepare(TestMethodTestDescriptor.java:111)
	at org.junit.jupiter.engine.descriptor.TestMethodTestDescriptor.prepare(TestMethodTestDescriptor.java:69)
	at org.junit.platform.engine.support.hierarchical.NodeTestTask.lambda$prepare$2(NodeTestTask.java:128)
	at org.junit.platform.engine.support.hierarchical.ThrowableCollector.execute(ThrowableCollector.java:73)
	at org.junit.platform.engine.support.hierarchical.NodeTestTask.prepare(NodeTestTask.java:128)
	at org.junit.platform.engine.support.hierarchical.NodeTestTask.execute(NodeTestTask.java:95)
	at java.base/java.util.ArrayList.forEach(ArrayList.java:1596)
	at org.junit.platform.engine.support.hierarchical.SameThreadHierarchicalTestExecutorService.invokeAll(SameThreadHierarchicalTestExecutorService.java:41)
	at org.junit.platform.engine.support.hierarchical.NodeTestTask.lambda$executeRecursively$6(NodeTestTask.java:160)
	at org.junit.platform.engine.support.hierarchical.ThrowableCollector.execute(ThrowableCollector.java:73)
	at org.junit.platform.engine.support.hierarchical.NodeTestTask.lambda$executeRecursively$8(NodeTestTask.java:146)
	at org.junit.platform.engine.support.hierarchical.Node.around(Node.java:137)
	at org.junit.platform.engine.support.hierarchical.NodeTestTask.lambda$executeRecursively$9(NodeTestTask.java:144)
	at org.junit.platform.engine.support.hierarchical.ThrowableCollector.execute(ThrowableCollector.java:73)
	at org.junit.platform.engine.support.hierarchical.NodeTestTask.executeRecursively(NodeTestTask.java:143)
	at org.junit.platform.engine.support.hierarchical.NodeTestTask.execute(NodeTestTask.java:100)
	at java.base/java.util.ArrayList.forEach(ArrayList.java:1596)
	at org.junit.platform.engine.support.hierarchical.SameThreadHierarchicalTestExecutorService.invokeAll(SameThreadHierarchicalTestExecutorService.java:41)
	at org.junit.platform.engine.support.hierarchical.NodeTestTask.lambda$executeRecursively$6(NodeTestTask.java:160)
	at org.junit.platform.engine.support.hierarchical.ThrowableCollector.execute(ThrowableCollector.java:73)
	at org.junit.platform.engine.support.hierarchical.NodeTestTask.lambda$executeRecursively$8(NodeTestTask.java:146)
	at org.junit.platform.engine.support.hierarchical.Node.around(Node.java:137)
	at org.junit.platform.engine.support.hierarchical.NodeTestTask.lambda$executeRecursively$9(NodeTestTask.java:144)
	at org.junit.platform.engine.support.hierarchical.ThrowableCollector.execute(ThrowableCollector.java:73)
	at org.junit.platform.engine.support.hierarchical.NodeTestTask.executeRecursively(NodeTestTask.java:143)
	at org.junit.platform.engine.support.hierarchical.NodeTestTask.execute(NodeTestTask.java:100)
	at org.junit.platform.engine.support.hierarchical.SameThreadHierarchicalTestExecutorService.submit(SameThreadHierarchicalTestExecutorService.java:35)
	at org.junit.platform.engine.support.hierarchical.HierarchicalTestExecutor.execute(HierarchicalTestExecutor.java:57)
	at org.junit.platform.engine.support.hierarchical.HierarchicalTestEngine.execute(HierarchicalTestEngine.java:54)
	at org.junit.platform.launcher.core.EngineExecutionOrchestrator.execute(EngineExecutionOrchestrator.java:201)
	at org.junit.platform.launcher.core.EngineExecutionOrchestrator.execute(EngineExecutionOrchestrator.java:170)
	at org.junit.platform.launcher.core.EngineExecutionOrchestrator.execute(EngineExecutionOrchestrator.java:94)
	at org.junit.platform.launcher.core.EngineExecutionOrchestrator.lambda$execute$0(EngineExecutionOrchestrator.java:59)
	at org.junit.platform.launcher.core.EngineExecutionOrchestrator.withInterceptedStreams(EngineExecutionOrchestrator.java:142)
	at org.junit.platform.launcher.core.EngineExecutionOrchestrator.execute(EngineExecutionOrchestrator.java:58)
	at org.junit.platform.launcher.core.DefaultLauncher.execute(DefaultLauncher.java:103)
	at org.junit.platform.launcher.core.DefaultLauncher.execute(DefaultLauncher.java:85)
	at org.junit.platform.launcher.core.DelegatingLauncher.execute(DelegatingLauncher.java:47)
	at org.junit.platform.launcher.core.InterceptingLauncher.lambda$execute$1(InterceptingLauncher.java:39)
	at org.junit.platform.launcher.core.ClasspathAlignmentCheckingLauncherInterceptor.intercept(ClasspathAlignmentCheckingLauncherInterceptor.java:25)
	at org.junit.platform.launcher.core.InterceptingLauncher.execute(InterceptingLauncher.java:38)
	at org.junit.platform.launcher.core.DelegatingLauncher.execute(DelegatingLauncher.java:47)
	at org.apache.maven.surefire.junitplatform.LauncherAdapter.executeWithoutCancellationToken(LauncherAdapter.java:60)
	at org.apache.maven.surefire.junitplatform.LauncherAdapter.execute(LauncherAdapter.java:52)
	at org.apache.maven.surefire.junitplatform.JUnitPlatformProvider.execute(JUnitPlatformProvider.java:203)
	at org.apache.maven.surefire.junitplatform.JUnitPlatformProvider.invokeAllTests(JUnitPlatformProvider.java:168)
	at org.apache.maven.surefire.junitplatform.JUnitPlatformProvider.invoke(JUnitPlatformProvider.java:136)
	at org.apache.maven.surefire.booter.ForkedBooter.runSuitesInProcess(ForkedBooter.java:385)
	at org.apache.maven.surefire.booter.ForkedBooter.execute(ForkedBooter.java:162)
	at org.apache.maven.surefire.booter.ForkedBooter.run(ForkedBooter.java:507)
	at org.apache.maven.surefire.booter.ForkedBooter.main(ForkedBooter.java:495)
Caused by: org.h2.jdbc.JdbcSQLSyntaxErrorException: Table "PROJECTS" not found; SQL statement:

    create index idx_projects_created_by 
       on projects (creat [42102-232]
	at org.h2.message.DbException.getJdbcSQLException(DbException.java:514)
	at org.h2.message.DbException.getJdbcSQLException(DbException.java:489)
	at org.h2.message.DbException.get(DbException.java:223)
	at org.h2.message.DbException.get(DbException.java:199)
	at org.h2.command.ddl.CreateIndex.update(CreateIndex.java:70)
	at org.h2.command.CommandContainer.update(CommandContainer.java:139)
	at org.h2.command.Command.executeUpdate(Command.java:304)
	at org.h2.command.Command.executeUpdate(Command.java:248)
	at org.h2.jdbc.JdbcStatement.executeInternal(JdbcStatement.java:262)
	at org.h2.jdbc.JdbcStatement.execute(JdbcStatement.java:231)
	at com.zaxxer.hikari.pool.ProxyStatement.execute(ProxyStatement.java:95)
	at com.zaxxer.hikari.pool.HikariProxyStatement.execute(HikariProxyStatement.java)
	at org.hibernate.tool.schema.internal.exec.GenerationTargetToDatabase.accept(GenerationTargetToDatabase.java:80)
	... 124 common frames omitted
2025-12-04 22:08:57 [main] DEBUG org.hibernate.SQL - 
    create index idx_projects_archived_owner 
       on projects (is_archived, created_by)
2025-12-04 22:08:57 [main] WARN  o.h.t.s.i.ExceptionHandlerLoggedImpl - GenerationTarget encountered exception accepting command : Error executing DDL "
    create index idx_projects_archived_owner 
       on projects (is_archived, created_by)" via JDBC [Table "PROJECTS" not found;]
org.hibernate.tool.schema.spi.CommandAcceptanceException: Error executing DDL "
    create index idx_projects_archived_owner 
       on projects (is_archived, created_by)" via JDBC [Table "PROJECTS" not found;]
	at org.hibernate.tool.schema.internal.exec.GenerationTargetToDatabase.accept(GenerationTargetToDatabase.java:94)
	at org.hibernate.tool.schema.internal.Helper.applySqlString(Helper.java:233)
	at org.hibernate.tool.schema.internal.Helper.applySqlStrings(Helper.java:217)
	at org.hibernate.tool.schema.internal.SchemaCreatorImpl.createTableConstraints(SchemaCreatorImpl.java:392)
	at org.hibernate.tool.schema.internal.SchemaCreatorImpl.createSequencesTablesConstraints(SchemaCreatorImpl.java:358)
	at org.hibernate.tool.schema.internal.SchemaCreatorImpl.createFromMetadata(SchemaCreatorImpl.java:241)
	at org.hibernate.tool.schema.internal.SchemaCreatorImpl.performCreation(SchemaCreatorImpl.java:174)
	at org.hibernate.tool.schema.internal.SchemaCreatorImpl.doCreation(SchemaCreatorImpl.java:144)
	at org.hibernate.tool.schema.internal.SchemaCreatorImpl.doCreation(SchemaCreatorImpl.java:120)
	at org.hibernate.tool.schema.spi.SchemaManagementToolCoordinator.performDatabaseAction(SchemaManagementToolCoordinator.java:250)
	at org.hibernate.tool.schema.spi.SchemaManagementToolCoordinator.lambda$process$5(SchemaManagementToolCoordinator.java:144)
	at java.base/java.util.HashMap.forEach(HashMap.java:1429)
	at org.hibernate.tool.schema.spi.SchemaManagementToolCoordinator.process(SchemaManagementToolCoordinator.java:141)
	at org.hibernate.boot.internal.SessionFactoryObserverForSchemaExport.sessionFactoryCreated(SessionFactoryObserverForSchemaExport.java:37)
	at org.hibernate.internal.SessionFactoryObserverChain.sessionFactoryCreated(SessionFactoryObserverChain.java:35)
	at org.hibernate.internal.SessionFactoryImpl.<init>(SessionFactoryImpl.java:324)
	at org.hibernate.boot.internal.SessionFactoryBuilderImpl.build(SessionFactoryBuilderImpl.java:463)
	at org.hibernate.jpa.boot.internal.EntityManagerFactoryBuilderImpl.build(EntityManagerFactoryBuilderImpl.java:1517)
	at org.springframework.orm.jpa.vendor.SpringHibernateJpaPersistenceProvider.createContainerEntityManagerFactory(SpringHibernateJpaPersistenceProvider.java:66)
	at org.springframework.orm.jpa.LocalContainerEntityManagerFactoryBean.createNativeEntityManagerFactory(LocalContainerEntityManagerFactoryBean.java:390)
	at org.springframework.orm.jpa.AbstractEntityManagerFactoryBean.buildNativeEntityManagerFactory(AbstractEntityManagerFactoryBean.java:419)
	at org.springframework.orm.jpa.AbstractEntityManagerFactoryBean.afterPropertiesSet(AbstractEntityManagerFactoryBean.java:400)
	at org.springframework.orm.jpa.LocalContainerEntityManagerFactoryBean.afterPropertiesSet(LocalContainerEntityManagerFactoryBean.java:366)
	at org.springframework.beans.factory.support.AbstractAutowireCapableBeanFactory.invokeInitMethods(AbstractAutowireCapableBeanFactory.java:1873)
	at org.springframework.beans.factory.support.AbstractAutowireCapableBeanFactory.initializeBean(AbstractAutowireCapableBeanFactory.java:1822)
	at org.springframework.beans.factory.support.AbstractAutowireCapableBeanFactory.doCreateBean(AbstractAutowireCapableBeanFactory.java:607)
	at org.springframework.beans.factory.support.AbstractAutowireCapableBeanFactory.createBean(AbstractAutowireCapableBeanFactory.java:529)
	at org.springframework.beans.factory.support.AbstractBeanFactory.lambda$doGetBean$0(AbstractBeanFactory.java:339)
	at org.springframework.beans.factory.support.DefaultSingletonBeanRegistry.getSingleton(DefaultSingletonBeanRegistry.java:373)
	at org.springframework.beans.factory.support.AbstractBeanFactory.doGetBean(AbstractBeanFactory.java:337)
	at org.springframework.beans.factory.support.AbstractBeanFactory.getBean(AbstractBeanFactory.java:207)
	at org.springframework.context.support.AbstractApplicationContext.finishBeanFactoryInitialization(AbstractApplicationContext.java:973)
	at org.springframework.context.support.AbstractApplicationContext.refresh(AbstractApplicationContext.java:627)
	at org.springframework.boot.SpringApplication.refresh(SpringApplication.java:752)
	at org.springframework.boot.SpringApplication.refreshContext(SpringApplication.java:439)
	at org.springframework.boot.SpringApplication.run(SpringApplication.java:318)
	at org.springframework.boot.test.context.SpringBootContextLoader.lambda$loadContext$3(SpringBootContextLoader.java:144)
	at org.springframework.util.function.ThrowingSupplier.get(ThrowingSupplier.java:58)
	at org.springframework.util.function.ThrowingSupplier.get(ThrowingSupplier.java:46)
	at org.springframework.boot.SpringApplication.withHook(SpringApplication.java:1461)
	at org.springframework.boot.test.context.SpringBootContextLoader$ContextLoaderHook.run(SpringBootContextLoader.java:563)
	at org.springframework.boot.test.context.SpringBootContextLoader.loadContext(SpringBootContextLoader.java:144)
	at org.springframework.boot.test.context.SpringBootContextLoader.loadContext(SpringBootContextLoader.java:110)
	at org.springframework.test.context.cache.DefaultCacheAwareContextLoaderDelegate.loadContextInternal(DefaultCacheAwareContextLoaderDelegate.java:225)
	at org.springframework.test.context.cache.DefaultCacheAwareContextLoaderDelegate.loadContext(DefaultCacheAwareContextLoaderDelegate.java:152)
	at org.springframework.test.context.support.DefaultTestContext.getApplicationContext(DefaultTestContext.java:130)
	at org.springframework.test.context.web.ServletTestExecutionListener.setUpRequestContextIfNecessary(ServletTestExecutionListener.java:200)
	at org.springframework.test.context.web.ServletTestExecutionListener.prepareTestInstance(ServletTestExecutionListener.java:139)
	at org.springframework.test.context.TestContextManager.prepareTestInstance(TestContextManager.java:260)
	at org.springframework.test.context.junit.jupiter.SpringExtension.postProcessTestInstance(SpringExtension.java:159)
	at org.junit.jupiter.engine.descriptor.ClassBasedTestDescriptor.lambda$invokeTestInstancePostProcessors$10(ClassBasedTestDescriptor.java:383)
	at org.junit.jupiter.engine.descriptor.ClassBasedTestDescriptor.executeAndMaskThrowable(ClassBasedTestDescriptor.java:388)
	at org.junit.jupiter.engine.descriptor.ClassBasedTestDescriptor.lambda$invokeTestInstancePostProcessors$11(ClassBasedTestDescriptor.java:382)
	at java.base/java.util.stream.ForEachOps$ForEachOp$OfRef.accept(ForEachOps.java:184)
	at java.base/java.util.stream.ReferencePipeline$3$1.accept(ReferencePipeline.java:197)
	at java.base/java.util.stream.ReferencePipeline$2$1.accept(ReferencePipeline.java:179)
	at java.base/java.util.stream.ReferencePipeline$3$1.accept(ReferencePipeline.java:197)
	at java.base/java.util.ArrayList$ArrayListSpliterator.forEachRemaining(ArrayList.java:1708)
	at java.base/java.util.stream.AbstractPipeline.copyInto(AbstractPipeline.java:509)
	at java.base/java.util.stream.AbstractPipeline.wrapAndCopyInto(AbstractPipeline.java:499)
	at java.base/java.util.stream.ForEachOps$ForEachOp.evaluateSequential(ForEachOps.java:151)
	at java.base/java.util.stream.ForEachOps$ForEachOp$OfRef.evaluateSequential(ForEachOps.java:174)
	at java.base/java.util.stream.AbstractPipeline.evaluate(AbstractPipeline.java:234)
	at java.base/java.util.stream.ReferencePipeline.forEach(ReferencePipeline.java:596)
	at org.junit.jupiter.engine.descriptor.ClassBasedTestDescriptor.invokeTestInstancePostProcessors(ClassBasedTestDescriptor.java:382)
	at org.junit.jupiter.engine.descriptor.ClassBasedTestDescriptor.lambda$instantiateAndPostProcessTestInstance$6(ClassBasedTestDescriptor.java:293)
	at org.junit.platform.engine.support.hierarchical.ThrowableCollector.execute(ThrowableCollector.java:73)
	at org.junit.jupiter.engine.descriptor.ClassBasedTestDescriptor.instantiateAndPostProcessTestInstance(ClassBasedTestDescriptor.java:292)
	at org.junit.jupiter.engine.descriptor.ClassBasedTestDescriptor.lambda$testInstancesProvider$4(ClassBasedTestDescriptor.java:281)
	at java.base/java.util.Optional.orElseGet(Optional.java:364)
	at org.junit.jupiter.engine.descriptor.ClassBasedTestDescriptor.lambda$testInstancesProvider$5(ClassBasedTestDescriptor.java:280)
	at org.junit.jupiter.engine.execution.TestInstancesProvider.getTestInstances(TestInstancesProvider.java:27)
	at org.junit.jupiter.engine.descriptor.TestMethodTestDescriptor.lambda$prepare$0(TestMethodTestDescriptor.java:112)
	at org.junit.platform.engine.support.hierarchical.ThrowableCollector.execute(ThrowableCollector.java:73)
	at org.junit.jupiter.engine.descriptor.TestMethodTestDescriptor.prepare(TestMethodTestDescriptor.java:111)
	at org.junit.jupiter.engine.descriptor.TestMethodTestDescriptor.prepare(TestMethodTestDescriptor.java:69)
	at org.junit.platform.engine.support.hierarchical.NodeTestTask.lambda$prepare$2(NodeTestTask.java:128)
	at org.junit.platform.engine.support.hierarchical.ThrowableCollector.execute(ThrowableCollector.java:73)
	at org.junit.platform.engine.support.hierarchical.NodeTestTask.prepare(NodeTestTask.java:128)
	at org.junit.platform.engine.support.hierarchical.NodeTestTask.execute(NodeTestTask.java:95)
	at java.base/java.util.ArrayList.forEach(ArrayList.java:1596)
	at org.junit.platform.engine.support.hierarchical.SameThreadHierarchicalTestExecutorService.invokeAll(SameThreadHierarchicalTestExecutorService.java:41)
	at org.junit.platform.engine.support.hierarchical.NodeTestTask.lambda$executeRecursively$6(NodeTestTask.java:160)
	at org.junit.platform.engine.support.hierarchical.ThrowableCollector.execute(ThrowableCollector.java:73)
	at org.junit.platform.engine.support.hierarchical.NodeTestTask.lambda$executeRecursively$8(NodeTestTask.java:146)
	at org.junit.platform.engine.support.hierarchical.Node.around(Node.java:137)
	at org.junit.platform.engine.support.hierarchical.NodeTestTask.lambda$executeRecursively$9(NodeTestTask.java:144)
	at org.junit.platform.engine.support.hierarchical.ThrowableCollector.execute(ThrowableCollector.java:73)
	at org.junit.platform.engine.support.hierarchical.NodeTestTask.executeRecursively(NodeTestTask.java:143)
	at org.junit.platform.engine.support.hierarchical.NodeTestTask.execute(NodeTestTask.java:100)
	at java.base/java.util.ArrayList.forEach(ArrayList.java:1596)
	at org.junit.platform.engine.support.hierarchical.SameThreadHierarchicalTestExecutorService.invokeAll(SameThreadHierarchicalTestExecutorService.java:41)
	at org.junit.platform.engine.support.hierarchical.NodeTestTask.lambda$executeRecursively$6(NodeTestTask.java:160)
	at org.junit.platform.engine.support.hierarchical.ThrowableCollector.execute(ThrowableCollector.java:73)
	at org.junit.platform.engine.support.hierarchical.NodeTestTask.lambda$executeRecursively$8(NodeTestTask.java:146)
	at org.junit.platform.engine.support.hierarchical.Node.around(Node.java:137)
	at org.junit.platform.engine.support.hierarchical.NodeTestTask.lambda$executeRecursively$9(NodeTestTask.java:144)
	at org.junit.platform.engine.support.hierarchical.ThrowableCollector.execute(ThrowableCollector.java:73)
	at org.junit.platform.engine.support.hierarchical.NodeTestTask.executeRecursively(NodeTestTask.java:143)
	at org.junit.platform.engine.support.hierarchical.NodeTestTask.execute(NodeTestTask.java:100)
	at org.junit.platform.engine.support.hierarchical.SameThreadHierarchicalTestExecutorService.submit(SameThreadHierarchicalTestExecutorService.java:35)
	at org.junit.platform.engine.support.hierarchical.HierarchicalTestExecutor.execute(HierarchicalTestExecutor.java:57)
	at org.junit.platform.engine.support.hierarchical.HierarchicalTestEngine.execute(HierarchicalTestEngine.java:54)
	at org.junit.platform.launcher.core.EngineExecutionOrchestrator.execute(EngineExecutionOrchestrator.java:201)
	at org.junit.platform.launcher.core.EngineExecutionOrchestrator.execute(EngineExecutionOrchestrator.java:170)
	at org.junit.platform.launcher.core.EngineExecutionOrchestrator.execute(EngineExecutionOrchestrator.java:94)
	at org.junit.platform.launcher.core.EngineExecutionOrchestrator.lambda$execute$0(EngineExecutionOrchestrator.java:59)
	at org.junit.platform.launcher.core.EngineExecutionOrchestrator.withInterceptedStreams(EngineExecutionOrchestrator.java:142)
	at org.junit.platform.launcher.core.EngineExecutionOrchestrator.execute(EngineExecutionOrchestrator.java:58)
	at org.junit.platform.launcher.core.DefaultLauncher.execute(DefaultLauncher.java:103)
	at org.junit.platform.launcher.core.DefaultLauncher.execute(DefaultLauncher.java:85)
	at org.junit.platform.launcher.core.DelegatingLauncher.execute(DelegatingLauncher.java:47)
	at org.junit.platform.launcher.core.InterceptingLauncher.lambda$execute$1(InterceptingLauncher.java:39)
	at org.junit.platform.launcher.core.ClasspathAlignmentCheckingLauncherInterceptor.intercept(ClasspathAlignmentCheckingLauncherInterceptor.java:25)
	at org.junit.platform.launcher.core.InterceptingLauncher.execute(InterceptingLauncher.java:38)
	at org.junit.platform.launcher.core.DelegatingLauncher.execute(DelegatingLauncher.java:47)
	at org.apache.maven.surefire.junitplatform.LauncherAdapter.executeWithoutCancellationToken(LauncherAdapter.java:60)
	at org.apache.maven.surefire.junitplatform.LauncherAdapter.execute(LauncherAdapter.java:52)
	at org.apache.maven.surefire.junitplatform.JUnitPlatformProvider.execute(JUnitPlatformProvider.java:203)
	at org.apache.maven.surefire.junitplatform.JUnitPlatformProvider.invokeAllTests(JUnitPlatformProvider.java:168)
	at org.apache.maven.surefire.junitplatform.JUnitPlatformProvider.invoke(JUnitPlatformProvider.java:136)
	at org.apache.maven.surefire.booter.ForkedBooter.runSuitesInProcess(ForkedBooter.java:385)
	at org.apache.maven.surefire.booter.ForkedBooter.execute(ForkedBooter.java:162)
	at org.apache.maven.surefire.booter.ForkedBooter.run(ForkedBooter.java:507)
	at org.apache.maven.surefire.booter.ForkedBooter.main(ForkedBooter.java:495)
Caused by: org.h2.jdbc.JdbcSQLSyntaxErrorException: Table "PROJECTS" not found; SQL statement:

    create index idx_projects_archived_owner 
       on projects (is_archived, creat [42102-232]
	at org.h2.message.DbException.getJdbcSQLException(DbException.java:514)
	at org.h2.message.DbException.getJdbcSQLException(DbException.java:489)
	at org.h2.message.DbException.get(DbException.java:223)
	at org.h2.message.DbException.get(DbException.java:199)
	at org.h2.command.ddl.CreateIndex.update(CreateIndex.java:70)
	at org.h2.command.CommandContainer.update(CommandContainer.java:139)
	at org.h2.command.Command.executeUpdate(Command.java:304)
	at org.h2.command.Command.executeUpdate(Command.java:248)
	at org.h2.jdbc.JdbcStatement.executeInternal(JdbcStatement.java:262)
	at org.h2.jdbc.JdbcStatement.execute(JdbcStatement.java:231)
	at com.zaxxer.hikari.pool.ProxyStatement.execute(ProxyStatement.java:95)
	at com.zaxxer.hikari.pool.HikariProxyStatement.execute(HikariProxyStatement.java)
	at org.hibernate.tool.schema.internal.exec.GenerationTargetToDatabase.accept(GenerationTargetToDatabase.java:80)
	... 124 common frames omitted
2025-12-04 22:08:57 [main] DEBUG org.hibernate.SQL - 
    create index idx_refresh_tokens_token 
       on refresh_tokens (token)
2025-12-04 22:08:57 [main] DEBUG org.hibernate.SQL - 
    create index idx_refresh_tokens_user_id 
       on refresh_tokens (user_id)
2025-12-04 22:08:57 [main] DEBUG org.hibernate.SQL - 
    create index idx_users_email 
       on users (email)
2025-12-04 22:08:57 [main] DEBUG org.hibernate.SQL - 
    create index idx_users_enabled 
       on users (enabled)
2025-12-04 22:08:57 [main] DEBUG org.hibernate.SQL - 
    alter table if exists project_issue_counters 
       add constraint FKeroa2hgx45sejn1pnhl1k366n 
       foreign key (project_id) 
       references projects
2025-12-04 22:08:57 [main] WARN  o.h.t.s.i.ExceptionHandlerLoggedImpl - GenerationTarget encountered exception accepting command : Error executing DDL "
    alter table if exists project_issue_counters 
       add constraint FKeroa2hgx45sejn1pnhl1k366n 
       foreign key (project_id) 
       references projects" via JDBC [Table "PROJECTS" not found;]
org.hibernate.tool.schema.spi.CommandAcceptanceException: Error executing DDL "
    alter table if exists project_issue_counters 
       add constraint FKeroa2hgx45sejn1pnhl1k366n 
       foreign key (project_id) 
       references projects" via JDBC [Table "PROJECTS" not found;]
	at org.hibernate.tool.schema.internal.exec.GenerationTargetToDatabase.accept(GenerationTargetToDatabase.java:94)
	at org.hibernate.tool.schema.internal.Helper.applySqlString(Helper.java:233)
	at org.hibernate.tool.schema.internal.Helper.applySqlStrings(Helper.java:217)
	at org.hibernate.tool.schema.internal.SchemaCreatorImpl.createForeignKeys(SchemaCreatorImpl.java:307)
	at org.hibernate.tool.schema.internal.SchemaCreatorImpl.createFromMetadata(SchemaCreatorImpl.java:253)
	at org.hibernate.tool.schema.internal.SchemaCreatorImpl.performCreation(SchemaCreatorImpl.java:174)
	at org.hibernate.tool.schema.internal.SchemaCreatorImpl.doCreation(SchemaCreatorImpl.java:144)
	at org.hibernate.tool.schema.internal.SchemaCreatorImpl.doCreation(SchemaCreatorImpl.java:120)
	at org.hibernate.tool.schema.spi.SchemaManagementToolCoordinator.performDatabaseAction(SchemaManagementToolCoordinator.java:250)
	at org.hibernate.tool.schema.spi.SchemaManagementToolCoordinator.lambda$process$5(SchemaManagementToolCoordinator.java:144)
	at java.base/java.util.HashMap.forEach(HashMap.java:1429)
	at org.hibernate.tool.schema.spi.SchemaManagementToolCoordinator.process(SchemaManagementToolCoordinator.java:141)
	at org.hibernate.boot.internal.SessionFactoryObserverForSchemaExport.sessionFactoryCreated(SessionFactoryObserverForSchemaExport.java:37)
	at org.hibernate.internal.SessionFactoryObserverChain.sessionFactoryCreated(SessionFactoryObserverChain.java:35)
	at org.hibernate.internal.SessionFactoryImpl.<init>(SessionFactoryImpl.java:324)
	at org.hibernate.boot.internal.SessionFactoryBuilderImpl.build(SessionFactoryBuilderImpl.java:463)
	at org.hibernate.jpa.boot.internal.EntityManagerFactoryBuilderImpl.build(EntityManagerFactoryBuilderImpl.java:1517)
	at org.springframework.orm.jpa.vendor.SpringHibernateJpaPersistenceProvider.createContainerEntityManagerFactory(SpringHibernateJpaPersistenceProvider.java:66)
	at org.springframework.orm.jpa.LocalContainerEntityManagerFactoryBean.createNativeEntityManagerFactory(LocalContainerEntityManagerFactoryBean.java:390)
	at org.springframework.orm.jpa.AbstractEntityManagerFactoryBean.buildNativeEntityManagerFactory(AbstractEntityManagerFactoryBean.java:419)
	at org.springframework.orm.jpa.AbstractEntityManagerFactoryBean.afterPropertiesSet(AbstractEntityManagerFactoryBean.java:400)
	at org.springframework.orm.jpa.LocalContainerEntityManagerFactoryBean.afterPropertiesSet(LocalContainerEntityManagerFactoryBean.java:366)
	at org.springframework.beans.factory.support.AbstractAutowireCapableBeanFactory.invokeInitMethods(AbstractAutowireCapableBeanFactory.java:1873)
	at org.springframework.beans.factory.support.AbstractAutowireCapableBeanFactory.initializeBean(AbstractAutowireCapableBeanFactory.java:1822)
	at org.springframework.beans.factory.support.AbstractAutowireCapableBeanFactory.doCreateBean(AbstractAutowireCapableBeanFactory.java:607)
	at org.springframework.beans.factory.support.AbstractAutowireCapableBeanFactory.createBean(AbstractAutowireCapableBeanFactory.java:529)
	at org.springframework.beans.factory.support.AbstractBeanFactory.lambda$doGetBean$0(AbstractBeanFactory.java:339)
	at org.springframework.beans.factory.support.DefaultSingletonBeanRegistry.getSingleton(DefaultSingletonBeanRegistry.java:373)
	at org.springframework.beans.factory.support.AbstractBeanFactory.doGetBean(AbstractBeanFactory.java:337)
	at org.springframework.beans.factory.support.AbstractBeanFactory.getBean(AbstractBeanFactory.java:207)
	at org.springframework.context.support.AbstractApplicationContext.finishBeanFactoryInitialization(AbstractApplicationContext.java:973)
	at org.springframework.context.support.AbstractApplicationContext.refresh(AbstractApplicationContext.java:627)
	at org.springframework.boot.SpringApplication.refresh(SpringApplication.java:752)
	at org.springframework.boot.SpringApplication.refreshContext(SpringApplication.java:439)
	at org.springframework.boot.SpringApplication.run(SpringApplication.java:318)
	at org.springframework.boot.test.context.SpringBootContextLoader.lambda$loadContext$3(SpringBootContextLoader.java:144)
	at org.springframework.util.function.ThrowingSupplier.get(ThrowingSupplier.java:58)
	at org.springframework.util.function.ThrowingSupplier.get(ThrowingSupplier.java:46)
	at org.springframework.boot.SpringApplication.withHook(SpringApplication.java:1461)
	at org.springframework.boot.test.context.SpringBootContextLoader$ContextLoaderHook.run(SpringBootContextLoader.java:563)
	at org.springframework.boot.test.context.SpringBootContextLoader.loadContext(SpringBootContextLoader.java:144)
	at org.springframework.boot.test.context.SpringBootContextLoader.loadContext(SpringBootContextLoader.java:110)
	at org.springframework.test.context.cache.DefaultCacheAwareContextLoaderDelegate.loadContextInternal(DefaultCacheAwareContextLoaderDelegate.java:225)
	at org.springframework.test.context.cache.DefaultCacheAwareContextLoaderDelegate.loadContext(DefaultCacheAwareContextLoaderDelegate.java:152)
	at org.springframework.test.context.support.DefaultTestContext.getApplicationContext(DefaultTestContext.java:130)
	at org.springframework.test.context.web.ServletTestExecutionListener.setUpRequestContextIfNecessary(ServletTestExecutionListener.java:200)
	at org.springframework.test.context.web.ServletTestExecutionListener.prepareTestInstance(ServletTestExecutionListener.java:139)
	at org.springframework.test.context.TestContextManager.prepareTestInstance(TestContextManager.java:260)
	at org.springframework.test.context.junit.jupiter.SpringExtension.postProcessTestInstance(SpringExtension.java:159)
	at org.junit.jupiter.engine.descriptor.ClassBasedTestDescriptor.lambda$invokeTestInstancePostProcessors$10(ClassBasedTestDescriptor.java:383)
	at org.junit.jupiter.engine.descriptor.ClassBasedTestDescriptor.executeAndMaskThrowable(ClassBasedTestDescriptor.java:388)
	at org.junit.jupiter.engine.descriptor.ClassBasedTestDescriptor.lambda$invokeTestInstancePostProcessors$11(ClassBasedTestDescriptor.java:382)
	at java.base/java.util.stream.ForEachOps$ForEachOp$OfRef.accept(ForEachOps.java:184)
	at java.base/java.util.stream.ReferencePipeline$3$1.accept(ReferencePipeline.java:197)
	at java.base/java.util.stream.ReferencePipeline$2$1.accept(ReferencePipeline.java:179)
	at java.base/java.util.stream.ReferencePipeline$3$1.accept(ReferencePipeline.java:197)
	at java.base/java.util.ArrayList$ArrayListSpliterator.forEachRemaining(ArrayList.java:1708)
	at java.base/java.util.stream.AbstractPipeline.copyInto(AbstractPipeline.java:509)
	at java.base/java.util.stream.AbstractPipeline.wrapAndCopyInto(AbstractPipeline.java:499)
	at java.base/java.util.stream.ForEachOps$ForEachOp.evaluateSequential(ForEachOps.java:151)
	at java.base/java.util.stream.ForEachOps$ForEachOp$OfRef.evaluateSequential(ForEachOps.java:174)
	at java.base/java.util.stream.AbstractPipeline.evaluate(AbstractPipeline.java:234)
	at java.base/java.util.stream.ReferencePipeline.forEach(ReferencePipeline.java:596)
	at org.junit.jupiter.engine.descriptor.ClassBasedTestDescriptor.invokeTestInstancePostProcessors(ClassBasedTestDescriptor.java:382)
	at org.junit.jupiter.engine.descriptor.ClassBasedTestDescriptor.lambda$instantiateAndPostProcessTestInstance$6(ClassBasedTestDescriptor.java:293)
	at org.junit.platform.engine.support.hierarchical.ThrowableCollector.execute(ThrowableCollector.java:73)
	at org.junit.jupiter.engine.descriptor.ClassBasedTestDescriptor.instantiateAndPostProcessTestInstance(ClassBasedTestDescriptor.java:292)
	at org.junit.jupiter.engine.descriptor.ClassBasedTestDescriptor.lambda$testInstancesProvider$4(ClassBasedTestDescriptor.java:281)
	at java.base/java.util.Optional.orElseGet(Optional.java:364)
	at org.junit.jupiter.engine.descriptor.ClassBasedTestDescriptor.lambda$testInstancesProvider$5(ClassBasedTestDescriptor.java:280)
	at org.junit.jupiter.engine.execution.TestInstancesProvider.getTestInstances(TestInstancesProvider.java:27)
	at org.junit.jupiter.engine.descriptor.TestMethodTestDescriptor.lambda$prepare$0(TestMethodTestDescriptor.java:112)
	at org.junit.platform.engine.support.hierarchical.ThrowableCollector.execute(ThrowableCollector.java:73)
	at org.junit.jupiter.engine.descriptor.TestMethodTestDescriptor.prepare(TestMethodTestDescriptor.java:111)
	at org.junit.jupiter.engine.descriptor.TestMethodTestDescriptor.prepare(TestMethodTestDescriptor.java:69)
	at org.junit.platform.engine.support.hierarchical.NodeTestTask.lambda$prepare$2(NodeTestTask.java:128)
	at org.junit.platform.engine.support.hierarchical.ThrowableCollector.execute(ThrowableCollector.java:73)
	at org.junit.platform.engine.support.hierarchical.NodeTestTask.prepare(NodeTestTask.java:128)
	at org.junit.platform.engine.support.hierarchical.NodeTestTask.execute(NodeTestTask.java:95)
	at java.base/java.util.ArrayList.forEach(ArrayList.java:1596)
	at org.junit.platform.engine.support.hierarchical.SameThreadHierarchicalTestExecutorService.invokeAll(SameThreadHierarchicalTestExecutorService.java:41)
	at org.junit.platform.engine.support.hierarchical.NodeTestTask.lambda$executeRecursively$6(NodeTestTask.java:160)
	at org.junit.platform.engine.support.hierarchical.ThrowableCollector.execute(ThrowableCollector.java:73)
	at org.junit.platform.engine.support.hierarchical.NodeTestTask.lambda$executeRecursively$8(NodeTestTask.java:146)
	at org.junit.platform.engine.support.hierarchical.Node.around(Node.java:137)
	at org.junit.platform.engine.support.hierarchical.NodeTestTask.lambda$executeRecursively$9(NodeTestTask.java:144)
	at org.junit.platform.engine.support.hierarchical.ThrowableCollector.execute(ThrowableCollector.java:73)
	at org.junit.platform.engine.support.hierarchical.NodeTestTask.executeRecursively(NodeTestTask.java:143)
	at org.junit.platform.engine.support.hierarchical.NodeTestTask.execute(NodeTestTask.java:100)
	at java.base/java.util.ArrayList.forEach(ArrayList.java:1596)
	at org.junit.platform.engine.support.hierarchical.SameThreadHierarchicalTestExecutorService.invokeAll(SameThreadHierarchicalTestExecutorService.java:41)
	at org.junit.platform.engine.support.hierarchical.NodeTestTask.lambda$executeRecursively$6(NodeTestTask.java:160)
	at org.junit.platform.engine.support.hierarchical.ThrowableCollector.execute(ThrowableCollector.java:73)
	at org.junit.platform.engine.support.hierarchical.NodeTestTask.lambda$executeRecursively$8(NodeTestTask.java:146)
	at org.junit.platform.engine.support.hierarchical.Node.around(Node.java:137)
	at org.junit.platform.engine.support.hierarchical.NodeTestTask.lambda$executeRecursively$9(NodeTestTask.java:144)
	at org.junit.platform.engine.support.hierarchical.ThrowableCollector.execute(ThrowableCollector.java:73)
	at org.junit.platform.engine.support.hierarchical.NodeTestTask.executeRecursively(NodeTestTask.java:143)
	at org.junit.platform.engine.support.hierarchical.NodeTestTask.execute(NodeTestTask.java:100)
	at org.junit.platform.engine.support.hierarchical.SameThreadHierarchicalTestExecutorService.submit(SameThreadHierarchicalTestExecutorService.java:35)
	at org.junit.platform.engine.support.hierarchical.HierarchicalTestExecutor.execute(HierarchicalTestExecutor.java:57)
	at org.junit.platform.engine.support.hierarchical.HierarchicalTestEngine.execute(HierarchicalTestEngine.java:54)
	at org.junit.platform.launcher.core.EngineExecutionOrchestrator.execute(EngineExecutionOrchestrator.java:201)
	at org.junit.platform.launcher.core.EngineExecutionOrchestrator.execute(EngineExecutionOrchestrator.java:170)
	at org.junit.platform.launcher.core.EngineExecutionOrchestrator.execute(EngineExecutionOrchestrator.java:94)
	at org.junit.platform.launcher.core.EngineExecutionOrchestrator.lambda$execute$0(EngineExecutionOrchestrator.java:59)
	at org.junit.platform.launcher.core.EngineExecutionOrchestrator.withInterceptedStreams(EngineExecutionOrchestrator.java:142)
	at org.junit.platform.launcher.core.EngineExecutionOrchestrator.execute(EngineExecutionOrchestrator.java:58)
	at org.junit.platform.launcher.core.DefaultLauncher.execute(DefaultLauncher.java:103)
	at org.junit.platform.launcher.core.DefaultLauncher.execute(DefaultLauncher.java:85)
	at org.junit.platform.launcher.core.DelegatingLauncher.execute(DelegatingLauncher.java:47)
	at org.junit.platform.launcher.core.InterceptingLauncher.lambda$execute$1(InterceptingLauncher.java:39)
	at org.junit.platform.launcher.core.ClasspathAlignmentCheckingLauncherInterceptor.intercept(ClasspathAlignmentCheckingLauncherInterceptor.java:25)
	at org.junit.platform.launcher.core.InterceptingLauncher.execute(InterceptingLauncher.java:38)
	at org.junit.platform.launcher.core.DelegatingLauncher.execute(DelegatingLauncher.java:47)
	at org.apache.maven.surefire.junitplatform.LauncherAdapter.executeWithoutCancellationToken(LauncherAdapter.java:60)
	at org.apache.maven.surefire.junitplatform.LauncherAdapter.execute(LauncherAdapter.java:52)
	at org.apache.maven.surefire.junitplatform.JUnitPlatformProvider.execute(JUnitPlatformProvider.java:203)
	at org.apache.maven.surefire.junitplatform.JUnitPlatformProvider.invokeAllTests(JUnitPlatformProvider.java:168)
	at org.apache.maven.surefire.junitplatform.JUnitPlatformProvider.invoke(JUnitPlatformProvider.java:136)
	at org.apache.maven.surefire.booter.ForkedBooter.runSuitesInProcess(ForkedBooter.java:385)
	at org.apache.maven.surefire.booter.ForkedBooter.execute(ForkedBooter.java:162)
	at org.apache.maven.surefire.booter.ForkedBooter.run(ForkedBooter.java:507)
	at org.apache.maven.surefire.booter.ForkedBooter.main(ForkedBooter.java:495)
Caused by: org.h2.jdbc.JdbcSQLSyntaxErrorException: Table "PROJECTS" not found; SQL statement:

    alter table if exists project_issue_counters 
       add constraint FKeroa2hgx45sejn1pnhl1k366n 
       foreign key (project_id) 
       references pr [42102-232]
	at org.h2.message.DbException.getJdbcSQLException(DbException.java:514)
	at org.h2.message.DbException.getJdbcSQLException(DbException.java:489)
	at org.h2.message.DbException.get(DbException.java:223)
	at org.h2.message.DbException.get(DbException.java:199)
	at org.h2.command.ddl.AlterTableAddConstraint.tryUpdate(AlterTableAddConstraint.java:204)
	at org.h2.command.ddl.AlterTableAddConstraint.update(AlterTableAddConstraint.java:74)
	at org.h2.command.ddl.AlterTable.update(AlterTable.java:46)
	at org.h2.command.CommandContainer.update(CommandContainer.java:139)
	at org.h2.command.Command.executeUpdate(Command.java:304)
	at org.h2.command.Command.executeUpdate(Command.java:248)
	at org.h2.jdbc.JdbcStatement.executeInternal(JdbcStatement.java:262)
	at org.h2.jdbc.JdbcStatement.execute(JdbcStatement.java:231)
	at com.zaxxer.hikari.pool.ProxyStatement.execute(ProxyStatement.java:95)
	at com.zaxxer.hikari.pool.HikariProxyStatement.execute(HikariProxyStatement.java)
	at org.hibernate.tool.schema.internal.exec.GenerationTargetToDatabase.accept(GenerationTargetToDatabase.java:80)
	... 123 common frames omitted
2025-12-04 22:08:57 [main] DEBUG org.hibernate.SQL - 
    alter table if exists project_members 
       add constraint FKdki1sp2homqsdcvqm9yrix31g 
       foreign key (project_id) 
       references projects
2025-12-04 22:08:57 [main] WARN  o.h.t.s.i.ExceptionHandlerLoggedImpl - GenerationTarget encountered exception accepting command : Error executing DDL "
    alter table if exists project_members 
       add constraint FKdki1sp2homqsdcvqm9yrix31g 
       foreign key (project_id) 
       references projects" via JDBC [Table "PROJECTS" not found;]
org.hibernate.tool.schema.spi.CommandAcceptanceException: Error executing DDL "
    alter table if exists project_members 
       add constraint FKdki1sp2homqsdcvqm9yrix31g 
       foreign key (project_id) 
       references projects" via JDBC [Table "PROJECTS" not found;]
	at org.hibernate.tool.schema.internal.exec.GenerationTargetToDatabase.accept(GenerationTargetToDatabase.java:94)
	at org.hibernate.tool.schema.internal.Helper.applySqlString(Helper.java:233)
	at org.hibernate.tool.schema.internal.Helper.applySqlStrings(Helper.java:217)
	at org.hibernate.tool.schema.internal.SchemaCreatorImpl.createForeignKeys(SchemaCreatorImpl.java:307)
	at org.hibernate.tool.schema.internal.SchemaCreatorImpl.createFromMetadata(SchemaCreatorImpl.java:253)
	at org.hibernate.tool.schema.internal.SchemaCreatorImpl.performCreation(SchemaCreatorImpl.java:174)
	at org.hibernate.tool.schema.internal.SchemaCreatorImpl.doCreation(SchemaCreatorImpl.java:144)
	at org.hibernate.tool.schema.internal.SchemaCreatorImpl.doCreation(SchemaCreatorImpl.java:120)
	at org.hibernate.tool.schema.spi.SchemaManagementToolCoordinator.performDatabaseAction(SchemaManagementToolCoordinator.java:250)
	at org.hibernate.tool.schema.spi.SchemaManagementToolCoordinator.lambda$process$5(SchemaManagementToolCoordinator.java:144)
	at java.base/java.util.HashMap.forEach(HashMap.java:1429)
	at org.hibernate.tool.schema.spi.SchemaManagementToolCoordinator.process(SchemaManagementToolCoordinator.java:141)
	at org.hibernate.boot.internal.SessionFactoryObserverForSchemaExport.sessionFactoryCreated(SessionFactoryObserverForSchemaExport.java:37)
	at org.hibernate.internal.SessionFactoryObserverChain.sessionFactoryCreated(SessionFactoryObserverChain.java:35)
	at org.hibernate.internal.SessionFactoryImpl.<init>(SessionFactoryImpl.java:324)
	at org.hibernate.boot.internal.SessionFactoryBuilderImpl.build(SessionFactoryBuilderImpl.java:463)
	at org.hibernate.jpa.boot.internal.EntityManagerFactoryBuilderImpl.build(EntityManagerFactoryBuilderImpl.java:1517)
	at org.springframework.orm.jpa.vendor.SpringHibernateJpaPersistenceProvider.createContainerEntityManagerFactory(SpringHibernateJpaPersistenceProvider.java:66)
	at org.springframework.orm.jpa.LocalContainerEntityManagerFactoryBean.createNativeEntityManagerFactory(LocalContainerEntityManagerFactoryBean.java:390)
	at org.springframework.orm.jpa.AbstractEntityManagerFactoryBean.buildNativeEntityManagerFactory(AbstractEntityManagerFactoryBean.java:419)
	at org.springframework.orm.jpa.AbstractEntityManagerFactoryBean.afterPropertiesSet(AbstractEntityManagerFactoryBean.java:400)
	at org.springframework.orm.jpa.LocalContainerEntityManagerFactoryBean.afterPropertiesSet(LocalContainerEntityManagerFactoryBean.java:366)
	at org.springframework.beans.factory.support.AbstractAutowireCapableBeanFactory.invokeInitMethods(AbstractAutowireCapableBeanFactory.java:1873)
	at org.springframework.beans.factory.support.AbstractAutowireCapableBeanFactory.initializeBean(AbstractAutowireCapableBeanFactory.java:1822)
	at org.springframework.beans.factory.support.AbstractAutowireCapableBeanFactory.doCreateBean(AbstractAutowireCapableBeanFactory.java:607)
	at org.springframework.beans.factory.support.AbstractAutowireCapableBeanFactory.createBean(AbstractAutowireCapableBeanFactory.java:529)
	at org.springframework.beans.factory.support.AbstractBeanFactory.lambda$doGetBean$0(AbstractBeanFactory.java:339)
	at org.springframework.beans.factory.support.DefaultSingletonBeanRegistry.getSingleton(DefaultSingletonBeanRegistry.java:373)
	at org.springframework.beans.factory.support.AbstractBeanFactory.doGetBean(AbstractBeanFactory.java:337)
	at org.springframework.beans.factory.support.AbstractBeanFactory.getBean(AbstractBeanFactory.java:207)
	at org.springframework.context.support.AbstractApplicationContext.finishBeanFactoryInitialization(AbstractApplicationContext.java:973)
	at org.springframework.context.support.AbstractApplicationContext.refresh(AbstractApplicationContext.java:627)
	at org.springframework.boot.SpringApplication.refresh(SpringApplication.java:752)
	at org.springframework.boot.SpringApplication.refreshContext(SpringApplication.java:439)
	at org.springframework.boot.SpringApplication.run(SpringApplication.java:318)
	at org.springframework.boot.test.context.SpringBootContextLoader.lambda$loadContext$3(SpringBootContextLoader.java:144)
	at org.springframework.util.function.ThrowingSupplier.get(ThrowingSupplier.java:58)
	at org.springframework.util.function.ThrowingSupplier.get(ThrowingSupplier.java:46)
	at org.springframework.boot.SpringApplication.withHook(SpringApplication.java:1461)
	at org.springframework.boot.test.context.SpringBootContextLoader$ContextLoaderHook.run(SpringBootContextLoader.java:563)
	at org.springframework.boot.test.context.SpringBootContextLoader.loadContext(SpringBootContextLoader.java:144)
	at org.springframework.boot.test.context.SpringBootContextLoader.loadContext(SpringBootContextLoader.java:110)
	at org.springframework.test.context.cache.DefaultCacheAwareContextLoaderDelegate.loadContextInternal(DefaultCacheAwareContextLoaderDelegate.java:225)
	at org.springframework.test.context.cache.DefaultCacheAwareContextLoaderDelegate.loadContext(DefaultCacheAwareContextLoaderDelegate.java:152)
	at org.springframework.test.context.support.DefaultTestContext.getApplicationContext(DefaultTestContext.java:130)
	at org.springframework.test.context.web.ServletTestExecutionListener.setUpRequestContextIfNecessary(ServletTestExecutionListener.java:200)
	at org.springframework.test.context.web.ServletTestExecutionListener.prepareTestInstance(ServletTestExecutionListener.java:139)
	at org.springframework.test.context.TestContextManager.prepareTestInstance(TestContextManager.java:260)
	at org.springframework.test.context.junit.jupiter.SpringExtension.postProcessTestInstance(SpringExtension.java:159)
	at org.junit.jupiter.engine.descriptor.ClassBasedTestDescriptor.lambda$invokeTestInstancePostProcessors$10(ClassBasedTestDescriptor.java:383)
	at org.junit.jupiter.engine.descriptor.ClassBasedTestDescriptor.executeAndMaskThrowable(ClassBasedTestDescriptor.java:388)
	at org.junit.jupiter.engine.descriptor.ClassBasedTestDescriptor.lambda$invokeTestInstancePostProcessors$11(ClassBasedTestDescriptor.java:382)
	at java.base/java.util.stream.ForEachOps$ForEachOp$OfRef.accept(ForEachOps.java:184)
	at java.base/java.util.stream.ReferencePipeline$3$1.accept(ReferencePipeline.java:197)
	at java.base/java.util.stream.ReferencePipeline$2$1.accept(ReferencePipeline.java:179)
	at java.base/java.util.stream.ReferencePipeline$3$1.accept(ReferencePipeline.java:197)
	at java.base/java.util.ArrayList$ArrayListSpliterator.forEachRemaining(ArrayList.java:1708)
	at java.base/java.util.stream.AbstractPipeline.copyInto(AbstractPipeline.java:509)
	at java.base/java.util.stream.AbstractPipeline.wrapAndCopyInto(AbstractPipeline.java:499)
	at java.base/java.util.stream.ForEachOps$ForEachOp.evaluateSequential(ForEachOps.java:151)
	at java.base/java.util.stream.ForEachOps$ForEachOp$OfRef.evaluateSequential(ForEachOps.java:174)
	at java.base/java.util.stream.AbstractPipeline.evaluate(AbstractPipeline.java:234)
	at java.base/java.util.stream.ReferencePipeline.forEach(ReferencePipeline.java:596)
	at org.junit.jupiter.engine.descriptor.ClassBasedTestDescriptor.invokeTestInstancePostProcessors(ClassBasedTestDescriptor.java:382)
	at org.junit.jupiter.engine.descriptor.ClassBasedTestDescriptor.lambda$instantiateAndPostProcessTestInstance$6(ClassBasedTestDescriptor.java:293)
	at org.junit.platform.engine.support.hierarchical.ThrowableCollector.execute(ThrowableCollector.java:73)
	at org.junit.jupiter.engine.descriptor.ClassBasedTestDescriptor.instantiateAndPostProcessTestInstance(ClassBasedTestDescriptor.java:292)
	at org.junit.jupiter.engine.descriptor.ClassBasedTestDescriptor.lambda$testInstancesProvider$4(ClassBasedTestDescriptor.java:281)
	at java.base/java.util.Optional.orElseGet(Optional.java:364)
	at org.junit.jupiter.engine.descriptor.ClassBasedTestDescriptor.lambda$testInstancesProvider$5(ClassBasedTestDescriptor.java:280)
	at org.junit.jupiter.engine.execution.TestInstancesProvider.getTestInstances(TestInstancesProvider.java:27)
	at org.junit.jupiter.engine.descriptor.TestMethodTestDescriptor.lambda$prepare$0(TestMethodTestDescriptor.java:112)
	at org.junit.platform.engine.support.hierarchical.ThrowableCollector.execute(ThrowableCollector.java:73)
	at org.junit.jupiter.engine.descriptor.TestMethodTestDescriptor.prepare(TestMethodTestDescriptor.java:111)
	at org.junit.jupiter.engine.descriptor.TestMethodTestDescriptor.prepare(TestMethodTestDescriptor.java:69)
	at org.junit.platform.engine.support.hierarchical.NodeTestTask.lambda$prepare$2(NodeTestTask.java:128)
	at org.junit.platform.engine.support.hierarchical.ThrowableCollector.execute(ThrowableCollector.java:73)
	at org.junit.platform.engine.support.hierarchical.NodeTestTask.prepare(NodeTestTask.java:128)
	at org.junit.platform.engine.support.hierarchical.NodeTestTask.execute(NodeTestTask.java:95)
	at java.base/java.util.ArrayList.forEach(ArrayList.java:1596)
	at org.junit.platform.engine.support.hierarchical.SameThreadHierarchicalTestExecutorService.invokeAll(SameThreadHierarchicalTestExecutorService.java:41)
	at org.junit.platform.engine.support.hierarchical.NodeTestTask.lambda$executeRecursively$6(NodeTestTask.java:160)
	at org.junit.platform.engine.support.hierarchical.ThrowableCollector.execute(ThrowableCollector.java:73)
	at org.junit.platform.engine.support.hierarchical.NodeTestTask.lambda$executeRecursively$8(NodeTestTask.java:146)
	at org.junit.platform.engine.support.hierarchical.Node.around(Node.java:137)
	at org.junit.platform.engine.support.hierarchical.NodeTestTask.lambda$executeRecursively$9(NodeTestTask.java:144)
	at org.junit.platform.engine.support.hierarchical.ThrowableCollector.execute(ThrowableCollector.java:73)
	at org.junit.platform.engine.support.hierarchical.NodeTestTask.executeRecursively(NodeTestTask.java:143)
	at org.junit.platform.engine.support.hierarchical.NodeTestTask.execute(NodeTestTask.java:100)
	at java.base/java.util.ArrayList.forEach(ArrayList.java:1596)
	at org.junit.platform.engine.support.hierarchical.SameThreadHierarchicalTestExecutorService.invokeAll(SameThreadHierarchicalTestExecutorService.java:41)
	at org.junit.platform.engine.support.hierarchical.NodeTestTask.lambda$executeRecursively$6(NodeTestTask.java:160)
	at org.junit.platform.engine.support.hierarchical.ThrowableCollector.execute(ThrowableCollector.java:73)
	at org.junit.platform.engine.support.hierarchical.NodeTestTask.lambda$executeRecursively$8(NodeTestTask.java:146)
	at org.junit.platform.engine.support.hierarchical.Node.around(Node.java:137)
	at org.junit.platform.engine.support.hierarchical.NodeTestTask.lambda$executeRecursively$9(NodeTestTask.java:144)
	at org.junit.platform.engine.support.hierarchical.ThrowableCollector.execute(ThrowableCollector.java:73)
	at org.junit.platform.engine.support.hierarchical.NodeTestTask.executeRecursively(NodeTestTask.java:143)
	at org.junit.platform.engine.support.hierarchical.NodeTestTask.execute(NodeTestTask.java:100)
	at org.junit.platform.engine.support.hierarchical.SameThreadHierarchicalTestExecutorService.submit(SameThreadHierarchicalTestExecutorService.java:35)
	at org.junit.platform.engine.support.hierarchical.HierarchicalTestExecutor.execute(HierarchicalTestExecutor.java:57)
	at org.junit.platform.engine.support.hierarchical.HierarchicalTestEngine.execute(HierarchicalTestEngine.java:54)
	at org.junit.platform.launcher.core.EngineExecutionOrchestrator.execute(EngineExecutionOrchestrator.java:201)
	at org.junit.platform.launcher.core.EngineExecutionOrchestrator.execute(EngineExecutionOrchestrator.java:170)
	at org.junit.platform.launcher.core.EngineExecutionOrchestrator.execute(EngineExecutionOrchestrator.java:94)
	at org.junit.platform.launcher.core.EngineExecutionOrchestrator.lambda$execute$0(EngineExecutionOrchestrator.java:59)
	at org.junit.platform.launcher.core.EngineExecutionOrchestrator.withInterceptedStreams(EngineExecutionOrchestrator.java:142)
	at org.junit.platform.launcher.core.EngineExecutionOrchestrator.execute(EngineExecutionOrchestrator.java:58)
	at org.junit.platform.launcher.core.DefaultLauncher.execute(DefaultLauncher.java:103)
	at org.junit.platform.launcher.core.DefaultLauncher.execute(DefaultLauncher.java:85)
	at org.junit.platform.launcher.core.DelegatingLauncher.execute(DelegatingLauncher.java:47)
	at org.junit.platform.launcher.core.InterceptingLauncher.lambda$execute$1(InterceptingLauncher.java:39)
	at org.junit.platform.launcher.core.ClasspathAlignmentCheckingLauncherInterceptor.intercept(ClasspathAlignmentCheckingLauncherInterceptor.java:25)
	at org.junit.platform.launcher.core.InterceptingLauncher.execute(InterceptingLauncher.java:38)
	at org.junit.platform.launcher.core.DelegatingLauncher.execute(DelegatingLauncher.java:47)
	at org.apache.maven.surefire.junitplatform.LauncherAdapter.executeWithoutCancellationToken(LauncherAdapter.java:60)
	at org.apache.maven.surefire.junitplatform.LauncherAdapter.execute(LauncherAdapter.java:52)
	at org.apache.maven.surefire.junitplatform.JUnitPlatformProvider.execute(JUnitPlatformProvider.java:203)
	at org.apache.maven.surefire.junitplatform.JUnitPlatformProvider.invokeAllTests(JUnitPlatformProvider.java:168)
	at org.apache.maven.surefire.junitplatform.JUnitPlatformProvider.invoke(JUnitPlatformProvider.java:136)
	at org.apache.maven.surefire.booter.ForkedBooter.runSuitesInProcess(ForkedBooter.java:385)
	at org.apache.maven.surefire.booter.ForkedBooter.execute(ForkedBooter.java:162)
	at org.apache.maven.surefire.booter.ForkedBooter.run(ForkedBooter.java:507)
	at org.apache.maven.surefire.booter.ForkedBooter.main(ForkedBooter.java:495)
Caused by: org.h2.jdbc.JdbcSQLSyntaxErrorException: Table "PROJECTS" not found; SQL statement:

    alter table if exists project_members 
       add constraint FKdki1sp2homqsdcvqm9yrix31g 
       foreign key (project_id) 
       references pr [42102-232]
	at org.h2.message.DbException.getJdbcSQLException(DbException.java:514)
	at org.h2.message.DbException.getJdbcSQLException(DbException.java:489)
	at org.h2.message.DbException.get(DbException.java:223)
	at org.h2.message.DbException.get(DbException.java:199)
	at org.h2.command.ddl.AlterTableAddConstraint.tryUpdate(AlterTableAddConstraint.java:204)
	at org.h2.command.ddl.AlterTableAddConstraint.update(AlterTableAddConstraint.java:74)
	at org.h2.command.ddl.AlterTable.update(AlterTable.java:46)
	at org.h2.command.CommandContainer.update(CommandContainer.java:139)
	at org.h2.command.Command.executeUpdate(Command.java:304)
	at org.h2.command.Command.executeUpdate(Command.java:248)
	at org.h2.jdbc.JdbcStatement.executeInternal(JdbcStatement.java:262)
	at org.h2.jdbc.JdbcStatement.execute(JdbcStatement.java:231)
	at com.zaxxer.hikari.pool.ProxyStatement.execute(ProxyStatement.java:95)
	at com.zaxxer.hikari.pool.HikariProxyStatement.execute(HikariProxyStatement.java)
	at org.hibernate.tool.schema.internal.exec.GenerationTargetToDatabase.accept(GenerationTargetToDatabase.java:80)
	... 123 common frames omitted
2025-12-04 22:08:57 [main] DEBUG org.hibernate.SQL - 
    alter table if exists project_members 
       add constraint FKgul2el0qjk5lsvig3wgajwm77 
       foreign key (user_id) 
       references users
2025-12-04 22:08:57 [main] DEBUG org.hibernate.SQL - 
    alter table if exists projects 
       add constraint FKf1ph00os6khfle3ub9b50x594 
       foreign key (created_by) 
       references users
2025-12-04 22:08:57 [main] DEBUG org.hibernate.SQL - 
    alter table if exists refresh_tokens 
       add constraint FK1lih5y2npsf8u5o3vhdb9y0os 
       foreign key (user_id) 
       references users 
       on delete cascade
2025-12-04 22:08:57 [main] DEBUG org.hibernate.SQL - 
    alter table if exists role_permissions 
       add constraint FKegdk29eiy7mdtefy5c7eirr6e 
       foreign key (permission_id) 
       references permissions
2025-12-04 22:08:57 [main] DEBUG org.hibernate.SQL - 
    alter table if exists role_permissions 
       add constraint FKn5fotdgk8d1xvo8nav9uv3muc 
       foreign key (role_id) 
       references roles
2025-12-04 22:08:57 [main] DEBUG org.hibernate.SQL - 
    alter table if exists user_roles 
       add constraint FKh8ciramu9cc9q3qcqiv4ue8a6 
       foreign key (role_id) 
       references roles
2025-12-04 22:08:57 [main] DEBUG org.hibernate.SQL - 
    alter table if exists user_roles 
       add constraint FKhfh9dx7w3ubf1co1vdev94g3f 
       foreign key (user_id) 
       references users
2025-12-04 22:08:57 [main] INFO  o.s.o.j.LocalContainerEntityManagerFactoryBean - Initialized JPA EntityManagerFactory for persistence unit 'default'
2025-12-04 22:09:00 [main] INFO  o.s.s.c.a.a.c.InitializeAuthenticationProviderBeanManagerConfigurer$InitializeAuthenticationProviderManagerConfigurer - Global AuthenticationManager configured with AuthenticationProvider bean with name authenticationProvider
2025-12-04 22:09:00 [main] WARN  o.s.s.c.a.a.c.InitializeUserDetailsBeanManagerConfigurer$InitializeUserDetailsManagerConfigurer - Global AuthenticationManager configured with an AuthenticationProvider bean. UserDetailsService beans will not be used by Spring Security for automatically configuring username/password login. Consider removing the AuthenticationProvider bean. Alternatively, consider using the UserDetailsService in a manually instantiated DaoAuthenticationProvider. If the current configuration is intentional, to turn off this warning, increase the logging level of 'org.springframework.security.config.annotation.authentication.configuration.InitializeUserDetailsBeanManagerConfigurer' to ERROR
2025-12-04 22:09:00 [main] INFO  o.s.d.j.r.query.QueryEnhancerFactory - Hibernate is in classpath; If applicable, HQL parser will be used.
2025-12-04 22:09:03 [main] WARN  o.s.b.a.t.ThymeleafAutoConfiguration$DefaultTemplateResolverConfiguration - Cannot find template location: classpath:/templates/ (please add some templates, check your Thymeleaf configuration, or set spring.thymeleaf.check-template-location=false)
2025-12-04 22:09:04 [main] INFO  c.p.t.a.s.impl.PermissionServiceImpl - Creating default permissions if not exist
2025-12-04 22:09:04 [main] DEBUG org.hibernate.SQL - 
    select
        p1_0.id,
        p1_0.code,
        p1_0.description 
    from
        permissions p1_0 
    where
        p1_0.code=?
2025-12-04 22:09:04 [main] DEBUG org.hibernate.SQL - 
    insert 
    into
        permissions
        (code, description, id) 
    values
        (?, ?, ?)
2025-12-04 22:09:04 [main] INFO  c.p.t.a.s.impl.PermissionServiceImpl - Created default permission: USER_CREATE
2025-12-04 22:09:04 [main] DEBUG org.hibernate.SQL - 
    select
        p1_0.id,
        p1_0.code,
        p1_0.description 
    from
        permissions p1_0 
    where
        p1_0.code=?
2025-12-04 22:09:04 [main] DEBUG org.hibernate.SQL - 
    insert 
    into
        permissions
        (code, description, id) 
    values
        (?, ?, ?)
2025-12-04 22:09:04 [main] INFO  c.p.t.a.s.impl.PermissionServiceImpl - Created default permission: USER_READ
2025-12-04 22:09:04 [main] DEBUG org.hibernate.SQL - 
    select
        p1_0.id,
        p1_0.code,
        p1_0.description 
    from
        permissions p1_0 
    where
        p1_0.code=?
2025-12-04 22:09:04 [main] DEBUG org.hibernate.SQL - 
    insert 
    into
        permissions
        (code, description, id) 
    values
        (?, ?, ?)
2025-12-04 22:09:04 [main] INFO  c.p.t.a.s.impl.PermissionServiceImpl - Created default permission: USER_UPDATE
2025-12-04 22:09:04 [main] DEBUG org.hibernate.SQL - 
    select
        p1_0.id,
        p1_0.code,
        p1_0.description 
    from
        permissions p1_0 
    where
        p1_0.code=?
2025-12-04 22:09:04 [main] DEBUG org.hibernate.SQL - 
    insert 
    into
        permissions
        (code, description, id) 
    values
        (?, ?, ?)
2025-12-04 22:09:04 [main] INFO  c.p.t.a.s.impl.PermissionServiceImpl - Created default permission: USER_DELETE
2025-12-04 22:09:04 [main] DEBUG org.hibernate.SQL - 
    select
        p1_0.id,
        p1_0.code,
        p1_0.description 
    from
        permissions p1_0 
    where
        p1_0.code=?
2025-12-04 22:09:04 [main] DEBUG org.hibernate.SQL - 
    insert 
    into
        permissions
        (code, description, id) 
    values
        (?, ?, ?)
2025-12-04 22:09:04 [main] INFO  c.p.t.a.s.impl.PermissionServiceImpl - Created default permission: ROLE_CREATE
2025-12-04 22:09:04 [main] DEBUG org.hibernate.SQL - 
    select
        p1_0.id,
        p1_0.code,
        p1_0.description 
    from
        permissions p1_0 
    where
        p1_0.code=?
2025-12-04 22:09:04 [main] DEBUG org.hibernate.SQL - 
    insert 
    into
        permissions
        (code, description, id) 
    values
        (?, ?, ?)
2025-12-04 22:09:04 [main] INFO  c.p.t.a.s.impl.PermissionServiceImpl - Created default permission: ROLE_READ
2025-12-04 22:09:05 [main] DEBUG org.hibernate.SQL - 
    select
        p1_0.id,
        p1_0.code,
        p1_0.description 
    from
        permissions p1_0 
    where
        p1_0.code=?
2025-12-04 22:09:05 [main] DEBUG org.hibernate.SQL - 
    insert 
    into
        permissions
        (code, description, id) 
    values
        (?, ?, ?)
2025-12-04 22:09:05 [main] INFO  c.p.t.a.s.impl.PermissionServiceImpl - Created default permission: ROLE_UPDATE
2025-12-04 22:09:05 [main] DEBUG org.hibernate.SQL - 
    select
        p1_0.id,
        p1_0.code,
        p1_0.description 
    from
        permissions p1_0 
    where
        p1_0.code=?
2025-12-04 22:09:05 [main] DEBUG org.hibernate.SQL - 
    insert 
    into
        permissions
        (code, description, id) 
    values
        (?, ?, ?)
2025-12-04 22:09:05 [main] INFO  c.p.t.a.s.impl.PermissionServiceImpl - Created default permission: ROLE_DELETE
2025-12-04 22:09:05 [main] DEBUG org.hibernate.SQL - 
    select
        p1_0.id,
        p1_0.code,
        p1_0.description 
    from
        permissions p1_0 
    where
        p1_0.code=?
2025-12-04 22:09:05 [main] DEBUG org.hibernate.SQL - 
    insert 
    into
        permissions
        (code, description, id) 
    values
        (?, ?, ?)
2025-12-04 22:09:05 [main] INFO  c.p.t.a.s.impl.PermissionServiceImpl - Created default permission: ROLE_ASSIGN
2025-12-04 22:09:05 [main] DEBUG org.hibernate.SQL - 
    select
        p1_0.id,
        p1_0.code,
        p1_0.description 
    from
        permissions p1_0 
    where
        p1_0.code=?
2025-12-04 22:09:05 [main] DEBUG org.hibernate.SQL - 
    insert 
    into
        permissions
        (code, description, id) 
    values
        (?, ?, ?)
2025-12-04 22:09:05 [main] INFO  c.p.t.a.s.impl.PermissionServiceImpl - Created default permission: PERMISSION_CREATE
2025-12-04 22:09:05 [main] DEBUG org.hibernate.SQL - 
    select
        p1_0.id,
        p1_0.code,
        p1_0.description 
    from
        permissions p1_0 
    where
        p1_0.code=?
2025-12-04 22:09:05 [main] DEBUG org.hibernate.SQL - 
    insert 
    into
        permissions
        (code, description, id) 
    values
        (?, ?, ?)
2025-12-04 22:09:05 [main] INFO  c.p.t.a.s.impl.PermissionServiceImpl - Created default permission: PERMISSION_READ
2025-12-04 22:09:05 [main] DEBUG org.hibernate.SQL - 
    select
        p1_0.id,
        p1_0.code,
        p1_0.description 
    from
        permissions p1_0 
    where
        p1_0.code=?
2025-12-04 22:09:05 [main] DEBUG org.hibernate.SQL - 
    insert 
    into
        permissions
        (code, description, id) 
    values
        (?, ?, ?)
2025-12-04 22:09:05 [main] INFO  c.p.t.a.s.impl.PermissionServiceImpl - Created default permission: PERMISSION_UPDATE
2025-12-04 22:09:05 [main] DEBUG org.hibernate.SQL - 
    select
        p1_0.id,
        p1_0.code,
        p1_0.description 
    from
        permissions p1_0 
    where
        p1_0.code=?
2025-12-04 22:09:05 [main] DEBUG org.hibernate.SQL - 
    insert 
    into
        permissions
        (code, description, id) 
    values
        (?, ?, ?)
2025-12-04 22:09:05 [main] INFO  c.p.t.a.s.impl.PermissionServiceImpl - Created default permission: PERMISSION_DELETE
2025-12-04 22:09:05 [main] DEBUG org.hibernate.SQL - 
    select
        p1_0.id,
        p1_0.code,
        p1_0.description 
    from
        permissions p1_0 
    where
        p1_0.code=?
2025-12-04 22:09:05 [main] DEBUG org.hibernate.SQL - 
    insert 
    into
        permissions
        (code, description, id) 
    values
        (?, ?, ?)
2025-12-04 22:09:05 [main] INFO  c.p.t.a.s.impl.PermissionServiceImpl - Created default permission: PERMISSION_ASSIGN
2025-12-04 22:09:05 [main] DEBUG org.hibernate.SQL - 
    select
        p1_0.id,
        p1_0.code,
        p1_0.description 
    from
        permissions p1_0 
    where
        p1_0.code=?
2025-12-04 22:09:05 [main] DEBUG org.hibernate.SQL - 
    insert 
    into
        permissions
        (code, description, id) 
    values
        (?, ?, ?)
2025-12-04 22:09:05 [main] INFO  c.p.t.a.s.impl.PermissionServiceImpl - Created default permission: TASK_CREATE
2025-12-04 22:09:05 [main] DEBUG org.hibernate.SQL - 
    select
        p1_0.id,
        p1_0.code,
        p1_0.description 
    from
        permissions p1_0 
    where
        p1_0.code=?
2025-12-04 22:09:05 [main] DEBUG org.hibernate.SQL - 
    insert 
    into
        permissions
        (code, description, id) 
    values
        (?, ?, ?)
2025-12-04 22:09:05 [main] INFO  c.p.t.a.s.impl.PermissionServiceImpl - Created default permission: TASK_READ
2025-12-04 22:09:05 [main] DEBUG org.hibernate.SQL - 
    select
        p1_0.id,
        p1_0.code,
        p1_0.description 
    from
        permissions p1_0 
    where
        p1_0.code=?
2025-12-04 22:09:05 [main] DEBUG org.hibernate.SQL - 
    insert 
    into
        permissions
        (code, description, id) 
    values
        (?, ?, ?)
2025-12-04 22:09:05 [main] INFO  c.p.t.a.s.impl.PermissionServiceImpl - Created default permission: TASK_UPDATE
2025-12-04 22:09:05 [main] DEBUG org.hibernate.SQL - 
    select
        p1_0.id,
        p1_0.code,
        p1_0.description 
    from
        permissions p1_0 
    where
        p1_0.code=?
2025-12-04 22:09:05 [main] DEBUG org.hibernate.SQL - 
    insert 
    into
        permissions
        (code, description, id) 
    values
        (?, ?, ?)
2025-12-04 22:09:05 [main] INFO  c.p.t.a.s.impl.PermissionServiceImpl - Created default permission: TASK_DELETE
2025-12-04 22:09:05 [main] DEBUG org.hibernate.SQL - 
    select
        p1_0.id,
        p1_0.code,
        p1_0.description 
    from
        permissions p1_0 
    where
        p1_0.code=?
2025-12-04 22:09:05 [main] DEBUG org.hibernate.SQL - 
    insert 
    into
        permissions
        (code, description, id) 
    values
        (?, ?, ?)
2025-12-04 22:09:05 [main] INFO  c.p.t.a.s.impl.PermissionServiceImpl - Created default permission: TASK_ASSIGN
2025-12-04 22:09:05 [main] DEBUG org.hibernate.SQL - 
    select
        p1_0.id,
        p1_0.code,
        p1_0.description 
    from
        permissions p1_0 
    where
        p1_0.code=?
2025-12-04 22:09:05 [main] DEBUG org.hibernate.SQL - 
    insert 
    into
        permissions
        (code, description, id) 
    values
        (?, ?, ?)
2025-12-04 22:09:05 [main] INFO  c.p.t.a.s.impl.PermissionServiceImpl - Created default permission: PROJECT_CREATE
2025-12-04 22:09:05 [main] DEBUG org.hibernate.SQL - 
    select
        p1_0.id,
        p1_0.code,
        p1_0.description 
    from
        permissions p1_0 
    where
        p1_0.code=?
2025-12-04 22:09:05 [main] DEBUG org.hibernate.SQL - 
    insert 
    into
        permissions
        (code, description, id) 
    values
        (?, ?, ?)
2025-12-04 22:09:05 [main] INFO  c.p.t.a.s.impl.PermissionServiceImpl - Created default permission: PROJECT_READ
2025-12-04 22:09:05 [main] DEBUG org.hibernate.SQL - 
    select
        p1_0.id,
        p1_0.code,
        p1_0.description 
    from
        permissions p1_0 
    where
        p1_0.code=?
2025-12-04 22:09:05 [main] DEBUG org.hibernate.SQL - 
    insert 
    into
        permissions
        (code, description, id) 
    values
        (?, ?, ?)
2025-12-04 22:09:05 [main] INFO  c.p.t.a.s.impl.PermissionServiceImpl - Created default permission: PROJECT_UPDATE
2025-12-04 22:09:05 [main] DEBUG org.hibernate.SQL - 
    select
        p1_0.id,
        p1_0.code,
        p1_0.description 
    from
        permissions p1_0 
    where
        p1_0.code=?
2025-12-04 22:09:05 [main] DEBUG org.hibernate.SQL - 
    insert 
    into
        permissions
        (code, description, id) 
    values
        (?, ?, ?)
2025-12-04 22:09:05 [main] INFO  c.p.t.a.s.impl.PermissionServiceImpl - Created default permission: PROJECT_DELETE
2025-12-04 22:09:05 [main] DEBUG org.hibernate.SQL - 
    select
        p1_0.id,
        p1_0.code,
        p1_0.description 
    from
        permissions p1_0 
    where
        p1_0.code=?
2025-12-04 22:09:05 [main] DEBUG org.hibernate.SQL - 
    insert 
    into
        permissions
        (code, description, id) 
    values
        (?, ?, ?)
2025-12-04 22:09:05 [main] INFO  c.p.t.a.s.impl.PermissionServiceImpl - Created default permission: PROJECT_MANAGE
2025-12-04 22:09:05 [main] DEBUG org.hibernate.SQL - 
    select
        p1_0.id,
        p1_0.code,
        p1_0.description 
    from
        permissions p1_0 
    where
        p1_0.code=?
2025-12-04 22:09:05 [main] DEBUG org.hibernate.SQL - 
    insert 
    into
        permissions
        (code, description, id) 
    values
        (?, ?, ?)
2025-12-04 22:09:05 [main] INFO  c.p.t.a.s.impl.PermissionServiceImpl - Created default permission: SYSTEM_ADMIN
2025-12-04 22:09:05 [main] DEBUG org.hibernate.SQL - 
    select
        p1_0.id,
        p1_0.code,
        p1_0.description 
    from
        permissions p1_0 
    where
        p1_0.code=?
2025-12-04 22:09:05 [main] DEBUG org.hibernate.SQL - 
    insert 
    into
        permissions
        (code, description, id) 
    values
        (?, ?, ?)
2025-12-04 22:09:05 [main] INFO  c.p.t.a.s.impl.PermissionServiceImpl - Created default permission: AUDIT_READ
2025-12-04 22:09:05 [main] DEBUG org.hibernate.SQL - 
    select
        p1_0.id,
        p1_0.code,
        p1_0.description 
    from
        permissions p1_0 
    where
        p1_0.code=?
2025-12-04 22:09:05 [main] DEBUG org.hibernate.SQL - 
    insert 
    into
        permissions
        (code, description, id) 
    values
        (?, ?, ?)
2025-12-04 22:09:05 [main] INFO  c.p.t.a.s.impl.PermissionServiceImpl - Created default permission: SETTINGS_MANAGE
2025-12-04 22:09:05 [main] INFO  c.p.t.a.s.impl.PermissionServiceImpl - Default permissions created/verified
2025-12-04 22:09:05 [main] INFO  c.p.t.a.service.impl.RoleServiceImpl - Creating default roles if not exist
2025-12-04 22:09:05 [main] DEBUG org.hibernate.SQL - 
    select
        r1_0.id,
        r1_0.description,
        r1_0.name 
    from
        roles r1_0 
    where
        r1_0.name=?
2025-12-04 22:09:05 [main] DEBUG org.hibernate.SQL - 
    insert 
    into
        roles
        (description, name, id) 
    values
        (?, ?, ?)
2025-12-04 22:09:05 [main] INFO  c.p.t.a.service.impl.RoleServiceImpl - Created default role: ROLE_ADMIN
2025-12-04 22:09:05 [main] DEBUG org.hibernate.SQL - 
    select
        r1_0.id,
        r1_0.description,
        r1_0.name 
    from
        roles r1_0 
    where
        r1_0.name=?
2025-12-04 22:09:05 [main] DEBUG org.hibernate.SQL - 
    insert 
    into
        roles
        (description, name, id) 
    values
        (?, ?, ?)
2025-12-04 22:09:05 [main] INFO  c.p.t.a.service.impl.RoleServiceImpl - Created default role: ROLE_USER
2025-12-04 22:09:05 [main] DEBUG org.hibernate.SQL - 
    select
        r1_0.id,
        r1_0.description,
        r1_0.name 
    from
        roles r1_0 
    where
        r1_0.name=?
2025-12-04 22:09:05 [main] DEBUG org.hibernate.SQL - 
    insert 
    into
        roles
        (description, name, id) 
    values
        (?, ?, ?)
2025-12-04 22:09:05 [main] INFO  c.p.t.a.service.impl.RoleServiceImpl - Created default role: ROLE_MANAGER
2025-12-04 22:09:05 [main] DEBUG org.hibernate.SQL - 
    select
        r1_0.id,
        r1_0.description,
        r1_0.name 
    from
        roles r1_0 
    where
        r1_0.name=?
2025-12-04 22:09:05 [main] DEBUG org.hibernate.SQL - 
    insert 
    into
        roles
        (description, name, id) 
    values
        (?, ?, ?)
2025-12-04 22:09:05 [main] INFO  c.p.t.a.service.impl.RoleServiceImpl - Created default role: ROLE_GUEST
2025-12-04 22:09:05 [main] INFO  c.p.t.a.service.impl.RoleServiceImpl - Default roles created/verified
2025-12-04 22:09:16 [main] WARN  o.s.b.a.o.j.JpaBaseConfiguration$JpaWebConfiguration - spring.jpa.open-in-view is enabled by default. Therefore, database queries may be performed during view rendering. Explicitly configure spring.jpa.open-in-view to disable this warning
2025-12-04 22:09:18 [main] DEBUG o.s.s.web.DefaultSecurityFilterChain - Will secure any request with filters: DisableEncodeUrlFilter, WebAsyncManagerIntegrationFilter, SecurityContextHolderFilter, HeaderWriterFilter, CorsFilter, LogoutFilter, JwtAuthenticationFilter, RequestCacheAwareFilter, SecurityContextHolderAwareRequestFilter, AnonymousAuthenticationFilter, SessionManagementFilter, ExceptionTranslationFilter, AuthorizationFilter
2025-12-04 22:09:20 [main] INFO  o.s.b.a.h.H2ConsoleAutoConfiguration - H2 console available at '/h2-console'. Database available at 'jdbc:h2:mem:testdb'
2025-12-04 22:09:21 [main] INFO  c.pm.taskapp.TaskAppApplicationTests - Started TaskAppApplicationTests in 42.297 seconds (process running for 47.822)
2025-12-04 22:09:23 [SpringApplicationShutdownHook] INFO  o.s.o.j.LocalContainerEntityManagerFactoryBean - Closing JPA EntityManagerFactory for persistence unit 'default'
2025-12-04 22:09:23 [SpringApplicationShutdownHook] DEBUG org.hibernate.SQL - 
    drop table if exists permissions cascade 
2025-12-04 22:09:23 [SpringApplicationShutdownHook] DEBUG org.hibernate.SQL - 
    drop table if exists project_issue_counters cascade 
2025-12-04 22:09:23 [SpringApplicationShutdownHook] DEBUG org.hibernate.SQL - 
    drop table if exists project_members cascade 
2025-12-04 22:09:23 [SpringApplicationShutdownHook] DEBUG org.hibernate.SQL - 
    drop table if exists projects cascade 
2025-12-04 22:09:23 [SpringApplicationShutdownHook] DEBUG org.hibernate.SQL - 
    drop table if exists refresh_tokens cascade 
2025-12-04 22:09:23 [SpringApplicationShutdownHook] DEBUG org.hibernate.SQL - 
    drop table if exists role_permissions cascade 
2025-12-04 22:09:23 [SpringApplicationShutdownHook] DEBUG org.hibernate.SQL - 
    drop table if exists roles cascade 
2025-12-04 22:09:23 [SpringApplicationShutdownHook] DEBUG org.hibernate.SQL - 
    drop table if exists user_roles cascade 
2025-12-04 22:09:23 [SpringApplicationShutdownHook] DEBUG org.hibernate.SQL - 
    drop table if exists users cascade 
2025-12-04 22:09:23 [SpringApplicationShutdownHook] INFO  com.zaxxer.hikari.HikariDataSource - HikariPool-1 - Shutdown initiated...
2025-12-04 22:09:23 [SpringApplicationShutdownHook] INFO  com.zaxxer.hikari.HikariDataSource - HikariPool-1 - Shutdown completed.
2025-12-04 22:13:42 [restartedMain] INFO  com.pm.taskapp.TaskAppApplication - Starting TaskAppApplication using Java 21.0.8 with PID 19368 (D:\Projects\TaskApp\target\classes started by Rajkumar in D:\Projects\TaskApp)
2025-12-04 22:13:42 [restartedMain] DEBUG com.pm.taskapp.TaskAppApplication - Running with Spring Boot v3.5.7, Spring v6.2.12
2025-12-04 22:13:42 [restartedMain] INFO  com.pm.taskapp.TaskAppApplication - The following 1 profile is active: "dev"
2025-12-04 22:13:42 [restartedMain] INFO  o.s.b.d.e.DevToolsPropertyDefaultsPostProcessor - Devtools property defaults active! Set 'spring.devtools.add-properties' to 'false' to disable
2025-12-04 22:13:42 [restartedMain] INFO  o.s.b.d.e.DevToolsPropertyDefaultsPostProcessor - For additional web related logging consider setting the 'logging.level.web' property to 'DEBUG'
2025-12-04 22:13:47 [restartedMain] INFO  o.s.d.r.c.RepositoryConfigurationDelegate - Bootstrapping Spring Data JPA repositories in DEFAULT mode.
2025-12-04 22:13:47 [restartedMain] INFO  o.s.d.r.c.RepositoryConfigurationDelegate - Finished Spring Data repository scanning in 368 ms. Found 7 JPA repository interfaces.
2025-12-04 22:13:51 [restartedMain] INFO  o.s.b.w.e.tomcat.TomcatWebServer - Tomcat initialized with port 8080 (http)
2025-12-04 22:13:51 [restartedMain] INFO  o.a.catalina.core.StandardService - Starting service [Tomcat]
2025-12-04 22:13:51 [restartedMain] INFO  o.a.catalina.core.StandardEngine - Starting Servlet engine: [Apache Tomcat/10.1.48]
2025-12-04 22:13:51 [restartedMain] INFO  o.a.c.c.C.[Tomcat].[localhost].[/] - Initializing Spring embedded WebApplicationContext
2025-12-04 22:13:51 [restartedMain] INFO  o.s.b.w.s.c.ServletWebServerApplicationContext - Root WebApplicationContext: initialization completed in 9126 ms
2025-12-04 22:13:52 [restartedMain] INFO  com.zaxxer.hikari.HikariDataSource - HikariPool-1 - Starting...
2025-12-04 22:13:54 [restartedMain] ERROR o.s.b.w.e.tomcat.TomcatStarter - Error starting Tomcat context. Exception: org.springframework.beans.factory.UnsatisfiedDependencyException. Message: Error creating bean with name 'jwtAuthenticationFilter' defined in file [D:\Projects\TaskApp\target\classes\com\pm\taskapp\auth\security\JwtAuthenticationFilter.class]: Unsatisfied dependency expressed through constructor parameter 1: Error creating bean with name 'customUserDetailsService' defined in file [D:\Projects\TaskApp\target\classes\com\pm\taskapp\auth\service\impl\CustomUserDetailsService.class]: Unsatisfied dependency expressed through constructor parameter 0: Error creating bean with name 'userRepository' defined in com.pm.taskapp.auth.repository.UserRepository defined in @EnableJpaRepositories declared on JpaRepositoriesRegistrar.EnableJpaRepositoriesConfiguration: Cannot resolve reference to bean 'jpaSharedEM_entityManagerFactory' while setting bean property 'entityManager'
2025-12-04 22:13:55 [restartedMain] INFO  o.a.catalina.core.StandardService - Stopping service [Tomcat]
2025-12-04 22:13:55 [restartedMain] WARN  o.s.b.w.s.c.AnnotationConfigServletWebServerApplicationContext - Exception encountered during context initialization - cancelling refresh attempt: org.springframework.context.ApplicationContextException: Unable to start web server
2025-12-04 22:13:55 [restartedMain] INFO  o.s.b.a.l.ConditionEvaluationReportLogger - 

Error starting ApplicationContext. To display the condition evaluation report re-run your application with 'debug' enabled.
2025-12-04 22:13:55 [restartedMain] ERROR o.s.boot.SpringApplication - Application run failed
org.springframework.context.ApplicationContextException: Unable to start web server
	at org.springframework.boot.web.servlet.context.ServletWebServerApplicationContext.onRefresh(ServletWebServerApplicationContext.java:170)
	at org.springframework.context.support.AbstractApplicationContext.refresh(AbstractApplicationContext.java:621)
	at org.springframework.boot.web.servlet.context.ServletWebServerApplicationContext.refresh(ServletWebServerApplicationContext.java:146)
	at org.springframework.boot.SpringApplication.refresh(SpringApplication.java:752)
	at org.springframework.boot.SpringApplication.refreshContext(SpringApplication.java:439)
	at org.springframework.boot.SpringApplication.run(SpringApplication.java:318)
	at org.springframework.boot.SpringApplication.run(SpringApplication.java:1361)
	at org.springframework.boot.SpringApplication.run(SpringApplication.java:1350)
	at com.pm.taskapp.TaskAppApplication.main(TaskAppApplication.java:15)
	at java.base/jdk.internal.reflect.DirectMethodHandleAccessor.invoke(DirectMethodHandleAccessor.java:103)
	at java.base/java.lang.reflect.Method.invoke(Method.java:580)
	at org.springframework.boot.devtools.restart.RestartLauncher.run(RestartLauncher.java:50)
Caused by: org.springframework.boot.web.server.WebServerException: Unable to start embedded Tomcat
	at org.springframework.boot.web.embedded.tomcat.TomcatWebServer.initialize(TomcatWebServer.java:147)
	at org.springframework.boot.web.embedded.tomcat.TomcatWebServer.<init>(TomcatWebServer.java:107)
	at org.springframework.boot.web.embedded.tomcat.TomcatServletWebServerFactory.getTomcatWebServer(TomcatServletWebServerFactory.java:517)
	at org.springframework.boot.web.embedded.tomcat.TomcatServletWebServerFactory.getWebServer(TomcatServletWebServerFactory.java:219)
	at org.springframework.boot.web.servlet.context.ServletWebServerApplicationContext.createWebServer(ServletWebServerApplicationContext.java:193)
	at org.springframework.boot.web.servlet.context.ServletWebServerApplicationContext.onRefresh(ServletWebServerApplicationContext.java:167)
	... 11 common frames omitted
Caused by: org.springframework.beans.factory.UnsatisfiedDependencyException: Error creating bean with name 'jwtAuthenticationFilter' defined in file [D:\Projects\TaskApp\target\classes\com\pm\taskapp\auth\security\JwtAuthenticationFilter.class]: Unsatisfied dependency expressed through constructor parameter 1: Error creating bean with name 'customUserDetailsService' defined in file [D:\Projects\TaskApp\target\classes\com\pm\taskapp\auth\service\impl\CustomUserDetailsService.class]: Unsatisfied dependency expressed through constructor parameter 0: Error creating bean with name 'userRepository' defined in com.pm.taskapp.auth.repository.UserRepository defined in @EnableJpaRepositories declared on JpaRepositoriesRegistrar.EnableJpaRepositoriesConfiguration: Cannot resolve reference to bean 'jpaSharedEM_entityManagerFactory' while setting bean property 'entityManager'
	at org.springframework.beans.factory.support.ConstructorResolver.createArgumentArray(ConstructorResolver.java:804)
	at org.springframework.beans.factory.support.ConstructorResolver.autowireConstructor(ConstructorResolver.java:240)
	at org.springframework.beans.factory.support.AbstractAutowireCapableBeanFactory.autowireConstructor(AbstractAutowireCapableBeanFactory.java:1395)
	at org.springframework.beans.factory.support.AbstractAutowireCapableBeanFactory.createBeanInstance(AbstractAutowireCapableBeanFactory.java:1232)
	at org.springframework.beans.factory.support.AbstractAutowireCapableBeanFactory.doCreateBean(AbstractAutowireCapableBeanFactory.java:569)
	at org.springframework.beans.factory.support.AbstractAutowireCapableBeanFactory.createBean(AbstractAutowireCapableBeanFactory.java:529)
	at org.springframework.beans.factory.support.AbstractBeanFactory.lambda$doGetBean$0(AbstractBeanFactory.java:339)
	at org.springframework.beans.factory.support.DefaultSingletonBeanRegistry.getSingleton(DefaultSingletonBeanRegistry.java:373)
	at org.springframework.beans.factory.support.AbstractBeanFactory.doGetBean(AbstractBeanFactory.java:337)
	at org.springframework.beans.factory.support.AbstractBeanFactory.getBean(AbstractBeanFactory.java:207)
	at org.springframework.boot.web.servlet.ServletContextInitializerBeans.getOrderedBeansOfType(ServletContextInitializerBeans.java:230)
	at org.springframework.boot.web.servlet.ServletContextInitializerBeans.addAsRegistrationBean(ServletContextInitializerBeans.java:184)
	at org.springframework.boot.web.servlet.ServletContextInitializerBeans.addAsRegistrationBean(ServletContextInitializerBeans.java:179)
	at org.springframework.boot.web.servlet.ServletContextInitializerBeans.addAdaptableBeans(ServletContextInitializerBeans.java:164)
	at org.springframework.boot.web.servlet.ServletContextInitializerBeans.<init>(ServletContextInitializerBeans.java:96)
	at org.springframework.boot.web.servlet.context.ServletWebServerApplicationContext.getServletContextInitializerBeans(ServletWebServerApplicationContext.java:271)
	at org.springframework.boot.web.servlet.context.ServletWebServerApplicationContext.selfInitialize(ServletWebServerApplicationContext.java:245)
	at org.springframework.boot.web.embedded.tomcat.TomcatStarter.onStartup(TomcatStarter.java:52)
	at org.apache.catalina.core.StandardContext.startInternal(StandardContext.java:4452)
	at org.apache.catalina.util.LifecycleBase.start(LifecycleBase.java:164)
	at org.apache.catalina.core.ContainerBase$StartChild.call(ContainerBase.java:1201)
	at org.apache.catalina.core.ContainerBase$StartChild.call(ContainerBase.java:1191)
	at java.base/java.util.concurrent.FutureTask.run(FutureTask.java:317)
	at org.apache.tomcat.util.threads.InlineExecutorService.execute(InlineExecutorService.java:81)
	at java.base/java.util.concurrent.AbstractExecutorService.submit(AbstractExecutorService.java:145)
	at org.apache.catalina.core.ContainerBase.startInternal(ContainerBase.java:747)
	at org.apache.catalina.core.StandardHost.startInternal(StandardHost.java:770)
	at org.apache.catalina.util.LifecycleBase.start(LifecycleBase.java:164)
	at org.apache.catalina.core.ContainerBase$StartChild.call(ContainerBase.java:1201)
	at org.apache.catalina.core.ContainerBase$StartChild.call(ContainerBase.java:1191)
	at java.base/java.util.concurrent.FutureTask.run(FutureTask.java:317)
	at org.apache.tomcat.util.threads.InlineExecutorService.execute(InlineExecutorService.java:81)
	at java.base/java.util.concurrent.AbstractExecutorService.submit(AbstractExecutorService.java:145)
	at org.apache.catalina.core.ContainerBase.startInternal(ContainerBase.java:747)
	at org.apache.catalina.core.StandardEngine.startInternal(StandardEngine.java:201)
	at org.apache.catalina.util.LifecycleBase.start(LifecycleBase.java:164)
	at org.apache.catalina.core.StandardService.startInternal(StandardService.java:410)
	at org.apache.catalina.util.LifecycleBase.start(LifecycleBase.java:164)
	at org.apache.catalina.core.StandardServer.startInternal(StandardServer.java:868)
	at org.apache.catalina.util.LifecycleBase.start(LifecycleBase.java:164)
	at org.apache.catalina.startup.Tomcat.start(Tomcat.java:436)
	at org.springframework.boot.web.embedded.tomcat.TomcatWebServer.initialize(TomcatWebServer.java:128)
	... 16 common frames omitted
Caused by: org.springframework.beans.factory.UnsatisfiedDependencyException: Error creating bean with name 'customUserDetailsService' defined in file [D:\Projects\TaskApp\target\classes\com\pm\taskapp\auth\service\impl\CustomUserDetailsService.class]: Unsatisfied dependency expressed through constructor parameter 0: Error creating bean with name 'userRepository' defined in com.pm.taskapp.auth.repository.UserRepository defined in @EnableJpaRepositories declared on JpaRepositoriesRegistrar.EnableJpaRepositoriesConfiguration: Cannot resolve reference to bean 'jpaSharedEM_entityManagerFactory' while setting bean property 'entityManager'
	at org.springframework.beans.factory.support.ConstructorResolver.createArgumentArray(ConstructorResolver.java:804)
	at org.springframework.beans.factory.support.ConstructorResolver.autowireConstructor(ConstructorResolver.java:240)
	at org.springframework.beans.factory.support.AbstractAutowireCapableBeanFactory.autowireConstructor(AbstractAutowireCapableBeanFactory.java:1395)
	at org.springframework.beans.factory.support.AbstractAutowireCapableBeanFactory.createBeanInstance(AbstractAutowireCapableBeanFactory.java:1232)
	at org.springframework.beans.factory.support.AbstractAutowireCapableBeanFactory.doCreateBean(AbstractAutowireCapableBeanFactory.java:569)
	at org.springframework.beans.factory.support.AbstractAutowireCapableBeanFactory.createBean(AbstractAutowireCapableBeanFactory.java:529)
	at org.springframework.beans.factory.support.AbstractBeanFactory.lambda$doGetBean$0(AbstractBeanFactory.java:339)
	at org.springframework.beans.factory.support.DefaultSingletonBeanRegistry.getSingleton(DefaultSingletonBeanRegistry.java:373)
	at org.springframework.beans.factory.support.AbstractBeanFactory.doGetBean(AbstractBeanFactory.java:337)
	at org.springframework.beans.factory.support.AbstractBeanFactory.getBean(AbstractBeanFactory.java:202)
	at org.springframework.beans.factory.support.DefaultListableBeanFactory.doResolveDependency(DefaultListableBeanFactory.java:1708)
	at org.springframework.beans.factory.support.DefaultListableBeanFactory.resolveDependency(DefaultListableBeanFactory.java:1653)
	at org.springframework.beans.factory.support.ConstructorResolver.resolveAutowiredArgument(ConstructorResolver.java:913)
	at org.springframework.beans.factory.support.ConstructorResolver.createArgumentArray(ConstructorResolver.java:791)
	... 57 common frames omitted
Caused by: org.springframework.beans.factory.BeanCreationException: Error creating bean with name 'userRepository' defined in com.pm.taskapp.auth.repository.UserRepository defined in @EnableJpaRepositories declared on JpaRepositoriesRegistrar.EnableJpaRepositoriesConfiguration: Cannot resolve reference to bean 'jpaSharedEM_entityManagerFactory' while setting bean property 'entityManager'
	at org.springframework.beans.factory.support.BeanDefinitionValueResolver.resolveReference(BeanDefinitionValueResolver.java:377)
	at org.springframework.beans.factory.support.BeanDefinitionValueResolver.resolveValueIfNecessary(BeanDefinitionValueResolver.java:135)
	at org.springframework.beans.factory.support.AbstractAutowireCapableBeanFactory.applyPropertyValues(AbstractAutowireCapableBeanFactory.java:1725)
	at org.springframework.beans.factory.support.AbstractAutowireCapableBeanFactory.populateBean(AbstractAutowireCapableBeanFactory.java:1474)
	at org.springframework.beans.factory.support.AbstractAutowireCapableBeanFactory.doCreateBean(AbstractAutowireCapableBeanFactory.java:606)
	at org.springframework.beans.factory.support.AbstractAutowireCapableBeanFactory.createBean(AbstractAutowireCapableBeanFactory.java:529)
	at org.springframework.beans.factory.support.AbstractBeanFactory.lambda$doGetBean$0(AbstractBeanFactory.java:339)
	at org.springframework.beans.factory.support.DefaultSingletonBeanRegistry.getSingleton(DefaultSingletonBeanRegistry.java:373)
	at org.springframework.beans.factory.support.AbstractBeanFactory.doGetBean(AbstractBeanFactory.java:337)
	at org.springframework.beans.factory.support.AbstractBeanFactory.getBean(AbstractBeanFactory.java:202)
	at org.springframework.beans.factory.support.DefaultListableBeanFactory.doResolveDependency(DefaultListableBeanFactory.java:1708)
	at org.springframework.beans.factory.support.DefaultListableBeanFactory.resolveDependency(DefaultListableBeanFactory.java:1653)
	at org.springframework.beans.factory.support.ConstructorResolver.resolveAutowiredArgument(ConstructorResolver.java:913)
	at org.springframework.beans.factory.support.ConstructorResolver.createArgumentArray(ConstructorResolver.java:791)
	... 70 common frames omitted
Caused by: org.springframework.beans.factory.BeanCreationException: Error creating bean with name 'jpaSharedEM_entityManagerFactory': Cannot resolve reference to bean 'entityManagerFactory' while setting constructor argument
	at org.springframework.beans.factory.support.BeanDefinitionValueResolver.resolveReference(BeanDefinitionValueResolver.java:377)
	at org.springframework.beans.factory.support.BeanDefinitionValueResolver.resolveValueIfNecessary(BeanDefinitionValueResolver.java:135)
	at org.springframework.beans.factory.support.ConstructorResolver.resolveConstructorArguments(ConstructorResolver.java:691)
	at org.springframework.beans.factory.support.ConstructorResolver.instantiateUsingFactoryMethod(ConstructorResolver.java:513)
	at org.springframework.beans.factory.support.AbstractAutowireCapableBeanFactory.instantiateUsingFactoryMethod(AbstractAutowireCapableBeanFactory.java:1375)
	at org.springframework.beans.factory.support.AbstractAutowireCapableBeanFactory.createBeanInstance(AbstractAutowireCapableBeanFactory.java:1205)
	at org.springframework.beans.factory.support.AbstractAutowireCapableBeanFactory.doCreateBean(AbstractAutowireCapableBeanFactory.java:569)
	at org.springframework.beans.factory.support.AbstractAutowireCapableBeanFactory.createBean(AbstractAutowireCapableBeanFactory.java:529)
	at org.springframework.beans.factory.support.AbstractBeanFactory.lambda$doGetBean$0(AbstractBeanFactory.java:339)
	at org.springframework.beans.factory.support.DefaultSingletonBeanRegistry.getSingleton(DefaultSingletonBeanRegistry.java:373)
	at org.springframework.beans.factory.support.AbstractBeanFactory.doGetBean(AbstractBeanFactory.java:337)
	at org.springframework.beans.factory.support.AbstractBeanFactory.getBean(AbstractBeanFactory.java:202)
	at org.springframework.beans.factory.support.BeanDefinitionValueResolver.resolveReference(BeanDefinitionValueResolver.java:365)
	... 83 common frames omitted
Caused by: org.springframework.beans.factory.BeanCreationException: Error creating bean with name 'flywayInitializer' defined in class path resource [org/springframework/boot/autoconfigure/flyway/FlywayAutoConfiguration$FlywayConfiguration.class]: Unable to obtain connection from database: FATAL: invalid value for parameter "TimeZone": "Asia/Calcutta"
---------------------------------------------------------------------------------------------------------
SQL State  : 22023
Error Code : 0
Message    : FATAL: invalid value for parameter "TimeZone": "Asia/Calcutta"

	at org.springframework.beans.factory.support.AbstractAutowireCapableBeanFactory.initializeBean(AbstractAutowireCapableBeanFactory.java:1826)
	at org.springframework.beans.factory.support.AbstractAutowireCapableBeanFactory.doCreateBean(AbstractAutowireCapableBeanFactory.java:607)
	at org.springframework.beans.factory.support.AbstractAutowireCapableBeanFactory.createBean(AbstractAutowireCapableBeanFactory.java:529)
	at org.springframework.beans.factory.support.AbstractBeanFactory.lambda$doGetBean$0(AbstractBeanFactory.java:339)
	at org.springframework.beans.factory.support.DefaultSingletonBeanRegistry.getSingleton(DefaultSingletonBeanRegistry.java:373)
	at org.springframework.beans.factory.support.AbstractBeanFactory.doGetBean(AbstractBeanFactory.java:337)
	at org.springframework.beans.factory.support.AbstractBeanFactory.getBean(AbstractBeanFactory.java:202)
	at org.springframework.beans.factory.support.AbstractBeanFactory.doGetBean(AbstractBeanFactory.java:315)
	at org.springframework.beans.factory.support.AbstractBeanFactory.getBean(AbstractBeanFactory.java:202)
	at org.springframework.beans.factory.support.BeanDefinitionValueResolver.resolveReference(BeanDefinitionValueResolver.java:365)
	... 95 common frames omitted
Caused by: org.flywaydb.core.internal.exception.FlywaySqlException: Unable to obtain connection from database: FATAL: invalid value for parameter "TimeZone": "Asia/Calcutta"
---------------------------------------------------------------------------------------------------------
SQL State  : 22023
Error Code : 0
Message    : FATAL: invalid value for parameter "TimeZone": "Asia/Calcutta"

	at org.flywaydb.core.internal.jdbc.JdbcUtils.openConnection(JdbcUtils.java:71)
	at org.flywaydb.core.internal.jdbc.JdbcConnectionFactory.<init>(JdbcConnectionFactory.java:76)
	at org.flywaydb.core.FlywayExecutor.execute(FlywayExecutor.java:136)
	at org.flywaydb.core.Flyway.migrate(Flyway.java:188)
	at org.springframework.boot.autoconfigure.flyway.FlywayMigrationInitializer.afterPropertiesSet(FlywayMigrationInitializer.java:66)
	at org.springframework.beans.factory.support.AbstractAutowireCapableBeanFactory.invokeInitMethods(AbstractAutowireCapableBeanFactory.java:1873)
	at org.springframework.beans.factory.support.AbstractAutowireCapableBeanFactory.initializeBean(AbstractAutowireCapableBeanFactory.java:1822)
	... 104 common frames omitted
Caused by: org.postgresql.util.PSQLException: FATAL: invalid value for parameter "TimeZone": "Asia/Calcutta"
	at org.postgresql.core.v3.QueryExecutorImpl.receiveErrorResponse(QueryExecutorImpl.java:2713)
	at org.postgresql.core.v3.QueryExecutorImpl.readStartupMessages(QueryExecutorImpl.java:2825)
	at org.postgresql.core.v3.QueryExecutorImpl.<init>(QueryExecutorImpl.java:175)
	at org.postgresql.core.v3.ConnectionFactoryImpl.openConnectionImpl(ConnectionFactoryImpl.java:313)
	at org.postgresql.core.ConnectionFactory.openConnection(ConnectionFactory.java:54)
	at org.postgresql.jdbc.PgConnection.<init>(PgConnection.java:263)
	at org.postgresql.Driver.makeConnection(Driver.java:443)
	at org.postgresql.Driver.connect(Driver.java:297)
	at com.zaxxer.hikari.util.DriverDataSource.getConnection(DriverDataSource.java:144)
	at com.zaxxer.hikari.pool.PoolBase.newConnection(PoolBase.java:370)
	at com.zaxxer.hikari.pool.PoolBase.newPoolEntry(PoolBase.java:207)
	at com.zaxxer.hikari.pool.HikariPool.createPoolEntry(HikariPool.java:488)
	at com.zaxxer.hikari.pool.HikariPool.checkFailFast(HikariPool.java:576)
	at com.zaxxer.hikari.pool.HikariPool.<init>(HikariPool.java:97)
	at com.zaxxer.hikari.HikariDataSource.getConnection(HikariDataSource.java:111)
	at org.flywaydb.core.internal.jdbc.JdbcUtils.openConnection(JdbcUtils.java:59)
	... 110 common frames omitted
2025-12-04 22:15:31 [restartedMain] INFO  com.pm.taskapp.TaskAppApplication - Starting TaskAppApplication using Java 21.0.8 with PID 17168 (D:\Projects\TaskApp\target\classes started by Rajkumar in D:\Projects\TaskApp)
2025-12-04 22:15:31 [restartedMain] DEBUG com.pm.taskapp.TaskAppApplication - Running with Spring Boot v3.5.7, Spring v6.2.12
2025-12-04 22:15:31 [restartedMain] INFO  com.pm.taskapp.TaskAppApplication - The following 1 profile is active: "dev"
2025-12-04 22:15:31 [restartedMain] INFO  o.s.b.d.e.DevToolsPropertyDefaultsPostProcessor - Devtools property defaults active! Set 'spring.devtools.add-properties' to 'false' to disable
2025-12-04 22:15:31 [restartedMain] INFO  o.s.b.d.e.DevToolsPropertyDefaultsPostProcessor - For additional web related logging consider setting the 'logging.level.web' property to 'DEBUG'
2025-12-04 22:15:37 [restartedMain] INFO  o.s.d.r.c.RepositoryConfigurationDelegate - Bootstrapping Spring Data JPA repositories in DEFAULT mode.
2025-12-04 22:15:38 [restartedMain] INFO  o.s.d.r.c.RepositoryConfigurationDelegate - Finished Spring Data repository scanning in 1341 ms. Found 7 JPA repository interfaces.
2025-12-04 22:15:50 [restartedMain] INFO  o.s.b.w.e.tomcat.TomcatWebServer - Tomcat initialized with port 8080 (http)
2025-12-04 22:15:51 [restartedMain] INFO  o.a.catalina.core.StandardService - Starting service [Tomcat]
2025-12-04 22:15:51 [restartedMain] INFO  o.a.catalina.core.StandardEngine - Starting Servlet engine: [Apache Tomcat/10.1.48]
2025-12-04 22:15:54 [restartedMain] INFO  o.a.c.c.C.[Tomcat].[localhost].[/] - Initializing Spring embedded WebApplicationContext
2025-12-04 22:15:54 [restartedMain] INFO  o.s.b.w.s.c.ServletWebServerApplicationContext - Root WebApplicationContext: initialization completed in 22621 ms
2025-12-04 22:16:10 [restartedMain] INFO  com.zaxxer.hikari.HikariDataSource - HikariPool-1 - Starting...
2025-12-04 22:16:18 [restartedMain] INFO  com.zaxxer.hikari.pool.HikariPool - HikariPool-1 - Added connection org.postgresql.jdbc.PgConnection@4b88cbeb
2025-12-04 22:16:18 [restartedMain] INFO  com.zaxxer.hikari.HikariDataSource - HikariPool-1 - Start completed.
2025-12-04 22:16:19 [restartedMain] INFO  org.flywaydb.core.FlywayExecutor - Database: jdbc:postgresql://localhost:5432/taskapp?TimeZone=Asia/Kolkata (PostgreSQL 15.15)
2025-12-04 22:16:22 [restartedMain] INFO  o.f.core.internal.command.DbValidate - Successfully validated 9 migrations (execution time 00:00.995s)
2025-12-04 22:16:23 [restartedMain] INFO  o.f.core.internal.command.DbMigrate - Current version of schema "public": 9
2025-12-04 22:16:23 [restartedMain] INFO  o.f.core.internal.command.DbMigrate - Schema "public" is up to date. No migration necessary.
2025-12-04 22:16:25 [restartedMain] INFO  o.h.jpa.internal.util.LogHelper - HHH000204: Processing PersistenceUnitInfo [name: default]
2025-12-04 22:16:27 [restartedMain] INFO  org.hibernate.Version - HHH000412: Hibernate ORM core version 6.6.33.Final
2025-12-04 22:16:29 [restartedMain] INFO  o.h.c.i.RegionFactoryInitiator - HHH000026: Second-level cache disabled
2025-12-04 22:16:37 [restartedMain] INFO  o.s.o.j.p.SpringPersistenceUnitInfo - No LoadTimeWeaver setup: ignoring JPA class transformer
2025-12-04 22:16:37 [restartedMain] WARN  org.hibernate.orm.deprecation - HHH90000025: PostgreSQLDialect does not need to be specified explicitly using 'hibernate.dialect' (remove the property setting and it will be selected by default)
2025-12-04 22:16:37 [restartedMain] INFO  o.hibernate.orm.connections.pooling - HHH10001005: Database info:
	Database JDBC URL [Connecting through datasource 'HikariDataSource (HikariPool-1)']
	Database driver: undefined/unknown
	Database version: 15.15
	Autocommit mode: undefined/unknown
	Isolation level: undefined/unknown
	Minimum pool size: undefined/unknown
	Maximum pool size: undefined/unknown
2025-12-04 22:16:45 [restartedMain] INFO  o.h.e.t.j.p.i.JtaPlatformInitiator - HHH000489: No JTA platform available (set 'hibernate.transaction.jta.platform' to enable JTA platform integration)
2025-12-04 22:16:45 [restartedMain] INFO  o.s.o.j.LocalContainerEntityManagerFactoryBean - Initialized JPA EntityManagerFactory for persistence unit 'default'
2025-12-04 22:16:47 [restartedMain] DEBUG c.p.t.a.s.JwtAuthenticationFilter - Filter 'jwtAuthenticationFilter' configured for use
2025-12-04 22:16:47 [restartedMain] INFO  o.s.s.c.a.a.c.InitializeAuthenticationProviderBeanManagerConfigurer$InitializeAuthenticationProviderManagerConfigurer - Global AuthenticationManager configured with AuthenticationProvider bean with name authenticationProvider
2025-12-04 22:16:47 [restartedMain] WARN  o.s.s.c.a.a.c.InitializeUserDetailsBeanManagerConfigurer$InitializeUserDetailsManagerConfigurer - Global AuthenticationManager configured with an AuthenticationProvider bean. UserDetailsService beans will not be used by Spring Security for automatically configuring username/password login. Consider removing the AuthenticationProvider bean. Alternatively, consider using the UserDetailsService in a manually instantiated DaoAuthenticationProvider. If the current configuration is intentional, to turn off this warning, increase the logging level of 'org.springframework.security.config.annotation.authentication.configuration.InitializeUserDetailsBeanManagerConfigurer' to ERROR
2025-12-04 22:16:48 [restartedMain] INFO  o.s.d.j.r.query.QueryEnhancerFactory - Hibernate is in classpath; If applicable, HQL parser will be used.
2025-12-04 22:16:50 [restartedMain] WARN  o.s.b.a.t.ThymeleafAutoConfiguration$DefaultTemplateResolverConfiguration - Cannot find template location: classpath:/templates/ (please add some templates, check your Thymeleaf configuration, or set spring.thymeleaf.check-template-location=false)
2025-12-04 22:16:50 [restartedMain] INFO  c.p.t.a.s.impl.PermissionServiceImpl - Creating default permissions if not exist
2025-12-04 22:16:51 [restartedMain] DEBUG org.hibernate.SQL - 
    select
        p1_0.id,
        p1_0.code,
        p1_0.description 
    from
        permissions p1_0 
    where
        p1_0.code=?
2025-12-04 22:16:51 [restartedMain] DEBUG org.hibernate.SQL - 
    select
        p1_0.id,
        p1_0.code,
        p1_0.description 
    from
        permissions p1_0 
    where
        p1_0.code=?
2025-12-04 22:16:51 [restartedMain] DEBUG org.hibernate.SQL - 
    select
        p1_0.id,
        p1_0.code,
        p1_0.description 
    from
        permissions p1_0 
    where
        p1_0.code=?
2025-12-04 22:16:51 [restartedMain] DEBUG org.hibernate.SQL - 
    select
        p1_0.id,
        p1_0.code,
        p1_0.description 
    from
        permissions p1_0 
    where
        p1_0.code=?
2025-12-04 22:16:51 [restartedMain] DEBUG org.hibernate.SQL - 
    select
        p1_0.id,
        p1_0.code,
        p1_0.description 
    from
        permissions p1_0 
    where
        p1_0.code=?
2025-12-04 22:16:51 [restartedMain] DEBUG org.hibernate.SQL - 
    select
        p1_0.id,
        p1_0.code,
        p1_0.description 
    from
        permissions p1_0 
    where
        p1_0.code=?
2025-12-04 22:16:51 [restartedMain] DEBUG org.hibernate.SQL - 
    select
        p1_0.id,
        p1_0.code,
        p1_0.description 
    from
        permissions p1_0 
    where
        p1_0.code=?
2025-12-04 22:16:51 [restartedMain] DEBUG org.hibernate.SQL - 
    select
        p1_0.id,
        p1_0.code,
        p1_0.description 
    from
        permissions p1_0 
    where
        p1_0.code=?
2025-12-04 22:16:51 [restartedMain] DEBUG org.hibernate.SQL - 
    select
        p1_0.id,
        p1_0.code,
        p1_0.description 
    from
        permissions p1_0 
    where
        p1_0.code=?
2025-12-04 22:16:52 [restartedMain] DEBUG org.hibernate.SQL - 
    select
        p1_0.id,
        p1_0.code,
        p1_0.description 
    from
        permissions p1_0 
    where
        p1_0.code=?
2025-12-04 22:16:52 [restartedMain] DEBUG org.hibernate.SQL - 
    select
        p1_0.id,
        p1_0.code,
        p1_0.description 
    from
        permissions p1_0 
    where
        p1_0.code=?
2025-12-04 22:16:52 [restartedMain] DEBUG org.hibernate.SQL - 
    select
        p1_0.id,
        p1_0.code,
        p1_0.description 
    from
        permissions p1_0 
    where
        p1_0.code=?
2025-12-04 22:16:52 [restartedMain] DEBUG org.hibernate.SQL - 
    select
        p1_0.id,
        p1_0.code,
        p1_0.description 
    from
        permissions p1_0 
    where
        p1_0.code=?
2025-12-04 22:16:52 [restartedMain] DEBUG org.hibernate.SQL - 
    select
        p1_0.id,
        p1_0.code,
        p1_0.description 
    from
        permissions p1_0 
    where
        p1_0.code=?
2025-12-04 22:16:52 [restartedMain] DEBUG org.hibernate.SQL - 
    select
        p1_0.id,
        p1_0.code,
        p1_0.description 
    from
        permissions p1_0 
    where
        p1_0.code=?
2025-12-04 22:16:52 [restartedMain] DEBUG org.hibernate.SQL - 
    select
        p1_0.id,
        p1_0.code,
        p1_0.description 
    from
        permissions p1_0 
    where
        p1_0.code=?
2025-12-04 22:16:52 [restartedMain] DEBUG org.hibernate.SQL - 
    select
        p1_0.id,
        p1_0.code,
        p1_0.description 
    from
        permissions p1_0 
    where
        p1_0.code=?
2025-12-04 22:16:52 [restartedMain] DEBUG org.hibernate.SQL - 
    select
        p1_0.id,
        p1_0.code,
        p1_0.description 
    from
        permissions p1_0 
    where
        p1_0.code=?
2025-12-04 22:16:52 [restartedMain] DEBUG org.hibernate.SQL - 
    select
        p1_0.id,
        p1_0.code,
        p1_0.description 
    from
        permissions p1_0 
    where
        p1_0.code=?
2025-12-04 22:16:52 [restartedMain] DEBUG org.hibernate.SQL - 
    select
        p1_0.id,
        p1_0.code,
        p1_0.description 
    from
        permissions p1_0 
    where
        p1_0.code=?
2025-12-04 22:16:52 [restartedMain] DEBUG org.hibernate.SQL - 
    select
        p1_0.id,
        p1_0.code,
        p1_0.description 
    from
        permissions p1_0 
    where
        p1_0.code=?
2025-12-04 22:16:52 [restartedMain] DEBUG org.hibernate.SQL - 
    select
        p1_0.id,
        p1_0.code,
        p1_0.description 
    from
        permissions p1_0 
    where
        p1_0.code=?
2025-12-04 22:16:52 [restartedMain] DEBUG org.hibernate.SQL - 
    select
        p1_0.id,
        p1_0.code,
        p1_0.description 
    from
        permissions p1_0 
    where
        p1_0.code=?
2025-12-04 22:16:52 [restartedMain] DEBUG org.hibernate.SQL - 
    select
        p1_0.id,
        p1_0.code,
        p1_0.description 
    from
        permissions p1_0 
    where
        p1_0.code=?
2025-12-04 22:16:52 [restartedMain] DEBUG org.hibernate.SQL - 
    select
        p1_0.id,
        p1_0.code,
        p1_0.description 
    from
        permissions p1_0 
    where
        p1_0.code=?
2025-12-04 22:16:52 [restartedMain] DEBUG org.hibernate.SQL - 
    select
        p1_0.id,
        p1_0.code,
        p1_0.description 
    from
        permissions p1_0 
    where
        p1_0.code=?
2025-12-04 22:16:52 [restartedMain] DEBUG org.hibernate.SQL - 
    select
        p1_0.id,
        p1_0.code,
        p1_0.description 
    from
        permissions p1_0 
    where
        p1_0.code=?
2025-12-04 22:16:52 [restartedMain] INFO  c.p.t.a.s.impl.PermissionServiceImpl - Default permissions created/verified
2025-12-04 22:16:52 [restartedMain] INFO  c.p.t.a.service.impl.RoleServiceImpl - Creating default roles if not exist
2025-12-04 22:16:52 [restartedMain] DEBUG org.hibernate.SQL - 
    select
        r1_0.id,
        r1_0.description,
        r1_0.name 
    from
        roles r1_0 
    where
        r1_0.name=?
2025-12-04 22:16:53 [restartedMain] DEBUG org.hibernate.SQL - 
    select
        p1_0.role_id,
        p1_1.id,
        p1_1.code,
        p1_1.description 
    from
        role_permissions p1_0 
    join
        permissions p1_1 
            on p1_1.id=p1_0.permission_id 
    where
        p1_0.role_id=?
2025-12-04 22:16:53 [restartedMain] DEBUG org.hibernate.SQL - 
    select
        r1_0.id,
        r1_0.description,
        r1_0.name 
    from
        roles r1_0 
    where
        r1_0.name=?
2025-12-04 22:16:53 [restartedMain] DEBUG org.hibernate.SQL - 
    select
        p1_0.role_id,
        p1_1.id,
        p1_1.code,
        p1_1.description 
    from
        role_permissions p1_0 
    join
        permissions p1_1 
            on p1_1.id=p1_0.permission_id 
    where
        p1_0.role_id=?
2025-12-04 22:16:53 [restartedMain] DEBUG org.hibernate.SQL - 
    select
        r1_0.id,
        r1_0.description,
        r1_0.name 
    from
        roles r1_0 
    where
        r1_0.name=?
2025-12-04 22:16:53 [restartedMain] DEBUG org.hibernate.SQL - 
    select
        p1_0.role_id,
        p1_1.id,
        p1_1.code,
        p1_1.description 
    from
        role_permissions p1_0 
    join
        permissions p1_1 
            on p1_1.id=p1_0.permission_id 
    where
        p1_0.role_id=?
2025-12-04 22:16:53 [restartedMain] DEBUG org.hibernate.SQL - 
    select
        r1_0.id,
        r1_0.description,
        r1_0.name 
    from
        roles r1_0 
    where
        r1_0.name=?
2025-12-04 22:16:53 [restartedMain] DEBUG org.hibernate.SQL - 
    select
        p1_0.role_id,
        p1_1.id,
        p1_1.code,
        p1_1.description 
    from
        role_permissions p1_0 
    join
        permissions p1_1 
            on p1_1.id=p1_0.permission_id 
    where
        p1_0.role_id=?
2025-12-04 22:16:53 [restartedMain] INFO  c.p.t.a.service.impl.RoleServiceImpl - Default roles created/verified
2025-12-04 22:17:02 [restartedMain] WARN  o.s.b.a.o.j.JpaBaseConfiguration$JpaWebConfiguration - spring.jpa.open-in-view is enabled by default. Therefore, database queries may be performed during view rendering. Explicitly configure spring.jpa.open-in-view to disable this warning
2025-12-04 22:17:04 [restartedMain] DEBUG o.s.s.web.DefaultSecurityFilterChain - Will secure any request with filters: DisableEncodeUrlFilter, WebAsyncManagerIntegrationFilter, SecurityContextHolderFilter, HeaderWriterFilter, CorsFilter, LogoutFilter, JwtAuthenticationFilter, RequestCacheAwareFilter, SecurityContextHolderAwareRequestFilter, AnonymousAuthenticationFilter, SessionManagementFilter, ExceptionTranslationFilter, AuthorizationFilter
2025-12-04 22:17:06 [restartedMain] INFO  o.s.b.a.h.H2ConsoleAutoConfiguration - H2 console available at '/h2-console'. Database available at 'jdbc:postgresql://localhost:5432/taskapp?TimeZone=Asia/Kolkata'
2025-12-04 22:17:06 [restartedMain] INFO  o.s.b.d.a.OptionalLiveReloadServer - LiveReload server is running on port 35729
2025-12-04 22:17:06 [restartedMain] INFO  o.s.b.w.e.tomcat.TomcatWebServer - Tomcat started on port 8080 (http) with context path '/'
2025-12-04 22:17:06 [restartedMain] INFO  com.pm.taskapp.TaskAppApplication - Started TaskAppApplication in 99.756 seconds (process running for 102.133)
2025-12-04 22:17:45 [http-nio-8080-exec-1] INFO  o.a.c.c.C.[Tomcat].[localhost].[/] - Initializing Spring DispatcherServlet 'dispatcherServlet'
2025-12-04 22:17:45 [http-nio-8080-exec-1] INFO  o.s.web.servlet.DispatcherServlet - Initializing Servlet 'dispatcherServlet'
2025-12-04 22:17:45 [http-nio-8080-exec-1] INFO  o.s.web.servlet.DispatcherServlet - Completed initialization in 6 ms
2025-12-04 22:17:45 [http-nio-8080-exec-1] DEBUG o.s.security.web.FilterChainProxy - Securing POST /api/auth/login
2025-12-04 22:17:46 [http-nio-8080-exec-1] DEBUG o.s.s.w.a.AnonymousAuthenticationFilter - Set SecurityContextHolder to anonymous SecurityContext
2025-12-04 22:17:46 [http-nio-8080-exec-1] DEBUG o.s.security.web.FilterChainProxy - Secured POST /api/auth/login
2025-12-04 22:17:46 [http-nio-8080-exec-1] INFO  c.p.t.auth.controller.AuthController - Login request received for email: patelrajkumar362004@gmail.com
2025-12-04 22:17:46 [http-nio-8080-exec-1] INFO  c.p.t.a.s.i.AuthenticationServiceImpl - Login attempt for email: patelrajkumar362004@gmail.com
2025-12-04 22:17:47 [http-nio-8080-exec-1] DEBUG c.p.t.a.s.i.CustomUserDetailsService - Loading user by email: patelrajkumar362004@gmail.com
2025-12-04 22:17:47 [http-nio-8080-exec-1] DEBUG org.hibernate.SQL - 
    select
        u1_0.id,
        u1_0.avatar_url,
        u1_0.created_at,
        u1_0.email,
        u1_0.enabled,
        u1_0.last_login_at,
        u1_0.name,
        u1_0.password_hash,
        r1_0.user_id,
        r1_1.id,
        r1_1.description,
        r1_1.name,
        p1_0.role_id,
        p1_1.id,
        p1_1.code,
        p1_1.description,
        u1_0.updated_at 
    from
        users u1_0 
    left join
        user_roles r1_0 
            on u1_0.id=r1_0.user_id 
    left join
        roles r1_1 
            on r1_1.id=r1_0.role_id 
    left join
        role_permissions p1_0 
            on r1_1.id=p1_0.role_id 
    left join
        permissions p1_1 
            on p1_1.id=p1_0.permission_id 
    where
        upper(u1_0.email)=upper(?)
2025-12-04 22:17:47 [http-nio-8080-exec-1] ERROR c.p.t.a.s.i.CustomUserDetailsService - User not found with email: patelrajkumar362004@gmail.com
2025-12-04 22:17:47 [http-nio-8080-exec-1] DEBUG o.s.s.a.d.DaoAuthenticationProvider - Failed to find user 'patelrajkumar362004@gmail.com'
2025-12-04 22:17:47 [http-nio-8080-exec-1] DEBUG o.s.s.authentication.ProviderManager - Authentication failed with provider DaoAuthenticationProvider since Bad credentials
2025-12-04 22:17:47 [http-nio-8080-exec-1] WARN  o.s.w.s.m.m.a.ExceptionHandlerExceptionResolver - Resolved [com.pm.taskapp.auth.exception.InvalidCredentialsException: Invalid email or password]
2025-12-04 22:18:15 [http-nio-8080-exec-3] DEBUG o.s.security.web.FilterChainProxy - Securing POST /api/auth/login
2025-12-04 22:18:15 [http-nio-8080-exec-3] DEBUG o.s.s.w.a.AnonymousAuthenticationFilter - Set SecurityContextHolder to anonymous SecurityContext
2025-12-04 22:18:15 [http-nio-8080-exec-3] DEBUG o.s.security.web.FilterChainProxy - Secured POST /api/auth/login
2025-12-04 22:18:15 [http-nio-8080-exec-3] INFO  c.p.t.auth.controller.AuthController - Login request received for email: patelrajkumar362002@gmail.com
2025-12-04 22:18:15 [http-nio-8080-exec-3] INFO  c.p.t.a.s.i.AuthenticationServiceImpl - Login attempt for email: patelrajkumar362002@gmail.com
2025-12-04 22:18:15 [http-nio-8080-exec-3] DEBUG c.p.t.a.s.i.CustomUserDetailsService - Loading user by email: patelrajkumar362002@gmail.com
2025-12-04 22:18:15 [http-nio-8080-exec-3] DEBUG org.hibernate.SQL - 
    select
        u1_0.id,
        u1_0.avatar_url,
        u1_0.created_at,
        u1_0.email,
        u1_0.enabled,
        u1_0.last_login_at,
        u1_0.name,
        u1_0.password_hash,
        r1_0.user_id,
        r1_1.id,
        r1_1.description,
        r1_1.name,
        p1_0.role_id,
        p1_1.id,
        p1_1.code,
        p1_1.description,
        u1_0.updated_at 
    from
        users u1_0 
    left join
        user_roles r1_0 
            on u1_0.id=r1_0.user_id 
    left join
        roles r1_1 
            on r1_1.id=r1_0.role_id 
    left join
        role_permissions p1_0 
            on r1_1.id=p1_0.role_id 
    left join
        permissions p1_1 
            on p1_1.id=p1_0.permission_id 
    where
        upper(u1_0.email)=upper(?)
2025-12-04 22:18:15 [http-nio-8080-exec-3] DEBUG c.p.t.a.s.i.CustomUserDetailsService - User found: patelrajkumar362002@gmail.com, enabled: true
2025-12-04 22:18:16 [http-nio-8080-exec-3] DEBUG o.s.s.a.d.DaoAuthenticationProvider - Authenticated user
2025-12-04 22:18:16 [http-nio-8080-exec-3] DEBUG c.p.t.a.service.impl.UserServiceImpl - Updating last login for user: 41953fa3-1713-48bd-8e05-65599c6ee853
2025-12-04 22:18:16 [http-nio-8080-exec-3] DEBUG org.hibernate.SQL - 
    select
        u1_0.id,
        u1_0.avatar_url,
        u1_0.created_at,
        u1_0.email,
        u1_0.enabled,
        u1_0.last_login_at,
        u1_0.name,
        u1_0.password_hash,
        r1_0.user_id,
        r1_1.id,
        r1_1.description,
        r1_1.name,
        u1_0.updated_at 
    from
        users u1_0 
    left join
        user_roles r1_0 
            on u1_0.id=r1_0.user_id 
    left join
        roles r1_1 
            on r1_1.id=r1_0.role_id 
    where
        u1_0.id=?
2025-12-04 22:18:16 [http-nio-8080-exec-3] DEBUG c.p.t.a.s.impl.JwtTokenServiceImpl - Generating access token for user: 41953fa3-1713-48bd-8e05-65599c6ee853
2025-12-04 22:18:17 [http-nio-8080-exec-3] DEBUG c.p.t.a.s.i.RefreshTokenServiceImpl - Creating refresh token for user: 41953fa3-1713-48bd-8e05-65599c6ee853
2025-12-04 22:18:17 [http-nio-8080-exec-3] DEBUG org.hibernate.SQL - 
    select
        rt1_0.id,
        rt1_0.expires_at,
        rt1_0.token,
        rt1_0.user_id 
    from
        refresh_tokens rt1_0
2025-12-04 22:18:17 [http-nio-8080-exec-3] DEBUG org.hibernate.SQL - 
    select
        rt1_0.id,
        rt1_0.expires_at,
        rt1_0.token,
        rt1_0.user_id 
    from
        refresh_tokens rt1_0 
    where
        rt1_0.token=?
2025-12-04 22:18:18 [http-nio-8080-exec-3] INFO  c.p.t.a.s.i.RefreshTokenServiceImpl - Refresh token created for user: 41953fa3-1713-48bd-8e05-65599c6ee853 with expiry: 2026-01-03T16:48:18.016711200Z
2025-12-04 22:18:18 [http-nio-8080-exec-3] DEBUG org.hibernate.SQL - 
    insert 
    into
        refresh_tokens
        (expires_at, token, user_id, id) 
    values
        (?, ?, ?, ?)
2025-12-04 22:18:18 [http-nio-8080-exec-3] DEBUG org.hibernate.SQL - 
    update
        users 
    set
        avatar_url=?,
        email=?,
        enabled=?,
        last_login_at=?,
        name=?,
        password_hash=?,
        updated_at=? 
    where
        id=?
2025-12-04 22:18:18 [http-nio-8080-exec-3] DEBUG org.hibernate.SQL - 
    select
        u1_0.id,
        u1_0.avatar_url,
        u1_0.created_at,
        u1_0.email,
        u1_0.enabled,
        u1_0.last_login_at,
        u1_0.name,
        u1_0.password_hash,
        r1_0.user_id,
        r1_1.id,
        r1_1.description,
        r1_1.name,
        u1_0.updated_at 
    from
        users u1_0 
    left join
        user_roles r1_0 
            on u1_0.id=r1_0.user_id 
    left join
        roles r1_1 
            on r1_1.id=r1_0.role_id 
    where
        u1_0.id=?
2025-12-04 22:18:18 [http-nio-8080-exec-3] INFO  c.p.t.a.s.i.AuthenticationServiceImpl - User logged in successfully: 41953fa3-1713-48bd-8e05-65599c6ee853
2025-12-04 22:18:18 [http-nio-8080-exec-3] DEBUG org.hibernate.SQL - 
    select
        u1_0.role_id,
        u1_1.id,
        u1_1.avatar_url,
        u1_1.created_at,
        u1_1.email,
        u1_1.enabled,
        u1_1.last_login_at,
        u1_1.name,
        u1_1.password_hash,
        u1_1.updated_at 
    from
        user_roles u1_0 
    join
        users u1_1 
            on u1_1.id=u1_0.user_id 
    where
        u1_0.role_id=?
2025-12-04 22:18:18 [http-nio-8080-exec-3] DEBUG org.hibernate.SQL - 
    select
        r1_0.user_id,
        r1_1.id,
        r1_1.description,
        r1_1.name,
        p1_0.role_id,
        p1_1.id,
        p1_1.code,
        p1_1.description 
    from
        user_roles r1_0 
    join
        roles r1_1 
            on r1_1.id=r1_0.role_id 
    left join
        role_permissions p1_0 
            on r1_1.id=p1_0.role_id 
    left join
        permissions p1_1 
            on p1_1.id=p1_0.permission_id 
    where
        r1_0.user_id=?
2025-12-04 22:18:18 [http-nio-8080-exec-3] DEBUG org.hibernate.SQL - 
    select
        r1_0.user_id,
        r1_1.id,
        r1_1.description,
        r1_1.name,
        p1_0.role_id,
        p1_1.id,
        p1_1.code,
        p1_1.description 
    from
        user_roles r1_0 
    join
        roles r1_1 
            on r1_1.id=r1_0.role_id 
    left join
        role_permissions p1_0 
            on r1_1.id=p1_0.role_id 
    left join
        permissions p1_1 
            on p1_1.id=p1_0.permission_id 
    where
        r1_0.user_id=?
2025-12-04 22:18:18 [http-nio-8080-exec-3] DEBUG org.hibernate.SQL - 
    select
        r1_0.user_id,
        r1_1.id,
        r1_1.description,
        r1_1.name,
        p1_0.role_id,
        p1_1.id,
        p1_1.code,
        p1_1.description 
    from
        user_roles r1_0 
    join
        roles r1_1 
            on r1_1.id=r1_0.role_id 
    left join
        role_permissions p1_0 
            on r1_1.id=p1_0.role_id 
    left join
        permissions p1_1 
            on p1_1.id=p1_0.permission_id 
    where
        r1_0.user_id=?
2025-12-04 22:18:18 [http-nio-8080-exec-3] DEBUG org.hibernate.SQL - 
    select
        r1_0.user_id,
        r1_1.id,
        r1_1.description,
        r1_1.name,
        p1_0.role_id,
        p1_1.id,
        p1_1.code,
        p1_1.description 
    from
        user_roles r1_0 
    join
        roles r1_1 
            on r1_1.id=r1_0.role_id 
    left join
        role_permissions p1_0 
            on r1_1.id=p1_0.role_id 
    left join
        permissions p1_1 
            on p1_1.id=p1_0.permission_id 
    where
        r1_0.user_id=?
2025-12-04 22:20:21 [http-nio-8080-exec-6] DEBUG o.s.security.web.FilterChainProxy - Securing GET /api/projects/my-projects?sort=invalidField,asc
2025-12-04 22:20:22 [http-nio-8080-exec-6] ERROR c.p.t.a.s.impl.JwtTokenServiceImpl - JWT token is expired: JWT expired 362431157 milliseconds ago at 2025-11-30T12:09:51.000Z. Current time: 2025-12-04T16:50:22.157Z. Allowed clock skew: 0 milliseconds.
2025-12-04 22:20:22 [http-nio-8080-exec-6] DEBUG o.s.s.w.a.AnonymousAuthenticationFilter - Set SecurityContextHolder to anonymous SecurityContext
2025-12-04 22:20:22 [http-nio-8080-exec-6] ERROR c.p.t.a.s.JwtAuthenticationEntryPoint - Unauthorized error: Full authentication is required to access this resource
2025-12-04 22:21:23 [http-nio-8080-exec-10] DEBUG o.s.security.web.FilterChainProxy - Securing POST /api/auth/login
2025-12-04 22:21:23 [http-nio-8080-exec-10] DEBUG o.s.s.w.a.AnonymousAuthenticationFilter - Set SecurityContextHolder to anonymous SecurityContext
2025-12-04 22:21:23 [http-nio-8080-exec-10] DEBUG o.s.security.web.FilterChainProxy - Secured POST /api/auth/login
2025-12-04 22:21:23 [http-nio-8080-exec-10] INFO  c.p.t.auth.controller.AuthController - Login request received for email: patelrajkumar362004@gmail.com
2025-12-04 22:21:23 [http-nio-8080-exec-10] INFO  c.p.t.a.s.i.AuthenticationServiceImpl - Login attempt for email: patelrajkumar362004@gmail.com
2025-12-04 22:21:23 [http-nio-8080-exec-10] DEBUG c.p.t.a.s.i.CustomUserDetailsService - Loading user by email: patelrajkumar362004@gmail.com
2025-12-04 22:21:23 [http-nio-8080-exec-10] DEBUG org.hibernate.SQL - 
    select
        u1_0.id,
        u1_0.avatar_url,
        u1_0.created_at,
        u1_0.email,
        u1_0.enabled,
        u1_0.last_login_at,
        u1_0.name,
        u1_0.password_hash,
        r1_0.user_id,
        r1_1.id,
        r1_1.description,
        r1_1.name,
        p1_0.role_id,
        p1_1.id,
        p1_1.code,
        p1_1.description,
        u1_0.updated_at 
    from
        users u1_0 
    left join
        user_roles r1_0 
            on u1_0.id=r1_0.user_id 
    left join
        roles r1_1 
            on r1_1.id=r1_0.role_id 
    left join
        role_permissions p1_0 
            on r1_1.id=p1_0.role_id 
    left join
        permissions p1_1 
            on p1_1.id=p1_0.permission_id 
    where
        upper(u1_0.email)=upper(?)
2025-12-04 22:21:23 [http-nio-8080-exec-10] ERROR c.p.t.a.s.i.CustomUserDetailsService - User not found with email: patelrajkumar362004@gmail.com
2025-12-04 22:21:23 [http-nio-8080-exec-10] DEBUG o.s.s.a.d.DaoAuthenticationProvider - Failed to find user 'patelrajkumar362004@gmail.com'
2025-12-04 22:21:23 [http-nio-8080-exec-10] DEBUG o.s.s.authentication.ProviderManager - Authentication failed with provider DaoAuthenticationProvider since Bad credentials
2025-12-04 22:21:23 [http-nio-8080-exec-10] WARN  o.s.w.s.m.m.a.ExceptionHandlerExceptionResolver - Resolved [com.pm.taskapp.auth.exception.InvalidCredentialsException: Invalid email or password]
2025-12-04 22:23:30 [File Watcher] INFO  o.s.b.d.a.LocalDevToolsAutoConfiguration$RestartingClassPathChangeChangedEventListener - Restarting due to 1 class path change (0 additions, 0 deletions, 1 modification)
2025-12-04 22:23:31 [Thread-5] INFO  o.s.b.w.e.tomcat.GracefulShutdown - Commencing graceful shutdown. Waiting for active requests to complete
2025-12-04 22:23:32 [tomcat-shutdown] INFO  o.s.b.w.e.tomcat.GracefulShutdown - Graceful shutdown complete
2025-12-04 22:23:32 [Thread-5] INFO  o.s.o.j.LocalContainerEntityManagerFactoryBean - Closing JPA EntityManagerFactory for persistence unit 'default'
2025-12-04 22:23:32 [Thread-5] INFO  com.zaxxer.hikari.HikariDataSource - HikariPool-1 - Shutdown initiated...
2025-12-04 22:23:33 [Thread-5] INFO  com.zaxxer.hikari.HikariDataSource - HikariPool-1 - Shutdown completed.
2025-12-04 22:23:36 [restartedMain] INFO  com.pm.taskapp.TaskAppApplication - Starting TaskAppApplication using Java 21.0.8 with PID 17168 (D:\Projects\TaskApp\target\classes started by Rajkumar in D:\Projects\TaskApp)
2025-12-04 22:23:36 [restartedMain] DEBUG com.pm.taskapp.TaskAppApplication - Running with Spring Boot v3.5.7, Spring v6.2.12
2025-12-04 22:23:36 [restartedMain] INFO  com.pm.taskapp.TaskAppApplication - The following 1 profile is active: "dev"
2025-12-04 22:23:39 [restartedMain] INFO  o.s.d.r.c.RepositoryConfigurationDelegate - Bootstrapping Spring Data JPA repositories in DEFAULT mode.
2025-12-04 22:23:39 [restartedMain] INFO  o.s.d.r.c.RepositoryConfigurationDelegate - Finished Spring Data repository scanning in 242 ms. Found 7 JPA repository interfaces.
2025-12-04 22:23:42 [restartedMain] INFO  o.s.b.w.e.tomcat.TomcatWebServer - Tomcat initialized with port 8080 (http)
2025-12-04 22:23:42 [restartedMain] INFO  o.a.catalina.core.StandardService - Starting service [Tomcat]
2025-12-04 22:23:42 [restartedMain] INFO  o.a.catalina.core.StandardEngine - Starting Servlet engine: [Apache Tomcat/10.1.48]
2025-12-04 22:23:42 [restartedMain] INFO  o.a.c.c.C.[Tomcat].[localhost].[/] - Initializing Spring embedded WebApplicationContext
2025-12-04 22:23:42 [restartedMain] INFO  o.s.b.w.s.c.ServletWebServerApplicationContext - Root WebApplicationContext: initialization completed in 5818 ms
2025-12-04 22:23:42 [restartedMain] INFO  com.zaxxer.hikari.HikariDataSource - HikariPool-2 - Starting...
2025-12-04 22:23:43 [restartedMain] INFO  com.zaxxer.hikari.pool.HikariPool - HikariPool-2 - Added connection org.postgresql.jdbc.PgConnection@39374a4c
2025-12-04 22:23:43 [restartedMain] INFO  com.zaxxer.hikari.HikariDataSource - HikariPool-2 - Start completed.
2025-12-04 22:23:43 [restartedMain] INFO  org.flywaydb.core.FlywayExecutor - Database: jdbc:postgresql://localhost:5432/taskapp?TimeZone=Asia/Kolkata (PostgreSQL 15.15)
2025-12-04 22:23:43 [restartedMain] INFO  o.f.core.internal.command.DbValidate - Successfully validated 9 migrations (execution time 00:00.149s)
2025-12-04 22:23:43 [restartedMain] INFO  o.f.core.internal.command.DbMigrate - Current version of schema "public": 9
2025-12-04 22:23:43 [restartedMain] INFO  o.f.core.internal.command.DbMigrate - Schema "public" is up to date. No migration necessary.
2025-12-04 22:23:44 [restartedMain] INFO  o.h.jpa.internal.util.LogHelper - HHH000204: Processing PersistenceUnitInfo [name: default]
2025-12-04 22:23:44 [restartedMain] INFO  o.h.c.i.RegionFactoryInitiator - HHH000026: Second-level cache disabled
2025-12-04 22:23:44 [restartedMain] INFO  o.s.o.j.p.SpringPersistenceUnitInfo - No LoadTimeWeaver setup: ignoring JPA class transformer
2025-12-04 22:23:44 [restartedMain] WARN  org.hibernate.orm.deprecation - HHH90000025: PostgreSQLDialect does not need to be specified explicitly using 'hibernate.dialect' (remove the property setting and it will be selected by default)
2025-12-04 22:23:44 [restartedMain] INFO  o.hibernate.orm.connections.pooling - HHH10001005: Database info:
	Database JDBC URL [Connecting through datasource 'HikariDataSource (HikariPool-2)']
	Database driver: undefined/unknown
	Database version: 15.15
	Autocommit mode: undefined/unknown
	Isolation level: undefined/unknown
	Minimum pool size: undefined/unknown
	Maximum pool size: undefined/unknown
2025-12-04 22:23:47 [restartedMain] INFO  o.h.e.t.j.p.i.JtaPlatformInitiator - HHH000489: No JTA platform available (set 'hibernate.transaction.jta.platform' to enable JTA platform integration)
2025-12-04 22:23:49 [restartedMain] INFO  o.s.o.j.LocalContainerEntityManagerFactoryBean - Initialized JPA EntityManagerFactory for persistence unit 'default'
2025-12-04 22:23:49 [restartedMain] DEBUG c.p.t.a.s.JwtAuthenticationFilter - Filter 'jwtAuthenticationFilter' configured for use
2025-12-04 22:24:01 [restartedMain] INFO  o.s.s.c.a.a.c.InitializeAuthenticationProviderBeanManagerConfigurer$InitializeAuthenticationProviderManagerConfigurer - Global AuthenticationManager configured with AuthenticationProvider bean with name authenticationProvider
2025-12-04 22:24:01 [restartedMain] WARN  o.s.s.c.a.a.c.InitializeUserDetailsBeanManagerConfigurer$InitializeUserDetailsManagerConfigurer - Global AuthenticationManager configured with an AuthenticationProvider bean. UserDetailsService beans will not be used by Spring Security for automatically configuring username/password login. Consider removing the AuthenticationProvider bean. Alternatively, consider using the UserDetailsService in a manually instantiated DaoAuthenticationProvider. If the current configuration is intentional, to turn off this warning, increase the logging level of 'org.springframework.security.config.annotation.authentication.configuration.InitializeUserDetailsBeanManagerConfigurer' to ERROR
2025-12-04 22:24:01 [restartedMain] WARN  o.s.b.a.t.ThymeleafAutoConfiguration$DefaultTemplateResolverConfiguration - Cannot find template location: classpath:/templates/ (please add some templates, check your Thymeleaf configuration, or set spring.thymeleaf.check-template-location=false)
2025-12-04 22:24:02 [restartedMain] INFO  c.p.t.a.s.impl.PermissionServiceImpl - Creating default permissions if not exist
2025-12-04 22:24:02 [restartedMain] DEBUG org.hibernate.SQL - 
    select
        p1_0.id,
        p1_0.code,
        p1_0.description 
    from
        permissions p1_0 
    where
        p1_0.code=?
2025-12-04 22:24:03 [restartedMain] DEBUG org.hibernate.SQL - 
    select
        p1_0.id,
        p1_0.code,
        p1_0.description 
    from
        permissions p1_0 
    where
        p1_0.code=?
2025-12-04 22:24:03 [restartedMain] DEBUG org.hibernate.SQL - 
    select
        p1_0.id,
        p1_0.code,
        p1_0.description 
    from
        permissions p1_0 
    where
        p1_0.code=?
2025-12-04 22:24:03 [restartedMain] DEBUG org.hibernate.SQL - 
    select
        p1_0.id,
        p1_0.code,
        p1_0.description 
    from
        permissions p1_0 
    where
        p1_0.code=?
2025-12-04 22:24:03 [restartedMain] DEBUG org.hibernate.SQL - 
    select
        p1_0.id,
        p1_0.code,
        p1_0.description 
    from
        permissions p1_0 
    where
        p1_0.code=?
2025-12-04 22:24:03 [restartedMain] DEBUG org.hibernate.SQL - 
    select
        p1_0.id,
        p1_0.code,
        p1_0.description 
    from
        permissions p1_0 
    where
        p1_0.code=?
2025-12-04 22:24:03 [restartedMain] DEBUG org.hibernate.SQL - 
    select
        p1_0.id,
        p1_0.code,
        p1_0.description 
    from
        permissions p1_0 
    where
        p1_0.code=?
2025-12-04 22:24:03 [restartedMain] DEBUG org.hibernate.SQL - 
    select
        p1_0.id,
        p1_0.code,
        p1_0.description 
    from
        permissions p1_0 
    where
        p1_0.code=?
2025-12-04 22:24:03 [restartedMain] DEBUG org.hibernate.SQL - 
    select
        p1_0.id,
        p1_0.code,
        p1_0.description 
    from
        permissions p1_0 
    where
        p1_0.code=?
2025-12-04 22:24:03 [restartedMain] DEBUG org.hibernate.SQL - 
    select
        p1_0.id,
        p1_0.code,
        p1_0.description 
    from
        permissions p1_0 
    where
        p1_0.code=?
2025-12-04 22:24:03 [restartedMain] DEBUG org.hibernate.SQL - 
    select
        p1_0.id,
        p1_0.code,
        p1_0.description 
    from
        permissions p1_0 
    where
        p1_0.code=?
2025-12-04 22:24:03 [restartedMain] DEBUG org.hibernate.SQL - 
    select
        p1_0.id,
        p1_0.code,
        p1_0.description 
    from
        permissions p1_0 
    where
        p1_0.code=?
2025-12-04 22:24:03 [restartedMain] DEBUG org.hibernate.SQL - 
    select
        p1_0.id,
        p1_0.code,
        p1_0.description 
    from
        permissions p1_0 
    where
        p1_0.code=?
2025-12-04 22:24:03 [restartedMain] DEBUG org.hibernate.SQL - 
    select
        p1_0.id,
        p1_0.code,
        p1_0.description 
    from
        permissions p1_0 
    where
        p1_0.code=?
2025-12-04 22:24:03 [restartedMain] DEBUG org.hibernate.SQL - 
    select
        p1_0.id,
        p1_0.code,
        p1_0.description 
    from
        permissions p1_0 
    where
        p1_0.code=?
2025-12-04 22:24:03 [restartedMain] DEBUG org.hibernate.SQL - 
    select
        p1_0.id,
        p1_0.code,
        p1_0.description 
    from
        permissions p1_0 
    where
        p1_0.code=?
2025-12-04 22:24:03 [restartedMain] DEBUG org.hibernate.SQL - 
    select
        p1_0.id,
        p1_0.code,
        p1_0.description 
    from
        permissions p1_0 
    where
        p1_0.code=?
2025-12-04 22:24:03 [restartedMain] DEBUG org.hibernate.SQL - 
    select
        p1_0.id,
        p1_0.code,
        p1_0.description 
    from
        permissions p1_0 
    where
        p1_0.code=?
2025-12-04 22:24:03 [restartedMain] DEBUG org.hibernate.SQL - 
    select
        p1_0.id,
        p1_0.code,
        p1_0.description 
    from
        permissions p1_0 
    where
        p1_0.code=?
2025-12-04 22:24:03 [restartedMain] DEBUG org.hibernate.SQL - 
    select
        p1_0.id,
        p1_0.code,
        p1_0.description 
    from
        permissions p1_0 
    where
        p1_0.code=?
2025-12-04 22:24:03 [restartedMain] DEBUG org.hibernate.SQL - 
    select
        p1_0.id,
        p1_0.code,
        p1_0.description 
    from
        permissions p1_0 
    where
        p1_0.code=?
2025-12-04 22:24:03 [restartedMain] DEBUG org.hibernate.SQL - 
    select
        p1_0.id,
        p1_0.code,
        p1_0.description 
    from
        permissions p1_0 
    where
        p1_0.code=?
2025-12-04 22:24:03 [restartedMain] DEBUG org.hibernate.SQL - 
    select
        p1_0.id,
        p1_0.code,
        p1_0.description 
    from
        permissions p1_0 
    where
        p1_0.code=?
2025-12-04 22:24:04 [restartedMain] DEBUG org.hibernate.SQL - 
    select
        p1_0.id,
        p1_0.code,
        p1_0.description 
    from
        permissions p1_0 
    where
        p1_0.code=?
2025-12-04 22:24:04 [restartedMain] DEBUG org.hibernate.SQL - 
    select
        p1_0.id,
        p1_0.code,
        p1_0.description 
    from
        permissions p1_0 
    where
        p1_0.code=?
2025-12-04 22:24:04 [restartedMain] DEBUG org.hibernate.SQL - 
    select
        p1_0.id,
        p1_0.code,
        p1_0.description 
    from
        permissions p1_0 
    where
        p1_0.code=?
2025-12-04 22:24:04 [restartedMain] DEBUG org.hibernate.SQL - 
    select
        p1_0.id,
        p1_0.code,
        p1_0.description 
    from
        permissions p1_0 
    where
        p1_0.code=?
2025-12-04 22:24:04 [restartedMain] INFO  c.p.t.a.s.impl.PermissionServiceImpl - Default permissions created/verified
2025-12-04 22:24:04 [restartedMain] INFO  c.p.t.a.service.impl.RoleServiceImpl - Creating default roles if not exist
2025-12-04 22:24:04 [restartedMain] DEBUG org.hibernate.SQL - 
    select
        r1_0.id,
        r1_0.description,
        r1_0.name 
    from
        roles r1_0 
    where
        r1_0.name=?
2025-12-04 22:24:04 [restartedMain] DEBUG org.hibernate.SQL - 
    select
        p1_0.role_id,
        p1_1.id,
        p1_1.code,
        p1_1.description 
    from
        role_permissions p1_0 
    join
        permissions p1_1 
            on p1_1.id=p1_0.permission_id 
    where
        p1_0.role_id=?
2025-12-04 22:24:04 [restartedMain] DEBUG org.hibernate.SQL - 
    select
        r1_0.id,
        r1_0.description,
        r1_0.name 
    from
        roles r1_0 
    where
        r1_0.name=?
2025-12-04 22:24:04 [restartedMain] DEBUG org.hibernate.SQL - 
    select
        p1_0.role_id,
        p1_1.id,
        p1_1.code,
        p1_1.description 
    from
        role_permissions p1_0 
    join
        permissions p1_1 
            on p1_1.id=p1_0.permission_id 
    where
        p1_0.role_id=?
2025-12-04 22:24:04 [restartedMain] DEBUG org.hibernate.SQL - 
    select
        r1_0.id,
        r1_0.description,
        r1_0.name 
    from
        roles r1_0 
    where
        r1_0.name=?
2025-12-04 22:24:04 [restartedMain] DEBUG org.hibernate.SQL - 
    select
        p1_0.role_id,
        p1_1.id,
        p1_1.code,
        p1_1.description 
    from
        role_permissions p1_0 
    join
        permissions p1_1 
            on p1_1.id=p1_0.permission_id 
    where
        p1_0.role_id=?
2025-12-04 22:24:04 [restartedMain] DEBUG org.hibernate.SQL - 
    select
        r1_0.id,
        r1_0.description,
        r1_0.name 
    from
        roles r1_0 
    where
        r1_0.name=?
2025-12-04 22:24:04 [restartedMain] DEBUG org.hibernate.SQL - 
    select
        p1_0.role_id,
        p1_1.id,
        p1_1.code,
        p1_1.description 
    from
        role_permissions p1_0 
    join
        permissions p1_1 
            on p1_1.id=p1_0.permission_id 
    where
        p1_0.role_id=?
2025-12-04 22:24:04 [restartedMain] INFO  c.p.t.a.service.impl.RoleServiceImpl - Default roles created/verified
2025-12-04 22:24:06 [restartedMain] WARN  o.s.b.a.o.j.JpaBaseConfiguration$JpaWebConfiguration - spring.jpa.open-in-view is enabled by default. Therefore, database queries may be performed during view rendering. Explicitly configure spring.jpa.open-in-view to disable this warning
2025-12-04 22:24:07 [restartedMain] DEBUG o.s.s.web.DefaultSecurityFilterChain - Will secure any request with filters: DisableEncodeUrlFilter, WebAsyncManagerIntegrationFilter, SecurityContextHolderFilter, HeaderWriterFilter, CorsFilter, LogoutFilter, JwtAuthenticationFilter, RequestCacheAwareFilter, SecurityContextHolderAwareRequestFilter, AnonymousAuthenticationFilter, SessionManagementFilter, ExceptionTranslationFilter, AuthorizationFilter
2025-12-04 22:24:08 [restartedMain] INFO  o.s.b.a.h.H2ConsoleAutoConfiguration - H2 console available at '/h2-console'. Database available at 'jdbc:postgresql://localhost:5432/taskapp?TimeZone=Asia/Kolkata'
2025-12-04 22:24:08 [restartedMain] INFO  o.s.b.d.a.OptionalLiveReloadServer - LiveReload server is running on port 35729
2025-12-04 22:24:08 [restartedMain] INFO  o.s.b.w.e.tomcat.TomcatWebServer - Tomcat started on port 8080 (http) with context path '/'
2025-12-04 22:24:08 [restartedMain] INFO  com.pm.taskapp.TaskAppApplication - Started TaskAppApplication in 32.346 seconds (process running for 524.012)
2025-12-04 22:24:08 [restartedMain] INFO  o.s.b.d.a.ConditionEvaluationDeltaLoggingListener - Condition evaluation unchanged
2025-12-04 22:24:22 [http-nio-8080-exec-2] INFO  o.a.c.c.C.[Tomcat].[localhost].[/] - Initializing Spring DispatcherServlet 'dispatcherServlet'
2025-12-04 22:24:22 [http-nio-8080-exec-2] INFO  o.s.web.servlet.DispatcherServlet - Initializing Servlet 'dispatcherServlet'
2025-12-04 22:24:23 [http-nio-8080-exec-2] INFO  o.s.web.servlet.DispatcherServlet - Completed initialization in 135 ms
2025-12-04 22:24:23 [http-nio-8080-exec-2] DEBUG o.s.security.web.FilterChainProxy - Securing GET /api/projects/my-projects
2025-12-04 22:24:23 [http-nio-8080-exec-2] ERROR c.p.t.a.s.impl.JwtTokenServiceImpl - JWT token is expired: JWT expired 362672122 milliseconds ago at 2025-11-30T12:09:51.000Z. Current time: 2025-12-04T16:54:23.122Z. Allowed clock skew: 0 milliseconds.
2025-12-04 22:24:23 [http-nio-8080-exec-2] DEBUG o.s.s.w.a.AnonymousAuthenticationFilter - Set SecurityContextHolder to anonymous SecurityContext
2025-12-04 22:24:23 [http-nio-8080-exec-2] ERROR c.p.t.a.s.JwtAuthenticationEntryPoint - Unauthorized error: Full authentication is required to access this resource
2025-12-04 22:24:53 [http-nio-8080-exec-4] DEBUG o.s.security.web.FilterChainProxy - Securing POST /api/auth/login
2025-12-04 22:24:53 [http-nio-8080-exec-4] DEBUG o.s.s.w.a.AnonymousAuthenticationFilter - Set SecurityContextHolder to anonymous SecurityContext
2025-12-04 22:24:53 [http-nio-8080-exec-4] DEBUG o.s.security.web.FilterChainProxy - Secured POST /api/auth/login
2025-12-04 22:24:54 [http-nio-8080-exec-4] INFO  c.p.t.auth.controller.AuthController - Login request received for email: patelrajkumar362002@gmail.com
2025-12-04 22:24:54 [http-nio-8080-exec-4] INFO  c.p.t.a.s.i.AuthenticationServiceImpl - Login attempt for email: patelrajkumar362002@gmail.com
2025-12-04 22:24:54 [http-nio-8080-exec-4] DEBUG c.p.t.a.s.i.CustomUserDetailsService - Loading user by email: patelrajkumar362002@gmail.com
2025-12-04 22:24:54 [http-nio-8080-exec-4] DEBUG org.hibernate.SQL - 
    select
        u1_0.id,
        u1_0.avatar_url,
        u1_0.created_at,
        u1_0.email,
        u1_0.enabled,
        u1_0.last_login_at,
        u1_0.name,
        u1_0.password_hash,
        r1_0.user_id,
        r1_1.id,
        r1_1.description,
        r1_1.name,
        p1_0.role_id,
        p1_1.id,
        p1_1.code,
        p1_1.description,
        u1_0.updated_at 
    from
        users u1_0 
    left join
        user_roles r1_0 
            on u1_0.id=r1_0.user_id 
    left join
        roles r1_1 
            on r1_1.id=r1_0.role_id 
    left join
        role_permissions p1_0 
            on r1_1.id=p1_0.role_id 
    left join
        permissions p1_1 
            on p1_1.id=p1_0.permission_id 
    where
        upper(u1_0.email)=upper(?)
2025-12-04 22:24:54 [http-nio-8080-exec-4] DEBUG c.p.t.a.s.i.CustomUserDetailsService - User found: patelrajkumar362002@gmail.com, enabled: true
2025-12-04 22:24:55 [http-nio-8080-exec-4] DEBUG o.s.s.a.d.DaoAuthenticationProvider - Authenticated user
2025-12-04 22:24:55 [http-nio-8080-exec-4] DEBUG c.p.t.a.service.impl.UserServiceImpl - Updating last login for user: 41953fa3-1713-48bd-8e05-65599c6ee853
2025-12-04 22:24:55 [http-nio-8080-exec-4] DEBUG org.hibernate.SQL - 
    select
        u1_0.id,
        u1_0.avatar_url,
        u1_0.created_at,
        u1_0.email,
        u1_0.enabled,
        u1_0.last_login_at,
        u1_0.name,
        u1_0.password_hash,
        r1_0.user_id,
        r1_1.id,
        r1_1.description,
        r1_1.name,
        u1_0.updated_at 
    from
        users u1_0 
    left join
        user_roles r1_0 
            on u1_0.id=r1_0.user_id 
    left join
        roles r1_1 
            on r1_1.id=r1_0.role_id 
    where
        u1_0.id=?
2025-12-04 22:24:55 [http-nio-8080-exec-4] DEBUG c.p.t.a.s.impl.JwtTokenServiceImpl - Generating access token for user: 41953fa3-1713-48bd-8e05-65599c6ee853
2025-12-04 22:24:55 [http-nio-8080-exec-4] DEBUG c.p.t.a.s.i.RefreshTokenServiceImpl - Creating refresh token for user: 41953fa3-1713-48bd-8e05-65599c6ee853
2025-12-04 22:24:55 [http-nio-8080-exec-4] DEBUG org.hibernate.SQL - 
    select
        rt1_0.id,
        rt1_0.expires_at,
        rt1_0.token,
        rt1_0.user_id 
    from
        refresh_tokens rt1_0
2025-12-04 22:24:55 [http-nio-8080-exec-4] DEBUG org.hibernate.SQL - 
    select
        rt1_0.id,
        rt1_0.expires_at,
        rt1_0.token,
        rt1_0.user_id 
    from
        refresh_tokens rt1_0 
    where
        rt1_0.token=?
2025-12-04 22:24:55 [http-nio-8080-exec-4] INFO  c.p.t.a.s.i.RefreshTokenServiceImpl - Refresh token created for user: 41953fa3-1713-48bd-8e05-65599c6ee853 with expiry: 2026-01-03T16:54:55.375149800Z
2025-12-04 22:24:55 [http-nio-8080-exec-4] DEBUG org.hibernate.SQL - 
    insert 
    into
        refresh_tokens
        (expires_at, token, user_id, id) 
    values
        (?, ?, ?, ?)
2025-12-04 22:24:55 [http-nio-8080-exec-4] DEBUG org.hibernate.SQL - 
    update
        users 
    set
        avatar_url=?,
        email=?,
        enabled=?,
        last_login_at=?,
        name=?,
        password_hash=?,
        updated_at=? 
    where
        id=?
2025-12-04 22:24:55 [http-nio-8080-exec-4] DEBUG org.hibernate.SQL - 
    select
        u1_0.id,
        u1_0.avatar_url,
        u1_0.created_at,
        u1_0.email,
        u1_0.enabled,
        u1_0.last_login_at,
        u1_0.name,
        u1_0.password_hash,
        r1_0.user_id,
        r1_1.id,
        r1_1.description,
        r1_1.name,
        u1_0.updated_at 
    from
        users u1_0 
    left join
        user_roles r1_0 
            on u1_0.id=r1_0.user_id 
    left join
        roles r1_1 
            on r1_1.id=r1_0.role_id 
    where
        u1_0.id=?
2025-12-04 22:24:55 [http-nio-8080-exec-4] INFO  c.p.t.a.s.i.AuthenticationServiceImpl - User logged in successfully: 41953fa3-1713-48bd-8e05-65599c6ee853
2025-12-04 22:24:55 [http-nio-8080-exec-4] DEBUG org.hibernate.SQL - 
    select
        u1_0.role_id,
        u1_1.id,
        u1_1.avatar_url,
        u1_1.created_at,
        u1_1.email,
        u1_1.enabled,
        u1_1.last_login_at,
        u1_1.name,
        u1_1.password_hash,
        u1_1.updated_at 
    from
        user_roles u1_0 
    join
        users u1_1 
            on u1_1.id=u1_0.user_id 
    where
        u1_0.role_id=?
2025-12-04 22:24:55 [http-nio-8080-exec-4] DEBUG org.hibernate.SQL - 
    select
        r1_0.user_id,
        r1_1.id,
        r1_1.description,
        r1_1.name,
        p1_0.role_id,
        p1_1.id,
        p1_1.code,
        p1_1.description 
    from
        user_roles r1_0 
    join
        roles r1_1 
            on r1_1.id=r1_0.role_id 
    left join
        role_permissions p1_0 
            on r1_1.id=p1_0.role_id 
    left join
        permissions p1_1 
            on p1_1.id=p1_0.permission_id 
    where
        r1_0.user_id=?
2025-12-04 22:24:55 [http-nio-8080-exec-4] DEBUG org.hibernate.SQL - 
    select
        r1_0.user_id,
        r1_1.id,
        r1_1.description,
        r1_1.name,
        p1_0.role_id,
        p1_1.id,
        p1_1.code,
        p1_1.description 
    from
        user_roles r1_0 
    join
        roles r1_1 
            on r1_1.id=r1_0.role_id 
    left join
        role_permissions p1_0 
            on r1_1.id=p1_0.role_id 
    left join
        permissions p1_1 
            on p1_1.id=p1_0.permission_id 
    where
        r1_0.user_id=?
2025-12-04 22:24:55 [http-nio-8080-exec-4] DEBUG org.hibernate.SQL - 
    select
        r1_0.user_id,
        r1_1.id,
        r1_1.description,
        r1_1.name,
        p1_0.role_id,
        p1_1.id,
        p1_1.code,
        p1_1.description 
    from
        user_roles r1_0 
    join
        roles r1_1 
            on r1_1.id=r1_0.role_id 
    left join
        role_permissions p1_0 
            on r1_1.id=p1_0.role_id 
    left join
        permissions p1_1 
            on p1_1.id=p1_0.permission_id 
    where
        r1_0.user_id=?
2025-12-04 22:24:55 [http-nio-8080-exec-4] DEBUG org.hibernate.SQL - 
    select
        r1_0.user_id,
        r1_1.id,
        r1_1.description,
        r1_1.name,
        p1_0.role_id,
        p1_1.id,
        p1_1.code,
        p1_1.description 
    from
        user_roles r1_0 
    join
        roles r1_1 
            on r1_1.id=r1_0.role_id 
    left join
        role_permissions p1_0 
            on r1_1.id=p1_0.role_id 
    left join
        permissions p1_1 
            on p1_1.id=p1_0.permission_id 
    where
        r1_0.user_id=?
2025-12-04 22:25:28 [http-nio-8080-exec-5] DEBUG o.s.security.web.FilterChainProxy - Securing PUT /api/projects/00000000-0000-0000-0000-000000000000
2025-12-04 22:25:28 [http-nio-8080-exec-5] DEBUG c.p.t.a.s.i.CustomUserDetailsService - Loading user by id: 41953fa3-1713-48bd-8e05-65599c6ee853
2025-12-04 22:25:28 [http-nio-8080-exec-5] DEBUG org.hibernate.SQL - 
    select
        u1_0.id,
        u1_0.avatar_url,
        u1_0.created_at,
        u1_0.email,
        u1_0.enabled,
        u1_0.last_login_at,
        u1_0.name,
        u1_0.password_hash,
        r1_0.user_id,
        r1_1.id,
        r1_1.description,
        r1_1.name,
        p1_0.role_id,
        p1_1.id,
        p1_1.code,
        p1_1.description,
        u1_0.updated_at 
    from
        users u1_0 
    left join
        user_roles r1_0 
            on u1_0.id=r1_0.user_id 
    left join
        roles r1_1 
            on r1_1.id=r1_0.role_id 
    left join
        role_permissions p1_0 
            on r1_1.id=p1_0.role_id 
    left join
        permissions p1_1 
            on p1_1.id=p1_0.permission_id 
    where
        u1_0.id=?
2025-12-04 22:25:28 [http-nio-8080-exec-5] DEBUG org.hibernate.SQL - 
    select
        u1_0.id,
        u1_0.avatar_url,
        u1_0.created_at,
        u1_0.email,
        u1_0.enabled,
        u1_0.last_login_at,
        u1_0.name,
        u1_0.password_hash,
        r1_0.user_id,
        r1_1.id,
        r1_1.description,
        r1_1.name,
        p1_0.role_id,
        p1_1.id,
        p1_1.code,
        p1_1.description,
        u1_0.updated_at 
    from
        users u1_0 
    left join
        user_roles r1_0 
            on u1_0.id=r1_0.user_id 
    left join
        roles r1_1 
            on r1_1.id=r1_0.role_id 
    left join
        role_permissions p1_0 
            on r1_1.id=p1_0.role_id 
    left join
        permissions p1_1 
            on p1_1.id=p1_0.permission_id 
    where
        upper(u1_0.email)=upper(?)
2025-12-04 22:25:28 [http-nio-8080-exec-5] DEBUG c.p.t.a.s.JwtAuthenticationFilter - User 41953fa3-1713-48bd-8e05-65599c6ee853 authenticated successfully from JWT
2025-12-04 22:25:28 [http-nio-8080-exec-5] DEBUG o.s.security.web.FilterChainProxy - Secured PUT /api/projects/00000000-0000-0000-0000-000000000000
2025-12-04 22:25:28 [http-nio-8080-exec-5] INFO  c.p.t.p.controller.ProjectController - Updating project: 00000000-0000-0000-0000-000000000000 by user: 41953fa3-1713-48bd-8e05-65599c6ee853
2025-12-04 22:25:28 [http-nio-8080-exec-5] INFO  c.p.t.p.s.impl.ProjectServiceImpl - Updating project: 00000000-0000-0000-0000-000000000000 by user: 41953fa3-1713-48bd-8e05-65599c6ee853
2025-12-04 22:25:28 [http-nio-8080-exec-5] DEBUG org.hibernate.SQL - 
    select
        p1_0.id,
        p1_0.archived_at,
        p1_0.created_at,
        p1_0.created_by,
        p1_0.description,
        p1_0.is_archived,
        p1_0.key,
        p1_0.name,
        p1_0.updated_at,
        p1_0.visibility 
    from
        projects p1_0 
    where
        p1_0.id=?
2025-12-04 22:25:28 [http-nio-8080-exec-5] WARN  o.s.w.s.m.m.a.ExceptionHandlerExceptionResolver - Resolved [com.pm.taskapp.project.exception.ProjectNotFoundException: Project not found with ID: 00000000-0000-0000-0000-000000000000]
2025-12-04 22:28:25 [File Watcher] INFO  o.s.b.d.a.LocalDevToolsAutoConfiguration$RestartingClassPathChangeChangedEventListener - Restarting due to 1 class path change (0 additions, 0 deletions, 1 modification)
2025-12-04 22:28:26 [Thread-7] INFO  o.s.b.w.e.tomcat.GracefulShutdown - Commencing graceful shutdown. Waiting for active requests to complete
2025-12-04 22:28:26 [tomcat-shutdown] INFO  o.s.b.w.e.tomcat.GracefulShutdown - Graceful shutdown complete
2025-12-04 22:28:26 [Thread-7] INFO  o.s.o.j.LocalContainerEntityManagerFactoryBean - Closing JPA EntityManagerFactory for persistence unit 'default'
2025-12-04 22:28:26 [Thread-7] INFO  com.zaxxer.hikari.HikariDataSource - HikariPool-2 - Shutdown initiated...
2025-12-04 22:28:26 [Thread-7] INFO  com.zaxxer.hikari.HikariDataSource - HikariPool-2 - Shutdown completed.
2025-12-04 22:28:27 [restartedMain] INFO  com.pm.taskapp.TaskAppApplication - Starting TaskAppApplication using Java 21.0.8 with PID 17168 (D:\Projects\TaskApp\target\classes started by Rajkumar in D:\Projects\TaskApp)
2025-12-04 22:28:27 [restartedMain] DEBUG com.pm.taskapp.TaskAppApplication - Running with Spring Boot v3.5.7, Spring v6.2.12
2025-12-04 22:28:27 [restartedMain] INFO  com.pm.taskapp.TaskAppApplication - The following 1 profile is active: "dev"
2025-12-04 22:28:33 [restartedMain] INFO  o.s.d.r.c.RepositoryConfigurationDelegate - Bootstrapping Spring Data JPA repositories in DEFAULT mode.
2025-12-04 22:28:33 [restartedMain] INFO  o.s.d.r.c.RepositoryConfigurationDelegate - Finished Spring Data repository scanning in 122 ms. Found 7 JPA repository interfaces.
2025-12-04 22:28:34 [restartedMain] INFO  o.s.b.w.e.tomcat.TomcatWebServer - Tomcat initialized with port 8080 (http)
2025-12-04 22:28:34 [restartedMain] INFO  o.a.catalina.core.StandardService - Starting service [Tomcat]
2025-12-04 22:28:34 [restartedMain] INFO  o.a.catalina.core.StandardEngine - Starting Servlet engine: [Apache Tomcat/10.1.48]
2025-12-04 22:28:34 [restartedMain] INFO  o.a.c.c.C.[Tomcat].[localhost].[/] - Initializing Spring embedded WebApplicationContext
2025-12-04 22:28:34 [restartedMain] INFO  o.s.b.w.s.c.ServletWebServerApplicationContext - Root WebApplicationContext: initialization completed in 6420 ms
2025-12-04 22:28:34 [restartedMain] INFO  com.zaxxer.hikari.HikariDataSource - HikariPool-3 - Starting...
2025-12-04 22:28:34 [restartedMain] INFO  com.zaxxer.hikari.pool.HikariPool - HikariPool-3 - Added connection org.postgresql.jdbc.PgConnection@7fdec698
2025-12-04 22:28:34 [restartedMain] INFO  com.zaxxer.hikari.HikariDataSource - HikariPool-3 - Start completed.
2025-12-04 22:28:34 [restartedMain] INFO  org.flywaydb.core.FlywayExecutor - Database: jdbc:postgresql://localhost:5432/taskapp?TimeZone=Asia/Kolkata (PostgreSQL 15.15)
2025-12-04 22:28:34 [restartedMain] INFO  o.f.core.internal.command.DbValidate - Successfully validated 9 migrations (execution time 00:00.114s)
2025-12-04 22:28:34 [restartedMain] INFO  o.f.core.internal.command.DbMigrate - Current version of schema "public": 9
2025-12-04 22:28:34 [restartedMain] INFO  o.f.core.internal.command.DbMigrate - Schema "public" is up to date. No migration necessary.
2025-12-04 22:28:35 [restartedMain] INFO  o.h.jpa.internal.util.LogHelper - HHH000204: Processing PersistenceUnitInfo [name: default]
2025-12-04 22:28:35 [restartedMain] INFO  o.h.c.i.RegionFactoryInitiator - HHH000026: Second-level cache disabled
2025-12-04 22:28:35 [restartedMain] INFO  o.s.o.j.p.SpringPersistenceUnitInfo - No LoadTimeWeaver setup: ignoring JPA class transformer
2025-12-04 22:28:35 [restartedMain] WARN  org.hibernate.orm.deprecation - HHH90000025: PostgreSQLDialect does not need to be specified explicitly using 'hibernate.dialect' (remove the property setting and it will be selected by default)
2025-12-04 22:28:35 [restartedMain] INFO  o.hibernate.orm.connections.pooling - HHH10001005: Database info:
	Database JDBC URL [Connecting through datasource 'HikariDataSource (HikariPool-3)']
	Database driver: undefined/unknown
	Database version: 15.15
	Autocommit mode: undefined/unknown
	Isolation level: undefined/unknown
	Minimum pool size: undefined/unknown
	Maximum pool size: undefined/unknown
2025-12-04 22:28:35 [restartedMain] INFO  o.h.e.t.j.p.i.JtaPlatformInitiator - HHH000489: No JTA platform available (set 'hibernate.transaction.jta.platform' to enable JTA platform integration)
2025-12-04 22:28:36 [restartedMain] INFO  o.s.o.j.LocalContainerEntityManagerFactoryBean - Initialized JPA EntityManagerFactory for persistence unit 'default'
2025-12-04 22:28:39 [restartedMain] DEBUG c.p.t.a.s.JwtAuthenticationFilter - Filter 'jwtAuthenticationFilter' configured for use
2025-12-04 22:28:40 [restartedMain] INFO  o.s.s.c.a.a.c.InitializeAuthenticationProviderBeanManagerConfigurer$InitializeAuthenticationProviderManagerConfigurer - Global AuthenticationManager configured with AuthenticationProvider bean with name authenticationProvider
2025-12-04 22:28:40 [restartedMain] WARN  o.s.s.c.a.a.c.InitializeUserDetailsBeanManagerConfigurer$InitializeUserDetailsManagerConfigurer - Global AuthenticationManager configured with an AuthenticationProvider bean. UserDetailsService beans will not be used by Spring Security for automatically configuring username/password login. Consider removing the AuthenticationProvider bean. Alternatively, consider using the UserDetailsService in a manually instantiated DaoAuthenticationProvider. If the current configuration is intentional, to turn off this warning, increase the logging level of 'org.springframework.security.config.annotation.authentication.configuration.InitializeUserDetailsBeanManagerConfigurer' to ERROR
2025-12-04 22:28:40 [restartedMain] WARN  o.s.b.a.t.ThymeleafAutoConfiguration$DefaultTemplateResolverConfiguration - Cannot find template location: classpath:/templates/ (please add some templates, check your Thymeleaf configuration, or set spring.thymeleaf.check-template-location=false)
2025-12-04 22:28:40 [restartedMain] INFO  c.p.t.a.s.impl.PermissionServiceImpl - Creating default permissions if not exist
2025-12-04 22:28:40 [restartedMain] DEBUG org.hibernate.SQL - 
    select
        p1_0.id,
        p1_0.code,
        p1_0.description 
    from
        permissions p1_0 
    where
        p1_0.code=?
2025-12-04 22:28:40 [restartedMain] DEBUG org.hibernate.SQL - 
    select
        p1_0.id,
        p1_0.code,
        p1_0.description 
    from
        permissions p1_0 
    where
        p1_0.code=?
2025-12-04 22:28:40 [restartedMain] DEBUG org.hibernate.SQL - 
    select
        p1_0.id,
        p1_0.code,
        p1_0.description 
    from
        permissions p1_0 
    where
        p1_0.code=?
2025-12-04 22:28:40 [restartedMain] DEBUG org.hibernate.SQL - 
    select
        p1_0.id,
        p1_0.code,
        p1_0.description 
    from
        permissions p1_0 
    where
        p1_0.code=?
2025-12-04 22:28:40 [restartedMain] DEBUG org.hibernate.SQL - 
    select
        p1_0.id,
        p1_0.code,
        p1_0.description 
    from
        permissions p1_0 
    where
        p1_0.code=?
2025-12-04 22:28:40 [restartedMain] DEBUG org.hibernate.SQL - 
    select
        p1_0.id,
        p1_0.code,
        p1_0.description 
    from
        permissions p1_0 
    where
        p1_0.code=?
2025-12-04 22:28:40 [restartedMain] DEBUG org.hibernate.SQL - 
    select
        p1_0.id,
        p1_0.code,
        p1_0.description 
    from
        permissions p1_0 
    where
        p1_0.code=?
2025-12-04 22:28:40 [restartedMain] DEBUG org.hibernate.SQL - 
    select
        p1_0.id,
        p1_0.code,
        p1_0.description 
    from
        permissions p1_0 
    where
        p1_0.code=?
2025-12-04 22:28:40 [restartedMain] DEBUG org.hibernate.SQL - 
    select
        p1_0.id,
        p1_0.code,
        p1_0.description 
    from
        permissions p1_0 
    where
        p1_0.code=?
2025-12-04 22:28:40 [restartedMain] DEBUG org.hibernate.SQL - 
    select
        p1_0.id,
        p1_0.code,
        p1_0.description 
    from
        permissions p1_0 
    where
        p1_0.code=?
2025-12-04 22:28:40 [restartedMain] DEBUG org.hibernate.SQL - 
    select
        p1_0.id,
        p1_0.code,
        p1_0.description 
    from
        permissions p1_0 
    where
        p1_0.code=?
2025-12-04 22:28:40 [restartedMain] DEBUG org.hibernate.SQL - 
    select
        p1_0.id,
        p1_0.code,
        p1_0.description 
    from
        permissions p1_0 
    where
        p1_0.code=?
2025-12-04 22:28:40 [restartedMain] DEBUG org.hibernate.SQL - 
    select
        p1_0.id,
        p1_0.code,
        p1_0.description 
    from
        permissions p1_0 
    where
        p1_0.code=?
2025-12-04 22:28:40 [restartedMain] DEBUG org.hibernate.SQL - 
    select
        p1_0.id,
        p1_0.code,
        p1_0.description 
    from
        permissions p1_0 
    where
        p1_0.code=?
2025-12-04 22:28:40 [restartedMain] DEBUG org.hibernate.SQL - 
    select
        p1_0.id,
        p1_0.code,
        p1_0.description 
    from
        permissions p1_0 
    where
        p1_0.code=?
2025-12-04 22:28:40 [restartedMain] DEBUG org.hibernate.SQL - 
    select
        p1_0.id,
        p1_0.code,
        p1_0.description 
    from
        permissions p1_0 
    where
        p1_0.code=?
2025-12-04 22:28:40 [restartedMain] DEBUG org.hibernate.SQL - 
    select
        p1_0.id,
        p1_0.code,
        p1_0.description 
    from
        permissions p1_0 
    where
        p1_0.code=?
2025-12-04 22:28:40 [restartedMain] DEBUG org.hibernate.SQL - 
    select
        p1_0.id,
        p1_0.code,
        p1_0.description 
    from
        permissions p1_0 
    where
        p1_0.code=?
2025-12-04 22:28:41 [restartedMain] DEBUG org.hibernate.SQL - 
    select
        p1_0.id,
        p1_0.code,
        p1_0.description 
    from
        permissions p1_0 
    where
        p1_0.code=?
2025-12-04 22:28:41 [restartedMain] DEBUG org.hibernate.SQL - 
    select
        p1_0.id,
        p1_0.code,
        p1_0.description 
    from
        permissions p1_0 
    where
        p1_0.code=?
2025-12-04 22:28:41 [restartedMain] DEBUG org.hibernate.SQL - 
    select
        p1_0.id,
        p1_0.code,
        p1_0.description 
    from
        permissions p1_0 
    where
        p1_0.code=?
2025-12-04 22:28:41 [restartedMain] DEBUG org.hibernate.SQL - 
    select
        p1_0.id,
        p1_0.code,
        p1_0.description 
    from
        permissions p1_0 
    where
        p1_0.code=?
2025-12-04 22:28:41 [restartedMain] DEBUG org.hibernate.SQL - 
    select
        p1_0.id,
        p1_0.code,
        p1_0.description 
    from
        permissions p1_0 
    where
        p1_0.code=?
2025-12-04 22:28:41 [restartedMain] DEBUG org.hibernate.SQL - 
    select
        p1_0.id,
        p1_0.code,
        p1_0.description 
    from
        permissions p1_0 
    where
        p1_0.code=?
2025-12-04 22:28:41 [restartedMain] DEBUG org.hibernate.SQL - 
    select
        p1_0.id,
        p1_0.code,
        p1_0.description 
    from
        permissions p1_0 
    where
        p1_0.code=?
2025-12-04 22:28:41 [restartedMain] DEBUG org.hibernate.SQL - 
    select
        p1_0.id,
        p1_0.code,
        p1_0.description 
    from
        permissions p1_0 
    where
        p1_0.code=?
2025-12-04 22:28:41 [restartedMain] DEBUG org.hibernate.SQL - 
    select
        p1_0.id,
        p1_0.code,
        p1_0.description 
    from
        permissions p1_0 
    where
        p1_0.code=?
2025-12-04 22:28:41 [restartedMain] INFO  c.p.t.a.s.impl.PermissionServiceImpl - Default permissions created/verified
2025-12-04 22:28:41 [restartedMain] INFO  c.p.t.a.service.impl.RoleServiceImpl - Creating default roles if not exist
2025-12-04 22:28:41 [restartedMain] DEBUG org.hibernate.SQL - 
    select
        r1_0.id,
        r1_0.description,
        r1_0.name 
    from
        roles r1_0 
    where
        r1_0.name=?
2025-12-04 22:28:41 [restartedMain] DEBUG org.hibernate.SQL - 
    select
        p1_0.role_id,
        p1_1.id,
        p1_1.code,
        p1_1.description 
    from
        role_permissions p1_0 
    join
        permissions p1_1 
            on p1_1.id=p1_0.permission_id 
    where
        p1_0.role_id=?
2025-12-04 22:28:41 [restartedMain] DEBUG org.hibernate.SQL - 
    select
        r1_0.id,
        r1_0.description,
        r1_0.name 
    from
        roles r1_0 
    where
        r1_0.name=?
2025-12-04 22:28:41 [restartedMain] DEBUG org.hibernate.SQL - 
    select
        p1_0.role_id,
        p1_1.id,
        p1_1.code,
        p1_1.description 
    from
        role_permissions p1_0 
    join
        permissions p1_1 
            on p1_1.id=p1_0.permission_id 
    where
        p1_0.role_id=?
2025-12-04 22:28:41 [restartedMain] DEBUG org.hibernate.SQL - 
    select
        r1_0.id,
        r1_0.description,
        r1_0.name 
    from
        roles r1_0 
    where
        r1_0.name=?
2025-12-04 22:28:41 [restartedMain] DEBUG org.hibernate.SQL - 
    select
        p1_0.role_id,
        p1_1.id,
        p1_1.code,
        p1_1.description 
    from
        role_permissions p1_0 
    join
        permissions p1_1 
            on p1_1.id=p1_0.permission_id 
    where
        p1_0.role_id=?
2025-12-04 22:28:41 [restartedMain] DEBUG org.hibernate.SQL - 
    select
        r1_0.id,
        r1_0.description,
        r1_0.name 
    from
        roles r1_0 
    where
        r1_0.name=?
2025-12-04 22:28:41 [restartedMain] DEBUG org.hibernate.SQL - 
    select
        p1_0.role_id,
        p1_1.id,
        p1_1.code,
        p1_1.description 
    from
        role_permissions p1_0 
    join
        permissions p1_1 
            on p1_1.id=p1_0.permission_id 
    where
        p1_0.role_id=?
2025-12-04 22:28:41 [restartedMain] INFO  c.p.t.a.service.impl.RoleServiceImpl - Default roles created/verified
2025-12-04 22:28:46 [restartedMain] WARN  o.s.b.a.o.j.JpaBaseConfiguration$JpaWebConfiguration - spring.jpa.open-in-view is enabled by default. Therefore, database queries may be performed during view rendering. Explicitly configure spring.jpa.open-in-view to disable this warning
2025-12-04 22:28:52 [restartedMain] DEBUG o.s.s.web.DefaultSecurityFilterChain - Will secure any request with filters: DisableEncodeUrlFilter, WebAsyncManagerIntegrationFilter, SecurityContextHolderFilter, HeaderWriterFilter, CorsFilter, LogoutFilter, JwtAuthenticationFilter, RequestCacheAwareFilter, SecurityContextHolderAwareRequestFilter, AnonymousAuthenticationFilter, SessionManagementFilter, ExceptionTranslationFilter, AuthorizationFilter
2025-12-04 22:28:55 [restartedMain] INFO  o.s.b.a.h.H2ConsoleAutoConfiguration - H2 console available at '/h2-console'. Database available at 'jdbc:postgresql://localhost:5432/taskapp?TimeZone=Asia/Kolkata'
2025-12-04 22:28:56 [restartedMain] INFO  o.s.b.d.a.OptionalLiveReloadServer - LiveReload server is running on port 35729
2025-12-04 22:28:56 [restartedMain] INFO  o.s.b.w.e.tomcat.TomcatWebServer - Tomcat started on port 8080 (http) with context path '/'
2025-12-04 22:28:56 [restartedMain] INFO  com.pm.taskapp.TaskAppApplication - Started TaskAppApplication in 28.62 seconds (process running for 811.766)
2025-12-04 22:28:56 [restartedMain] INFO  o.s.b.d.a.ConditionEvaluationDeltaLoggingListener - Condition evaluation unchanged
2025-12-04 22:56:10 [HikariPool-3:housekeeper] WARN  com.zaxxer.hikari.pool.HikariPool - HikariPool-3 - Thread starvation or clock leap detected (housekeeper delta=4m34s804ms270µs600ns).
2025-12-04 23:01:06 [http-nio-8080-exec-2] INFO  o.a.c.c.C.[Tomcat].[localhost].[/] - Initializing Spring DispatcherServlet 'dispatcherServlet'
2025-12-04 23:01:06 [http-nio-8080-exec-2] INFO  o.s.web.servlet.DispatcherServlet - Initializing Servlet 'dispatcherServlet'
2025-12-04 23:01:07 [http-nio-8080-exec-2] INFO  o.s.web.servlet.DispatcherServlet - Completed initialization in 1013 ms
2025-12-04 23:01:07 [http-nio-8080-exec-2] DEBUG o.s.security.web.FilterChainProxy - Securing POST /api/projects
2025-12-04 23:01:09 [http-nio-8080-exec-2] DEBUG c.p.t.a.s.i.CustomUserDetailsService - Loading user by id: 41953fa3-1713-48bd-8e05-65599c6ee853
2025-12-04 23:01:10 [http-nio-8080-exec-2] DEBUG org.hibernate.SQL - 
    select
        u1_0.id,
        u1_0.avatar_url,
        u1_0.created_at,
        u1_0.email,
        u1_0.enabled,
        u1_0.last_login_at,
        u1_0.name,
        u1_0.password_hash,
        r1_0.user_id,
        r1_1.id,
        r1_1.description,
        r1_1.name,
        p1_0.role_id,
        p1_1.id,
        p1_1.code,
        p1_1.description,
        u1_0.updated_at 
    from
        users u1_0 
    left join
        user_roles r1_0 
            on u1_0.id=r1_0.user_id 
    left join
        roles r1_1 
            on r1_1.id=r1_0.role_id 
    left join
        role_permissions p1_0 
            on r1_1.id=p1_0.role_id 
    left join
        permissions p1_1 
            on p1_1.id=p1_0.permission_id 
    where
        u1_0.id=?
2025-12-04 23:01:11 [http-nio-8080-exec-2] DEBUG org.hibernate.SQL - 
    select
        u1_0.id,
        u1_0.avatar_url,
        u1_0.created_at,
        u1_0.email,
        u1_0.enabled,
        u1_0.last_login_at,
        u1_0.name,
        u1_0.password_hash,
        r1_0.user_id,
        r1_1.id,
        r1_1.description,
        r1_1.name,
        p1_0.role_id,
        p1_1.id,
        p1_1.code,
        p1_1.description,
        u1_0.updated_at 
    from
        users u1_0 
    left join
        user_roles r1_0 
            on u1_0.id=r1_0.user_id 
    left join
        roles r1_1 
            on r1_1.id=r1_0.role_id 
    left join
        role_permissions p1_0 
            on r1_1.id=p1_0.role_id 
    left join
        permissions p1_1 
            on p1_1.id=p1_0.permission_id 
    where
        upper(u1_0.email)=upper(?)
2025-12-04 23:01:11 [http-nio-8080-exec-2] DEBUG c.p.t.a.s.JwtAuthenticationFilter - User 41953fa3-1713-48bd-8e05-65599c6ee853 authenticated successfully from JWT
2025-12-04 23:01:11 [http-nio-8080-exec-2] DEBUG o.s.security.web.FilterChainProxy - Secured POST /api/projects
2025-12-04 23:01:17 [http-nio-8080-exec-2] WARN  o.s.w.s.m.m.a.ExceptionHandlerExceptionResolver - Resolved [org.springframework.http.converter.HttpMessageNotReadableException: JSON parse error: Unexpected character ('M' (code 77)): was expecting double-quote to start field name]
