2025-11-23 11:11:09 [main] INFO  c.pm.taskapp.TaskAppApplicationTests - Starting TaskAppApplicationTests using Java 21.0.8 with PID 1944 (started by Rajkumar in D:\Projects\TaskApp)
2025-11-23 11:11:09 [main] DEBUG c.pm.taskapp.TaskAppApplicationTests - Running with Spring Boot v3.5.7, Spring v6.2.12
2025-11-23 11:11:09 [main] INFO  c.pm.taskapp.TaskAppApplicationTests - The following 1 profile is active: "dev"
2025-11-23 11:11:15 [main] INFO  o.s.d.r.c.RepositoryConfigurationDelegate - Bootstrapping Spring Data JPA repositories in DEFAULT mode.
2025-11-23 11:11:15 [main] INFO  o.s.d.r.c.RepositoryConfigurationDelegate - Finished Spring Data repository scanning in 469 ms. Found 4 JPA repository interfaces.
2025-11-23 11:11:26 [main] INFO  com.zaxxer.hikari.HikariDataSource - HikariPool-1 - Starting...
2025-11-23 11:11:29 [main] INFO  com.zaxxer.hikari.pool.HikariPool - HikariPool-1 - Added connection org.postgresql.jdbc.PgConnection@2830315f
2025-11-23 11:11:29 [main] INFO  com.zaxxer.hikari.HikariDataSource - HikariPool-1 - Start completed.
2025-11-23 11:11:29 [main] INFO  org.flywaydb.core.FlywayExecutor - Database: jdbc:postgresql://localhost:5432/taskapp (PostgreSQL 15.15)
2025-11-23 11:11:29 [main] INFO  o.f.core.internal.command.DbValidate - Successfully validated 7 migrations (execution time 00:00.269s)
2025-11-23 11:11:30 [main] INFO  o.f.core.internal.command.DbMigrate - Current version of schema "public": 7
2025-11-23 11:11:30 [main] INFO  o.f.core.internal.command.DbMigrate - Schema "public" is up to date. No migration necessary.
2025-11-23 11:11:32 [main] INFO  o.h.jpa.internal.util.LogHelper - HHH000204: Processing PersistenceUnitInfo [name: default]
2025-11-23 11:11:33 [main] INFO  org.hibernate.Version - HHH000412: Hibernate ORM core version 6.6.33.Final
2025-11-23 11:11:33 [main] INFO  o.h.c.i.RegionFactoryInitiator - HHH000026: Second-level cache disabled
2025-11-23 11:11:35 [main] INFO  o.s.o.j.p.SpringPersistenceUnitInfo - No LoadTimeWeaver setup: ignoring JPA class transformer
2025-11-23 11:11:36 [main] WARN  org.hibernate.orm.deprecation - HHH90000025: PostgreSQLDialect does not need to be specified explicitly using 'hibernate.dialect' (remove the property setting and it will be selected by default)
2025-11-23 11:11:36 [main] INFO  o.hibernate.orm.connections.pooling - HHH10001005: Database info:
	Database JDBC URL [Connecting through datasource 'HikariDataSource (HikariPool-1)']
	Database driver: undefined/unknown
	Database version: 15.15
	Autocommit mode: undefined/unknown
	Isolation level: undefined/unknown
	Minimum pool size: undefined/unknown
	Maximum pool size: undefined/unknown
2025-11-23 11:11:41 [main] INFO  o.h.e.t.j.p.i.JtaPlatformInitiator - HHH000489: No JTA platform available (set 'hibernate.transaction.jta.platform' to enable JTA platform integration)
2025-11-23 11:11:41 [main] INFO  o.s.o.j.LocalContainerEntityManagerFactoryBean - Initialized JPA EntityManagerFactory for persistence unit 'default'
2025-11-23 11:11:44 [main] INFO  o.s.s.c.a.a.c.InitializeAuthenticationProviderBeanManagerConfigurer$InitializeAuthenticationProviderManagerConfigurer - Global AuthenticationManager configured with AuthenticationProvider bean with name authenticationProvider
2025-11-23 11:11:44 [main] WARN  o.s.s.c.a.a.c.InitializeUserDetailsBeanManagerConfigurer$InitializeUserDetailsManagerConfigurer - Global AuthenticationManager configured with an AuthenticationProvider bean. UserDetailsService beans will not be used by Spring Security for automatically configuring username/password login. Consider removing the AuthenticationProvider bean. Alternatively, consider using the UserDetailsService in a manually instantiated DaoAuthenticationProvider. If the current configuration is intentional, to turn off this warning, increase the logging level of 'org.springframework.security.config.annotation.authentication.configuration.InitializeUserDetailsBeanManagerConfigurer' to ERROR
2025-11-23 11:11:44 [main] INFO  o.s.d.j.r.query.QueryEnhancerFactory - Hibernate is in classpath; If applicable, HQL parser will be used.
2025-11-23 11:11:46 [main] WARN  o.s.b.a.t.ThymeleafAutoConfiguration$DefaultTemplateResolverConfiguration - Cannot find template location: classpath:/templates/ (please add some templates, check your Thymeleaf configuration, or set spring.thymeleaf.check-template-location=false)
2025-11-23 11:11:47 [main] INFO  c.p.t.a.s.impl.PermissionServiceImpl - Creating default permissions if not exist
2025-11-23 11:11:47 [main] DEBUG org.hibernate.SQL - 
    select
        p1_0.id,
        p1_0.code,
        p1_0.description 
    from
        permissions p1_0 
    where
        p1_0.code=?
2025-11-23 11:11:47 [main] DEBUG org.hibernate.SQL - 
    select
        p1_0.id,
        p1_0.code,
        p1_0.description 
    from
        permissions p1_0 
    where
        p1_0.code=?
2025-11-23 11:11:47 [main] DEBUG org.hibernate.SQL - 
    select
        p1_0.id,
        p1_0.code,
        p1_0.description 
    from
        permissions p1_0 
    where
        p1_0.code=?
2025-11-23 11:11:47 [main] DEBUG org.hibernate.SQL - 
    select
        p1_0.id,
        p1_0.code,
        p1_0.description 
    from
        permissions p1_0 
    where
        p1_0.code=?
2025-11-23 11:11:47 [main] DEBUG org.hibernate.SQL - 
    select
        p1_0.id,
        p1_0.code,
        p1_0.description 
    from
        permissions p1_0 
    where
        p1_0.code=?
2025-11-23 11:11:47 [main] DEBUG org.hibernate.SQL - 
    select
        p1_0.id,
        p1_0.code,
        p1_0.description 
    from
        permissions p1_0 
    where
        p1_0.code=?
2025-11-23 11:11:47 [main] DEBUG org.hibernate.SQL - 
    select
        p1_0.id,
        p1_0.code,
        p1_0.description 
    from
        permissions p1_0 
    where
        p1_0.code=?
2025-11-23 11:11:47 [main] DEBUG org.hibernate.SQL - 
    select
        p1_0.id,
        p1_0.code,
        p1_0.description 
    from
        permissions p1_0 
    where
        p1_0.code=?
2025-11-23 11:11:47 [main] DEBUG org.hibernate.SQL - 
    select
        p1_0.id,
        p1_0.code,
        p1_0.description 
    from
        permissions p1_0 
    where
        p1_0.code=?
2025-11-23 11:11:47 [main] DEBUG org.hibernate.SQL - 
    select
        p1_0.id,
        p1_0.code,
        p1_0.description 
    from
        permissions p1_0 
    where
        p1_0.code=?
2025-11-23 11:11:47 [main] DEBUG org.hibernate.SQL - 
    select
        p1_0.id,
        p1_0.code,
        p1_0.description 
    from
        permissions p1_0 
    where
        p1_0.code=?
2025-11-23 11:11:48 [main] DEBUG org.hibernate.SQL - 
    select
        p1_0.id,
        p1_0.code,
        p1_0.description 
    from
        permissions p1_0 
    where
        p1_0.code=?
2025-11-23 11:11:48 [main] DEBUG org.hibernate.SQL - 
    select
        p1_0.id,
        p1_0.code,
        p1_0.description 
    from
        permissions p1_0 
    where
        p1_0.code=?
2025-11-23 11:11:48 [main] DEBUG org.hibernate.SQL - 
    select
        p1_0.id,
        p1_0.code,
        p1_0.description 
    from
        permissions p1_0 
    where
        p1_0.code=?
2025-11-23 11:11:48 [main] DEBUG org.hibernate.SQL - 
    select
        p1_0.id,
        p1_0.code,
        p1_0.description 
    from
        permissions p1_0 
    where
        p1_0.code=?
2025-11-23 11:11:48 [main] DEBUG org.hibernate.SQL - 
    select
        p1_0.id,
        p1_0.code,
        p1_0.description 
    from
        permissions p1_0 
    where
        p1_0.code=?
2025-11-23 11:11:48 [main] DEBUG org.hibernate.SQL - 
    select
        p1_0.id,
        p1_0.code,
        p1_0.description 
    from
        permissions p1_0 
    where
        p1_0.code=?
2025-11-23 11:11:48 [main] DEBUG org.hibernate.SQL - 
    select
        p1_0.id,
        p1_0.code,
        p1_0.description 
    from
        permissions p1_0 
    where
        p1_0.code=?
2025-11-23 11:11:48 [main] DEBUG org.hibernate.SQL - 
    select
        p1_0.id,
        p1_0.code,
        p1_0.description 
    from
        permissions p1_0 
    where
        p1_0.code=?
2025-11-23 11:11:48 [main] DEBUG org.hibernate.SQL - 
    select
        p1_0.id,
        p1_0.code,
        p1_0.description 
    from
        permissions p1_0 
    where
        p1_0.code=?
2025-11-23 11:11:48 [main] DEBUG org.hibernate.SQL - 
    select
        p1_0.id,
        p1_0.code,
        p1_0.description 
    from
        permissions p1_0 
    where
        p1_0.code=?
2025-11-23 11:11:48 [main] DEBUG org.hibernate.SQL - 
    select
        p1_0.id,
        p1_0.code,
        p1_0.description 
    from
        permissions p1_0 
    where
        p1_0.code=?
2025-11-23 11:11:48 [main] DEBUG org.hibernate.SQL - 
    select
        p1_0.id,
        p1_0.code,
        p1_0.description 
    from
        permissions p1_0 
    where
        p1_0.code=?
2025-11-23 11:11:48 [main] DEBUG org.hibernate.SQL - 
    select
        p1_0.id,
        p1_0.code,
        p1_0.description 
    from
        permissions p1_0 
    where
        p1_0.code=?
2025-11-23 11:11:48 [main] DEBUG org.hibernate.SQL - 
    select
        p1_0.id,
        p1_0.code,
        p1_0.description 
    from
        permissions p1_0 
    where
        p1_0.code=?
2025-11-23 11:11:48 [main] DEBUG org.hibernate.SQL - 
    select
        p1_0.id,
        p1_0.code,
        p1_0.description 
    from
        permissions p1_0 
    where
        p1_0.code=?
2025-11-23 11:11:48 [main] DEBUG org.hibernate.SQL - 
    select
        p1_0.id,
        p1_0.code,
        p1_0.description 
    from
        permissions p1_0 
    where
        p1_0.code=?
2025-11-23 11:11:48 [main] INFO  c.p.t.a.s.impl.PermissionServiceImpl - Default permissions created/verified
2025-11-23 11:11:48 [main] INFO  c.p.t.a.service.impl.RoleServiceImpl - Creating default roles if not exist
2025-11-23 11:11:48 [main] DEBUG org.hibernate.SQL - 
    select
        r1_0.id,
        r1_0.description,
        r1_0.name 
    from
        roles r1_0 
    where
        r1_0.name=?
2025-11-23 11:11:48 [main] DEBUG org.hibernate.SQL - 
    select
        p1_0.role_id,
        p1_1.id,
        p1_1.code,
        p1_1.description 
    from
        role_permissions p1_0 
    join
        permissions p1_1 
            on p1_1.id=p1_0.permission_id 
    where
        p1_0.role_id=?
2025-11-23 11:11:48 [main] DEBUG org.hibernate.SQL - 
    select
        r1_0.id,
        r1_0.description,
        r1_0.name 
    from
        roles r1_0 
    where
        r1_0.name=?
2025-11-23 11:11:48 [main] DEBUG org.hibernate.SQL - 
    select
        p1_0.role_id,
        p1_1.id,
        p1_1.code,
        p1_1.description 
    from
        role_permissions p1_0 
    join
        permissions p1_1 
            on p1_1.id=p1_0.permission_id 
    where
        p1_0.role_id=?
2025-11-23 11:11:49 [main] DEBUG org.hibernate.SQL - 
    select
        r1_0.id,
        r1_0.description,
        r1_0.name 
    from
        roles r1_0 
    where
        r1_0.name=?
2025-11-23 11:11:49 [main] DEBUG org.hibernate.SQL - 
    select
        p1_0.role_id,
        p1_1.id,
        p1_1.code,
        p1_1.description 
    from
        role_permissions p1_0 
    join
        permissions p1_1 
            on p1_1.id=p1_0.permission_id 
    where
        p1_0.role_id=?
2025-11-23 11:11:49 [main] DEBUG org.hibernate.SQL - 
    select
        r1_0.id,
        r1_0.description,
        r1_0.name 
    from
        roles r1_0 
    where
        r1_0.name=?
2025-11-23 11:11:49 [main] DEBUG org.hibernate.SQL - 
    select
        p1_0.role_id,
        p1_1.id,
        p1_1.code,
        p1_1.description 
    from
        role_permissions p1_0 
    join
        permissions p1_1 
            on p1_1.id=p1_0.permission_id 
    where
        p1_0.role_id=?
2025-11-23 11:11:49 [main] INFO  c.p.t.a.service.impl.RoleServiceImpl - Default roles created/verified
2025-11-23 11:11:50 [main] WARN  o.s.b.a.o.j.JpaBaseConfiguration$JpaWebConfiguration - spring.jpa.open-in-view is enabled by default. Therefore, database queries may be performed during view rendering. Explicitly configure spring.jpa.open-in-view to disable this warning
2025-11-23 11:11:52 [main] DEBUG o.s.s.web.DefaultSecurityFilterChain - Will secure any request with filters: DisableEncodeUrlFilter, WebAsyncManagerIntegrationFilter, SecurityContextHolderFilter, HeaderWriterFilter, CorsFilter, LogoutFilter, JwtAuthenticationFilter, RequestCacheAwareFilter, SecurityContextHolderAwareRequestFilter, AnonymousAuthenticationFilter, SessionManagementFilter, ExceptionTranslationFilter, AuthorizationFilter
2025-11-23 11:11:56 [main] INFO  o.s.b.a.h.H2ConsoleAutoConfiguration - H2 console available at '/h2-console'. Database available at 'jdbc:postgresql://localhost:5432/taskapp'
2025-11-23 11:11:56 [main] INFO  c.pm.taskapp.TaskAppApplicationTests - Started TaskAppApplicationTests in 49.682 seconds (process running for 58.431)
2025-11-23 11:11:58 [SpringApplicationShutdownHook] INFO  o.s.o.j.LocalContainerEntityManagerFactoryBean - Closing JPA EntityManagerFactory for persistence unit 'default'
2025-11-23 11:11:58 [SpringApplicationShutdownHook] INFO  com.zaxxer.hikari.HikariDataSource - HikariPool-1 - Shutdown initiated...
2025-11-23 11:11:58 [SpringApplicationShutdownHook] INFO  com.zaxxer.hikari.HikariDataSource - HikariPool-1 - Shutdown completed.
2025-11-23 11:12:55 [main] INFO  com.pm.taskapp.TaskAppApplication - Starting TaskAppApplication using Java 21.0.8 with PID 32648 (D:\Projects\TaskApp\target\classes started by Rajkumar in D:\Projects\TaskApp)
2025-11-23 11:12:55 [main] DEBUG com.pm.taskapp.TaskAppApplication - Running with Spring Boot v3.5.7, Spring v6.2.12
2025-11-23 11:12:55 [main] INFO  com.pm.taskapp.TaskAppApplication - The following 1 profile is active: "dev"
2025-11-23 11:13:00 [main] INFO  o.s.d.r.c.RepositoryConfigurationDelegate - Bootstrapping Spring Data JPA repositories in DEFAULT mode.
2025-11-23 11:13:00 [main] INFO  o.s.d.r.c.RepositoryConfigurationDelegate - Finished Spring Data repository scanning in 390 ms. Found 4 JPA repository interfaces.
2025-11-23 11:13:05 [main] INFO  o.s.b.w.e.tomcat.TomcatWebServer - Tomcat initialized with port 8080 (http)
2025-11-23 11:13:05 [main] INFO  o.a.catalina.core.StandardService - Starting service [Tomcat]
2025-11-23 11:13:05 [main] INFO  o.a.catalina.core.StandardEngine - Starting Servlet engine: [Apache Tomcat/10.1.48]
2025-11-23 11:13:06 [main] INFO  o.a.c.c.C.[Tomcat].[localhost].[/] - Initializing Spring embedded WebApplicationContext
2025-11-23 11:13:06 [main] INFO  o.s.b.w.s.c.ServletWebServerApplicationContext - Root WebApplicationContext: initialization completed in 9951 ms
2025-11-23 11:13:06 [main] INFO  com.zaxxer.hikari.HikariDataSource - HikariPool-1 - Starting...
2025-11-23 11:13:08 [main] ERROR o.s.b.w.e.tomcat.TomcatStarter - Error starting Tomcat context. Exception: org.springframework.beans.factory.UnsatisfiedDependencyException. Message: Error creating bean with name 'jwtAuthenticationFilter' defined in file [D:\Projects\TaskApp\target\classes\com\pm\taskapp\auth\security\JwtAuthenticationFilter.class]: Unsatisfied dependency expressed through constructor parameter 1: Error creating bean with name 'customUserDetailsService' defined in file [D:\Projects\TaskApp\target\classes\com\pm\taskapp\auth\service\impl\CustomUserDetailsService.class]: Unsatisfied dependency expressed through constructor parameter 0: Error creating bean with name 'userRepository' defined in com.pm.taskapp.auth.repository.UserRepository defined in @EnableJpaRepositories declared on JpaRepositoriesRegistrar.EnableJpaRepositoriesConfiguration: Cannot resolve reference to bean 'jpaSharedEM_entityManagerFactory' while setting bean property 'entityManager'
2025-11-23 11:13:08 [main] INFO  o.a.catalina.core.StandardService - Stopping service [Tomcat]
2025-11-23 11:13:08 [main] WARN  o.s.b.w.s.c.AnnotationConfigServletWebServerApplicationContext - Exception encountered during context initialization - cancelling refresh attempt: org.springframework.context.ApplicationContextException: Unable to start web server
2025-11-23 11:13:08 [main] INFO  o.s.b.a.l.ConditionEvaluationReportLogger - 

Error starting ApplicationContext. To display the condition evaluation report re-run your application with 'debug' enabled.
2025-11-23 11:13:08 [main] ERROR o.s.boot.SpringApplication - Application run failed
org.springframework.context.ApplicationContextException: Unable to start web server
	at org.springframework.boot.web.servlet.context.ServletWebServerApplicationContext.onRefresh(ServletWebServerApplicationContext.java:170)
	at org.springframework.context.support.AbstractApplicationContext.refresh(AbstractApplicationContext.java:621)
	at org.springframework.boot.web.servlet.context.ServletWebServerApplicationContext.refresh(ServletWebServerApplicationContext.java:146)
	at org.springframework.boot.SpringApplication.refresh(SpringApplication.java:752)
	at org.springframework.boot.SpringApplication.refreshContext(SpringApplication.java:439)
	at org.springframework.boot.SpringApplication.run(SpringApplication.java:318)
	at org.springframework.boot.SpringApplication.run(SpringApplication.java:1361)
	at org.springframework.boot.SpringApplication.run(SpringApplication.java:1350)
	at com.pm.taskapp.TaskAppApplication.main(TaskAppApplication.java:15)
Caused by: org.springframework.boot.web.server.WebServerException: Unable to start embedded Tomcat
	at org.springframework.boot.web.embedded.tomcat.TomcatWebServer.initialize(TomcatWebServer.java:147)
	at org.springframework.boot.web.embedded.tomcat.TomcatWebServer.<init>(TomcatWebServer.java:107)
	at org.springframework.boot.web.embedded.tomcat.TomcatServletWebServerFactory.getTomcatWebServer(TomcatServletWebServerFactory.java:517)
	at org.springframework.boot.web.embedded.tomcat.TomcatServletWebServerFactory.getWebServer(TomcatServletWebServerFactory.java:219)
	at org.springframework.boot.web.servlet.context.ServletWebServerApplicationContext.createWebServer(ServletWebServerApplicationContext.java:193)
	at org.springframework.boot.web.servlet.context.ServletWebServerApplicationContext.onRefresh(ServletWebServerApplicationContext.java:167)
	... 8 common frames omitted
Caused by: org.springframework.beans.factory.UnsatisfiedDependencyException: Error creating bean with name 'jwtAuthenticationFilter' defined in file [D:\Projects\TaskApp\target\classes\com\pm\taskapp\auth\security\JwtAuthenticationFilter.class]: Unsatisfied dependency expressed through constructor parameter 1: Error creating bean with name 'customUserDetailsService' defined in file [D:\Projects\TaskApp\target\classes\com\pm\taskapp\auth\service\impl\CustomUserDetailsService.class]: Unsatisfied dependency expressed through constructor parameter 0: Error creating bean with name 'userRepository' defined in com.pm.taskapp.auth.repository.UserRepository defined in @EnableJpaRepositories declared on JpaRepositoriesRegistrar.EnableJpaRepositoriesConfiguration: Cannot resolve reference to bean 'jpaSharedEM_entityManagerFactory' while setting bean property 'entityManager'
	at org.springframework.beans.factory.support.ConstructorResolver.createArgumentArray(ConstructorResolver.java:804)
	at org.springframework.beans.factory.support.ConstructorResolver.autowireConstructor(ConstructorResolver.java:240)
	at org.springframework.beans.factory.support.AbstractAutowireCapableBeanFactory.autowireConstructor(AbstractAutowireCapableBeanFactory.java:1395)
	at org.springframework.beans.factory.support.AbstractAutowireCapableBeanFactory.createBeanInstance(AbstractAutowireCapableBeanFactory.java:1232)
	at org.springframework.beans.factory.support.AbstractAutowireCapableBeanFactory.doCreateBean(AbstractAutowireCapableBeanFactory.java:569)
	at org.springframework.beans.factory.support.AbstractAutowireCapableBeanFactory.createBean(AbstractAutowireCapableBeanFactory.java:529)
	at org.springframework.beans.factory.support.AbstractBeanFactory.lambda$doGetBean$0(AbstractBeanFactory.java:339)
	at org.springframework.beans.factory.support.DefaultSingletonBeanRegistry.getSingleton(DefaultSingletonBeanRegistry.java:373)
	at org.springframework.beans.factory.support.AbstractBeanFactory.doGetBean(AbstractBeanFactory.java:337)
	at org.springframework.beans.factory.support.AbstractBeanFactory.getBean(AbstractBeanFactory.java:207)
	at org.springframework.boot.web.servlet.ServletContextInitializerBeans.getOrderedBeansOfType(ServletContextInitializerBeans.java:230)
	at org.springframework.boot.web.servlet.ServletContextInitializerBeans.addAsRegistrationBean(ServletContextInitializerBeans.java:184)
	at org.springframework.boot.web.servlet.ServletContextInitializerBeans.addAsRegistrationBean(ServletContextInitializerBeans.java:179)
	at org.springframework.boot.web.servlet.ServletContextInitializerBeans.addAdaptableBeans(ServletContextInitializerBeans.java:164)
	at org.springframework.boot.web.servlet.ServletContextInitializerBeans.<init>(ServletContextInitializerBeans.java:96)
	at org.springframework.boot.web.servlet.context.ServletWebServerApplicationContext.getServletContextInitializerBeans(ServletWebServerApplicationContext.java:271)
	at org.springframework.boot.web.servlet.context.ServletWebServerApplicationContext.selfInitialize(ServletWebServerApplicationContext.java:245)
	at org.springframework.boot.web.embedded.tomcat.TomcatStarter.onStartup(TomcatStarter.java:52)
	at org.apache.catalina.core.StandardContext.startInternal(StandardContext.java:4452)
	at org.apache.catalina.util.LifecycleBase.start(LifecycleBase.java:164)
	at org.apache.catalina.core.ContainerBase$StartChild.call(ContainerBase.java:1201)
	at org.apache.catalina.core.ContainerBase$StartChild.call(ContainerBase.java:1191)
	at java.base/java.util.concurrent.FutureTask.run(FutureTask.java:317)
	at org.apache.tomcat.util.threads.InlineExecutorService.execute(InlineExecutorService.java:81)
	at java.base/java.util.concurrent.AbstractExecutorService.submit(AbstractExecutorService.java:145)
	at org.apache.catalina.core.ContainerBase.startInternal(ContainerBase.java:747)
	at org.apache.catalina.core.StandardHost.startInternal(StandardHost.java:770)
	at org.apache.catalina.util.LifecycleBase.start(LifecycleBase.java:164)
	at org.apache.catalina.core.ContainerBase$StartChild.call(ContainerBase.java:1201)
	at org.apache.catalina.core.ContainerBase$StartChild.call(ContainerBase.java:1191)
	at java.base/java.util.concurrent.FutureTask.run(FutureTask.java:317)
	at org.apache.tomcat.util.threads.InlineExecutorService.execute(InlineExecutorService.java:81)
	at java.base/java.util.concurrent.AbstractExecutorService.submit(AbstractExecutorService.java:145)
	at org.apache.catalina.core.ContainerBase.startInternal(ContainerBase.java:747)
	at org.apache.catalina.core.StandardEngine.startInternal(StandardEngine.java:201)
	at org.apache.catalina.util.LifecycleBase.start(LifecycleBase.java:164)
	at org.apache.catalina.core.StandardService.startInternal(StandardService.java:410)
	at org.apache.catalina.util.LifecycleBase.start(LifecycleBase.java:164)
	at org.apache.catalina.core.StandardServer.startInternal(StandardServer.java:868)
	at org.apache.catalina.util.LifecycleBase.start(LifecycleBase.java:164)
	at org.apache.catalina.startup.Tomcat.start(Tomcat.java:436)
	at org.springframework.boot.web.embedded.tomcat.TomcatWebServer.initialize(TomcatWebServer.java:128)
	... 13 common frames omitted
Caused by: org.springframework.beans.factory.UnsatisfiedDependencyException: Error creating bean with name 'customUserDetailsService' defined in file [D:\Projects\TaskApp\target\classes\com\pm\taskapp\auth\service\impl\CustomUserDetailsService.class]: Unsatisfied dependency expressed through constructor parameter 0: Error creating bean with name 'userRepository' defined in com.pm.taskapp.auth.repository.UserRepository defined in @EnableJpaRepositories declared on JpaRepositoriesRegistrar.EnableJpaRepositoriesConfiguration: Cannot resolve reference to bean 'jpaSharedEM_entityManagerFactory' while setting bean property 'entityManager'
	at org.springframework.beans.factory.support.ConstructorResolver.createArgumentArray(ConstructorResolver.java:804)
	at org.springframework.beans.factory.support.ConstructorResolver.autowireConstructor(ConstructorResolver.java:240)
	at org.springframework.beans.factory.support.AbstractAutowireCapableBeanFactory.autowireConstructor(AbstractAutowireCapableBeanFactory.java:1395)
	at org.springframework.beans.factory.support.AbstractAutowireCapableBeanFactory.createBeanInstance(AbstractAutowireCapableBeanFactory.java:1232)
	at org.springframework.beans.factory.support.AbstractAutowireCapableBeanFactory.doCreateBean(AbstractAutowireCapableBeanFactory.java:569)
	at org.springframework.beans.factory.support.AbstractAutowireCapableBeanFactory.createBean(AbstractAutowireCapableBeanFactory.java:529)
	at org.springframework.beans.factory.support.AbstractBeanFactory.lambda$doGetBean$0(AbstractBeanFactory.java:339)
	at org.springframework.beans.factory.support.DefaultSingletonBeanRegistry.getSingleton(DefaultSingletonBeanRegistry.java:373)
	at org.springframework.beans.factory.support.AbstractBeanFactory.doGetBean(AbstractBeanFactory.java:337)
	at org.springframework.beans.factory.support.AbstractBeanFactory.getBean(AbstractBeanFactory.java:202)
	at org.springframework.beans.factory.support.DefaultListableBeanFactory.doResolveDependency(DefaultListableBeanFactory.java:1708)
	at org.springframework.beans.factory.support.DefaultListableBeanFactory.resolveDependency(DefaultListableBeanFactory.java:1653)
	at org.springframework.beans.factory.support.ConstructorResolver.resolveAutowiredArgument(ConstructorResolver.java:913)
	at org.springframework.beans.factory.support.ConstructorResolver.createArgumentArray(ConstructorResolver.java:791)
	... 54 common frames omitted
Caused by: org.springframework.beans.factory.BeanCreationException: Error creating bean with name 'userRepository' defined in com.pm.taskapp.auth.repository.UserRepository defined in @EnableJpaRepositories declared on JpaRepositoriesRegistrar.EnableJpaRepositoriesConfiguration: Cannot resolve reference to bean 'jpaSharedEM_entityManagerFactory' while setting bean property 'entityManager'
	at org.springframework.beans.factory.support.BeanDefinitionValueResolver.resolveReference(BeanDefinitionValueResolver.java:377)
	at org.springframework.beans.factory.support.BeanDefinitionValueResolver.resolveValueIfNecessary(BeanDefinitionValueResolver.java:135)
	at org.springframework.beans.factory.support.AbstractAutowireCapableBeanFactory.applyPropertyValues(AbstractAutowireCapableBeanFactory.java:1725)
	at org.springframework.beans.factory.support.AbstractAutowireCapableBeanFactory.populateBean(AbstractAutowireCapableBeanFactory.java:1474)
	at org.springframework.beans.factory.support.AbstractAutowireCapableBeanFactory.doCreateBean(AbstractAutowireCapableBeanFactory.java:606)
	at org.springframework.beans.factory.support.AbstractAutowireCapableBeanFactory.createBean(AbstractAutowireCapableBeanFactory.java:529)
	at org.springframework.beans.factory.support.AbstractBeanFactory.lambda$doGetBean$0(AbstractBeanFactory.java:339)
	at org.springframework.beans.factory.support.DefaultSingletonBeanRegistry.getSingleton(DefaultSingletonBeanRegistry.java:373)
	at org.springframework.beans.factory.support.AbstractBeanFactory.doGetBean(AbstractBeanFactory.java:337)
	at org.springframework.beans.factory.support.AbstractBeanFactory.getBean(AbstractBeanFactory.java:202)
	at org.springframework.beans.factory.support.DefaultListableBeanFactory.doResolveDependency(DefaultListableBeanFactory.java:1708)
	at org.springframework.beans.factory.support.DefaultListableBeanFactory.resolveDependency(DefaultListableBeanFactory.java:1653)
	at org.springframework.beans.factory.support.ConstructorResolver.resolveAutowiredArgument(ConstructorResolver.java:913)
	at org.springframework.beans.factory.support.ConstructorResolver.createArgumentArray(ConstructorResolver.java:791)
	... 67 common frames omitted
Caused by: org.springframework.beans.factory.BeanCreationException: Error creating bean with name 'jpaSharedEM_entityManagerFactory': Cannot resolve reference to bean 'entityManagerFactory' while setting constructor argument
	at org.springframework.beans.factory.support.BeanDefinitionValueResolver.resolveReference(BeanDefinitionValueResolver.java:377)
	at org.springframework.beans.factory.support.BeanDefinitionValueResolver.resolveValueIfNecessary(BeanDefinitionValueResolver.java:135)
	at org.springframework.beans.factory.support.ConstructorResolver.resolveConstructorArguments(ConstructorResolver.java:691)
	at org.springframework.beans.factory.support.ConstructorResolver.instantiateUsingFactoryMethod(ConstructorResolver.java:513)
	at org.springframework.beans.factory.support.AbstractAutowireCapableBeanFactory.instantiateUsingFactoryMethod(AbstractAutowireCapableBeanFactory.java:1375)
	at org.springframework.beans.factory.support.AbstractAutowireCapableBeanFactory.createBeanInstance(AbstractAutowireCapableBeanFactory.java:1205)
	at org.springframework.beans.factory.support.AbstractAutowireCapableBeanFactory.doCreateBean(AbstractAutowireCapableBeanFactory.java:569)
	at org.springframework.beans.factory.support.AbstractAutowireCapableBeanFactory.createBean(AbstractAutowireCapableBeanFactory.java:529)
	at org.springframework.beans.factory.support.AbstractBeanFactory.lambda$doGetBean$0(AbstractBeanFactory.java:339)
	at org.springframework.beans.factory.support.DefaultSingletonBeanRegistry.getSingleton(DefaultSingletonBeanRegistry.java:373)
	at org.springframework.beans.factory.support.AbstractBeanFactory.doGetBean(AbstractBeanFactory.java:337)
	at org.springframework.beans.factory.support.AbstractBeanFactory.getBean(AbstractBeanFactory.java:202)
	at org.springframework.beans.factory.support.BeanDefinitionValueResolver.resolveReference(BeanDefinitionValueResolver.java:365)
	... 80 common frames omitted
Caused by: org.springframework.beans.factory.BeanCreationException: Error creating bean with name 'flywayInitializer' defined in class path resource [org/springframework/boot/autoconfigure/flyway/FlywayAutoConfiguration$FlywayConfiguration.class]: Unable to obtain connection from database: FATAL: invalid value for parameter "TimeZone": "Asia/Calcutta"
---------------------------------------------------------------------------------------------------------
SQL State  : 22023
Error Code : 0
Message    : FATAL: invalid value for parameter "TimeZone": "Asia/Calcutta"

	at org.springframework.beans.factory.support.AbstractAutowireCapableBeanFactory.initializeBean(AbstractAutowireCapableBeanFactory.java:1826)
	at org.springframework.beans.factory.support.AbstractAutowireCapableBeanFactory.doCreateBean(AbstractAutowireCapableBeanFactory.java:607)
	at org.springframework.beans.factory.support.AbstractAutowireCapableBeanFactory.createBean(AbstractAutowireCapableBeanFactory.java:529)
	at org.springframework.beans.factory.support.AbstractBeanFactory.lambda$doGetBean$0(AbstractBeanFactory.java:339)
	at org.springframework.beans.factory.support.DefaultSingletonBeanRegistry.getSingleton(DefaultSingletonBeanRegistry.java:373)
	at org.springframework.beans.factory.support.AbstractBeanFactory.doGetBean(AbstractBeanFactory.java:337)
	at org.springframework.beans.factory.support.AbstractBeanFactory.getBean(AbstractBeanFactory.java:202)
	at org.springframework.beans.factory.support.AbstractBeanFactory.doGetBean(AbstractBeanFactory.java:315)
	at org.springframework.beans.factory.support.AbstractBeanFactory.getBean(AbstractBeanFactory.java:202)
	at org.springframework.beans.factory.support.BeanDefinitionValueResolver.resolveReference(BeanDefinitionValueResolver.java:365)
	... 92 common frames omitted
Caused by: org.flywaydb.core.internal.exception.FlywaySqlException: Unable to obtain connection from database: FATAL: invalid value for parameter "TimeZone": "Asia/Calcutta"
---------------------------------------------------------------------------------------------------------
SQL State  : 22023
Error Code : 0
Message    : FATAL: invalid value for parameter "TimeZone": "Asia/Calcutta"

	at org.flywaydb.core.internal.jdbc.JdbcUtils.openConnection(JdbcUtils.java:71)
	at org.flywaydb.core.internal.jdbc.JdbcConnectionFactory.<init>(JdbcConnectionFactory.java:76)
	at org.flywaydb.core.FlywayExecutor.execute(FlywayExecutor.java:136)
	at org.flywaydb.core.Flyway.migrate(Flyway.java:188)
	at org.springframework.boot.autoconfigure.flyway.FlywayMigrationInitializer.afterPropertiesSet(FlywayMigrationInitializer.java:66)
	at org.springframework.beans.factory.support.AbstractAutowireCapableBeanFactory.invokeInitMethods(AbstractAutowireCapableBeanFactory.java:1873)
	at org.springframework.beans.factory.support.AbstractAutowireCapableBeanFactory.initializeBean(AbstractAutowireCapableBeanFactory.java:1822)
	... 101 common frames omitted
Caused by: org.postgresql.util.PSQLException: FATAL: invalid value for parameter "TimeZone": "Asia/Calcutta"
	at org.postgresql.core.v3.QueryExecutorImpl.receiveErrorResponse(QueryExecutorImpl.java:2713)
	at org.postgresql.core.v3.QueryExecutorImpl.readStartupMessages(QueryExecutorImpl.java:2825)
	at org.postgresql.core.v3.QueryExecutorImpl.<init>(QueryExecutorImpl.java:175)
	at org.postgresql.core.v3.ConnectionFactoryImpl.openConnectionImpl(ConnectionFactoryImpl.java:313)
	at org.postgresql.core.ConnectionFactory.openConnection(ConnectionFactory.java:54)
	at org.postgresql.jdbc.PgConnection.<init>(PgConnection.java:263)
	at org.postgresql.Driver.makeConnection(Driver.java:443)
	at org.postgresql.Driver.connect(Driver.java:297)
	at com.zaxxer.hikari.util.DriverDataSource.getConnection(DriverDataSource.java:144)
	at com.zaxxer.hikari.pool.PoolBase.newConnection(PoolBase.java:370)
	at com.zaxxer.hikari.pool.PoolBase.newPoolEntry(PoolBase.java:207)
	at com.zaxxer.hikari.pool.HikariPool.createPoolEntry(HikariPool.java:488)
	at com.zaxxer.hikari.pool.HikariPool.checkFailFast(HikariPool.java:576)
	at com.zaxxer.hikari.pool.HikariPool.<init>(HikariPool.java:97)
	at com.zaxxer.hikari.HikariDataSource.getConnection(HikariDataSource.java:111)
	at org.flywaydb.core.internal.jdbc.JdbcUtils.openConnection(JdbcUtils.java:59)
	... 107 common frames omitted
2025-11-23 11:48:02 [main] INFO  c.pm.taskapp.TaskAppApplicationTests - Starting TaskAppApplicationTests using Java 21.0.8 with PID 31044 (started by Rajkumar in D:\Projects\TaskApp)
2025-11-23 11:48:02 [main] DEBUG c.pm.taskapp.TaskAppApplicationTests - Running with Spring Boot v3.5.7, Spring v6.2.12
2025-11-23 11:48:02 [main] INFO  c.pm.taskapp.TaskAppApplicationTests - The following 1 profile is active: "test"
2025-11-23 11:48:06 [main] INFO  o.s.d.r.c.RepositoryConfigurationDelegate - Bootstrapping Spring Data JPA repositories in DEFAULT mode.
2025-11-23 11:48:06 [main] INFO  o.s.d.r.c.RepositoryConfigurationDelegate - Finished Spring Data repository scanning in 271 ms. Found 4 JPA repository interfaces.
2025-11-23 11:48:09 [main] INFO  o.h.jpa.internal.util.LogHelper - HHH000204: Processing PersistenceUnitInfo [name: default]
2025-11-23 11:48:09 [main] INFO  org.hibernate.Version - HHH000412: Hibernate ORM core version 6.6.33.Final
2025-11-23 11:48:09 [main] INFO  o.h.c.i.RegionFactoryInitiator - HHH000026: Second-level cache disabled
2025-11-23 11:48:10 [main] INFO  o.s.o.j.p.SpringPersistenceUnitInfo - No LoadTimeWeaver setup: ignoring JPA class transformer
2025-11-23 11:48:10 [main] INFO  com.zaxxer.hikari.HikariDataSource - HikariPool-1 - Starting...
2025-11-23 11:48:11 [main] INFO  com.zaxxer.hikari.pool.HikariPool - HikariPool-1 - Added connection conn0: url=jdbc:h2:mem:testdb user=SA
2025-11-23 11:48:11 [main] INFO  com.zaxxer.hikari.HikariDataSource - HikariPool-1 - Start completed.
2025-11-23 11:48:11 [main] INFO  o.hibernate.orm.connections.pooling - HHH10001005: Database info:
	Database JDBC URL [Connecting through datasource 'HikariDataSource (HikariPool-1)']
	Database driver: undefined/unknown
	Database version: 2.3.232
	Autocommit mode: undefined/unknown
	Isolation level: undefined/unknown
	Minimum pool size: undefined/unknown
	Maximum pool size: undefined/unknown
2025-11-23 11:48:13 [main] INFO  o.h.e.t.j.p.i.JtaPlatformInitiator - HHH000489: No JTA platform available (set 'hibernate.transaction.jta.platform' to enable JTA platform integration)
2025-11-23 11:48:13 [main] DEBUG org.hibernate.SQL - 
    drop table if exists permissions cascade 
2025-11-23 11:48:13 [main] DEBUG org.hibernate.SQL - 
    drop table if exists refresh_tokens cascade 
2025-11-23 11:48:13 [main] DEBUG org.hibernate.SQL - 
    drop table if exists role_permissions cascade 
2025-11-23 11:48:13 [main] DEBUG org.hibernate.SQL - 
    drop table if exists roles cascade 
2025-11-23 11:48:13 [main] DEBUG org.hibernate.SQL - 
    drop table if exists user_roles cascade 
2025-11-23 11:48:13 [main] DEBUG org.hibernate.SQL - 
    drop table if exists users cascade 
2025-11-23 11:48:13 [main] DEBUG org.hibernate.SQL - 
    create table permissions (
        id uuid not null,
        code varchar(100) not null unique,
        description text,
        primary key (id)
    )
2025-11-23 11:48:13 [main] DEBUG org.hibernate.SQL - 
    create table refresh_tokens (
        expires_at timestamp(6) with time zone not null,
        id uuid not null,
        user_id uuid not null,
        token varchar(500) not null unique,
        primary key (id)
    )
2025-11-23 11:48:13 [main] DEBUG org.hibernate.SQL - 
    create table role_permissions (
        permission_id uuid not null,
        role_id uuid not null,
        primary key (permission_id, role_id)
    )
2025-11-23 11:48:13 [main] DEBUG org.hibernate.SQL - 
    create table roles (
        id uuid not null,
        name varchar(50) not null unique,
        description text,
        primary key (id)
    )
2025-11-23 11:48:13 [main] DEBUG org.hibernate.SQL - 
    create table user_roles (
        role_id uuid not null,
        user_id uuid not null,
        primary key (role_id, user_id)
    )
2025-11-23 11:48:13 [main] DEBUG org.hibernate.SQL - 
    create table users (
        enabled boolean not null,
        created_at timestamp(6) with time zone not null,
        last_login_at timestamp(6) with time zone,
        updated_at timestamp(6) with time zone not null,
        id uuid not null,
        avatar_url varchar(1000),
        email varchar(255) not null unique,
        name varchar(255) not null,
        password_hash varchar(255) not null,
        primary key (id)
    )
2025-11-23 11:48:13 [main] DEBUG org.hibernate.SQL - 
    create index idx_refresh_tokens_token 
       on refresh_tokens (token)
2025-11-23 11:48:13 [main] DEBUG org.hibernate.SQL - 
    create index idx_refresh_tokens_user_id 
       on refresh_tokens (user_id)
2025-11-23 11:48:13 [main] DEBUG org.hibernate.SQL - 
    create index idx_users_email 
       on users (email)
2025-11-23 11:48:13 [main] DEBUG org.hibernate.SQL - 
    create index idx_users_enabled 
       on users (enabled)
2025-11-23 11:48:13 [main] DEBUG org.hibernate.SQL - 
    alter table if exists refresh_tokens 
       add constraint FK1lih5y2npsf8u5o3vhdb9y0os 
       foreign key (user_id) 
       references users 
       on delete cascade
2025-11-23 11:48:13 [main] DEBUG org.hibernate.SQL - 
    alter table if exists role_permissions 
       add constraint FKegdk29eiy7mdtefy5c7eirr6e 
       foreign key (permission_id) 
       references permissions
2025-11-23 11:48:13 [main] DEBUG org.hibernate.SQL - 
    alter table if exists role_permissions 
       add constraint FKn5fotdgk8d1xvo8nav9uv3muc 
       foreign key (role_id) 
       references roles
2025-11-23 11:48:13 [main] DEBUG org.hibernate.SQL - 
    alter table if exists user_roles 
       add constraint FKh8ciramu9cc9q3qcqiv4ue8a6 
       foreign key (role_id) 
       references roles
2025-11-23 11:48:13 [main] DEBUG org.hibernate.SQL - 
    alter table if exists user_roles 
       add constraint FKhfh9dx7w3ubf1co1vdev94g3f 
       foreign key (user_id) 
       references users
2025-11-23 11:48:13 [main] INFO  o.s.o.j.LocalContainerEntityManagerFactoryBean - Initialized JPA EntityManagerFactory for persistence unit 'default'
2025-11-23 11:48:14 [main] INFO  o.s.s.c.a.a.c.InitializeAuthenticationProviderBeanManagerConfigurer$InitializeAuthenticationProviderManagerConfigurer - Global AuthenticationManager configured with AuthenticationProvider bean with name authenticationProvider
2025-11-23 11:48:14 [main] WARN  o.s.s.c.a.a.c.InitializeUserDetailsBeanManagerConfigurer$InitializeUserDetailsManagerConfigurer - Global AuthenticationManager configured with an AuthenticationProvider bean. UserDetailsService beans will not be used by Spring Security for automatically configuring username/password login. Consider removing the AuthenticationProvider bean. Alternatively, consider using the UserDetailsService in a manually instantiated DaoAuthenticationProvider. If the current configuration is intentional, to turn off this warning, increase the logging level of 'org.springframework.security.config.annotation.authentication.configuration.InitializeUserDetailsBeanManagerConfigurer' to ERROR
2025-11-23 11:48:15 [main] INFO  o.s.d.j.r.query.QueryEnhancerFactory - Hibernate is in classpath; If applicable, HQL parser will be used.
2025-11-23 11:48:16 [main] WARN  o.s.b.a.t.ThymeleafAutoConfiguration$DefaultTemplateResolverConfiguration - Cannot find template location: classpath:/templates/ (please add some templates, check your Thymeleaf configuration, or set spring.thymeleaf.check-template-location=false)
2025-11-23 11:48:17 [main] INFO  c.p.t.a.s.impl.PermissionServiceImpl - Creating default permissions if not exist
2025-11-23 11:48:17 [main] DEBUG org.hibernate.SQL - 
    select
        p1_0.id,
        p1_0.code,
        p1_0.description 
    from
        permissions p1_0 
    where
        p1_0.code=?
2025-11-23 11:48:17 [main] DEBUG org.hibernate.SQL - 
    insert 
    into
        permissions
        (code, description, id) 
    values
        (?, ?, ?)
2025-11-23 11:48:17 [main] INFO  c.p.t.a.s.impl.PermissionServiceImpl - Created default permission: USER_CREATE
2025-11-23 11:48:17 [main] DEBUG org.hibernate.SQL - 
    select
        p1_0.id,
        p1_0.code,
        p1_0.description 
    from
        permissions p1_0 
    where
        p1_0.code=?
2025-11-23 11:48:17 [main] DEBUG org.hibernate.SQL - 
    insert 
    into
        permissions
        (code, description, id) 
    values
        (?, ?, ?)
2025-11-23 11:48:17 [main] INFO  c.p.t.a.s.impl.PermissionServiceImpl - Created default permission: USER_READ
2025-11-23 11:48:17 [main] DEBUG org.hibernate.SQL - 
    select
        p1_0.id,
        p1_0.code,
        p1_0.description 
    from
        permissions p1_0 
    where
        p1_0.code=?
2025-11-23 11:48:17 [main] DEBUG org.hibernate.SQL - 
    insert 
    into
        permissions
        (code, description, id) 
    values
        (?, ?, ?)
2025-11-23 11:48:17 [main] INFO  c.p.t.a.s.impl.PermissionServiceImpl - Created default permission: USER_UPDATE
2025-11-23 11:48:17 [main] DEBUG org.hibernate.SQL - 
    select
        p1_0.id,
        p1_0.code,
        p1_0.description 
    from
        permissions p1_0 
    where
        p1_0.code=?
2025-11-23 11:48:17 [main] DEBUG org.hibernate.SQL - 
    insert 
    into
        permissions
        (code, description, id) 
    values
        (?, ?, ?)
2025-11-23 11:48:17 [main] INFO  c.p.t.a.s.impl.PermissionServiceImpl - Created default permission: USER_DELETE
2025-11-23 11:48:17 [main] DEBUG org.hibernate.SQL - 
    select
        p1_0.id,
        p1_0.code,
        p1_0.description 
    from
        permissions p1_0 
    where
        p1_0.code=?
2025-11-23 11:48:17 [main] DEBUG org.hibernate.SQL - 
    insert 
    into
        permissions
        (code, description, id) 
    values
        (?, ?, ?)
2025-11-23 11:48:17 [main] INFO  c.p.t.a.s.impl.PermissionServiceImpl - Created default permission: ROLE_CREATE
2025-11-23 11:48:17 [main] DEBUG org.hibernate.SQL - 
    select
        p1_0.id,
        p1_0.code,
        p1_0.description 
    from
        permissions p1_0 
    where
        p1_0.code=?
2025-11-23 11:48:17 [main] DEBUG org.hibernate.SQL - 
    insert 
    into
        permissions
        (code, description, id) 
    values
        (?, ?, ?)
2025-11-23 11:48:17 [main] INFO  c.p.t.a.s.impl.PermissionServiceImpl - Created default permission: ROLE_READ
2025-11-23 11:48:17 [main] DEBUG org.hibernate.SQL - 
    select
        p1_0.id,
        p1_0.code,
        p1_0.description 
    from
        permissions p1_0 
    where
        p1_0.code=?
2025-11-23 11:48:17 [main] DEBUG org.hibernate.SQL - 
    insert 
    into
        permissions
        (code, description, id) 
    values
        (?, ?, ?)
2025-11-23 11:48:17 [main] INFO  c.p.t.a.s.impl.PermissionServiceImpl - Created default permission: ROLE_UPDATE
2025-11-23 11:48:17 [main] DEBUG org.hibernate.SQL - 
    select
        p1_0.id,
        p1_0.code,
        p1_0.description 
    from
        permissions p1_0 
    where
        p1_0.code=?
2025-11-23 11:48:17 [main] DEBUG org.hibernate.SQL - 
    insert 
    into
        permissions
        (code, description, id) 
    values
        (?, ?, ?)
2025-11-23 11:48:17 [main] INFO  c.p.t.a.s.impl.PermissionServiceImpl - Created default permission: ROLE_DELETE
2025-11-23 11:48:17 [main] DEBUG org.hibernate.SQL - 
    select
        p1_0.id,
        p1_0.code,
        p1_0.description 
    from
        permissions p1_0 
    where
        p1_0.code=?
2025-11-23 11:48:17 [main] DEBUG org.hibernate.SQL - 
    insert 
    into
        permissions
        (code, description, id) 
    values
        (?, ?, ?)
2025-11-23 11:48:17 [main] INFO  c.p.t.a.s.impl.PermissionServiceImpl - Created default permission: ROLE_ASSIGN
2025-11-23 11:48:17 [main] DEBUG org.hibernate.SQL - 
    select
        p1_0.id,
        p1_0.code,
        p1_0.description 
    from
        permissions p1_0 
    where
        p1_0.code=?
2025-11-23 11:48:17 [main] DEBUG org.hibernate.SQL - 
    insert 
    into
        permissions
        (code, description, id) 
    values
        (?, ?, ?)
2025-11-23 11:48:17 [main] INFO  c.p.t.a.s.impl.PermissionServiceImpl - Created default permission: PERMISSION_CREATE
2025-11-23 11:48:17 [main] DEBUG org.hibernate.SQL - 
    select
        p1_0.id,
        p1_0.code,
        p1_0.description 
    from
        permissions p1_0 
    where
        p1_0.code=?
2025-11-23 11:48:17 [main] DEBUG org.hibernate.SQL - 
    insert 
    into
        permissions
        (code, description, id) 
    values
        (?, ?, ?)
2025-11-23 11:48:17 [main] INFO  c.p.t.a.s.impl.PermissionServiceImpl - Created default permission: PERMISSION_READ
2025-11-23 11:48:17 [main] DEBUG org.hibernate.SQL - 
    select
        p1_0.id,
        p1_0.code,
        p1_0.description 
    from
        permissions p1_0 
    where
        p1_0.code=?
2025-11-23 11:48:17 [main] DEBUG org.hibernate.SQL - 
    insert 
    into
        permissions
        (code, description, id) 
    values
        (?, ?, ?)
2025-11-23 11:48:17 [main] INFO  c.p.t.a.s.impl.PermissionServiceImpl - Created default permission: PERMISSION_UPDATE
2025-11-23 11:48:17 [main] DEBUG org.hibernate.SQL - 
    select
        p1_0.id,
        p1_0.code,
        p1_0.description 
    from
        permissions p1_0 
    where
        p1_0.code=?
2025-11-23 11:48:17 [main] DEBUG org.hibernate.SQL - 
    insert 
    into
        permissions
        (code, description, id) 
    values
        (?, ?, ?)
2025-11-23 11:48:17 [main] INFO  c.p.t.a.s.impl.PermissionServiceImpl - Created default permission: PERMISSION_DELETE
2025-11-23 11:48:17 [main] DEBUG org.hibernate.SQL - 
    select
        p1_0.id,
        p1_0.code,
        p1_0.description 
    from
        permissions p1_0 
    where
        p1_0.code=?
2025-11-23 11:48:17 [main] DEBUG org.hibernate.SQL - 
    insert 
    into
        permissions
        (code, description, id) 
    values
        (?, ?, ?)
2025-11-23 11:48:17 [main] INFO  c.p.t.a.s.impl.PermissionServiceImpl - Created default permission: PERMISSION_ASSIGN
2025-11-23 11:48:17 [main] DEBUG org.hibernate.SQL - 
    select
        p1_0.id,
        p1_0.code,
        p1_0.description 
    from
        permissions p1_0 
    where
        p1_0.code=?
2025-11-23 11:48:17 [main] DEBUG org.hibernate.SQL - 
    insert 
    into
        permissions
        (code, description, id) 
    values
        (?, ?, ?)
2025-11-23 11:48:17 [main] INFO  c.p.t.a.s.impl.PermissionServiceImpl - Created default permission: TASK_CREATE
2025-11-23 11:48:17 [main] DEBUG org.hibernate.SQL - 
    select
        p1_0.id,
        p1_0.code,
        p1_0.description 
    from
        permissions p1_0 
    where
        p1_0.code=?
2025-11-23 11:48:17 [main] DEBUG org.hibernate.SQL - 
    insert 
    into
        permissions
        (code, description, id) 
    values
        (?, ?, ?)
2025-11-23 11:48:17 [main] INFO  c.p.t.a.s.impl.PermissionServiceImpl - Created default permission: TASK_READ
2025-11-23 11:48:17 [main] DEBUG org.hibernate.SQL - 
    select
        p1_0.id,
        p1_0.code,
        p1_0.description 
    from
        permissions p1_0 
    where
        p1_0.code=?
2025-11-23 11:48:17 [main] DEBUG org.hibernate.SQL - 
    insert 
    into
        permissions
        (code, description, id) 
    values
        (?, ?, ?)
2025-11-23 11:48:17 [main] INFO  c.p.t.a.s.impl.PermissionServiceImpl - Created default permission: TASK_UPDATE
2025-11-23 11:48:17 [main] DEBUG org.hibernate.SQL - 
    select
        p1_0.id,
        p1_0.code,
        p1_0.description 
    from
        permissions p1_0 
    where
        p1_0.code=?
2025-11-23 11:48:17 [main] DEBUG org.hibernate.SQL - 
    insert 
    into
        permissions
        (code, description, id) 
    values
        (?, ?, ?)
2025-11-23 11:48:17 [main] INFO  c.p.t.a.s.impl.PermissionServiceImpl - Created default permission: TASK_DELETE
2025-11-23 11:48:17 [main] DEBUG org.hibernate.SQL - 
    select
        p1_0.id,
        p1_0.code,
        p1_0.description 
    from
        permissions p1_0 
    where
        p1_0.code=?
2025-11-23 11:48:17 [main] DEBUG org.hibernate.SQL - 
    insert 
    into
        permissions
        (code, description, id) 
    values
        (?, ?, ?)
2025-11-23 11:48:17 [main] INFO  c.p.t.a.s.impl.PermissionServiceImpl - Created default permission: TASK_ASSIGN
2025-11-23 11:48:17 [main] DEBUG org.hibernate.SQL - 
    select
        p1_0.id,
        p1_0.code,
        p1_0.description 
    from
        permissions p1_0 
    where
        p1_0.code=?
2025-11-23 11:48:17 [main] DEBUG org.hibernate.SQL - 
    insert 
    into
        permissions
        (code, description, id) 
    values
        (?, ?, ?)
2025-11-23 11:48:17 [main] INFO  c.p.t.a.s.impl.PermissionServiceImpl - Created default permission: PROJECT_CREATE
2025-11-23 11:48:17 [main] DEBUG org.hibernate.SQL - 
    select
        p1_0.id,
        p1_0.code,
        p1_0.description 
    from
        permissions p1_0 
    where
        p1_0.code=?
2025-11-23 11:48:17 [main] DEBUG org.hibernate.SQL - 
    insert 
    into
        permissions
        (code, description, id) 
    values
        (?, ?, ?)
2025-11-23 11:48:17 [main] INFO  c.p.t.a.s.impl.PermissionServiceImpl - Created default permission: PROJECT_READ
2025-11-23 11:48:17 [main] DEBUG org.hibernate.SQL - 
    select
        p1_0.id,
        p1_0.code,
        p1_0.description 
    from
        permissions p1_0 
    where
        p1_0.code=?
2025-11-23 11:48:17 [main] DEBUG org.hibernate.SQL - 
    insert 
    into
        permissions
        (code, description, id) 
    values
        (?, ?, ?)
2025-11-23 11:48:17 [main] INFO  c.p.t.a.s.impl.PermissionServiceImpl - Created default permission: PROJECT_UPDATE
2025-11-23 11:48:17 [main] DEBUG org.hibernate.SQL - 
    select
        p1_0.id,
        p1_0.code,
        p1_0.description 
    from
        permissions p1_0 
    where
        p1_0.code=?
2025-11-23 11:48:17 [main] DEBUG org.hibernate.SQL - 
    insert 
    into
        permissions
        (code, description, id) 
    values
        (?, ?, ?)
2025-11-23 11:48:17 [main] INFO  c.p.t.a.s.impl.PermissionServiceImpl - Created default permission: PROJECT_DELETE
2025-11-23 11:48:17 [main] DEBUG org.hibernate.SQL - 
    select
        p1_0.id,
        p1_0.code,
        p1_0.description 
    from
        permissions p1_0 
    where
        p1_0.code=?
2025-11-23 11:48:17 [main] DEBUG org.hibernate.SQL - 
    insert 
    into
        permissions
        (code, description, id) 
    values
        (?, ?, ?)
2025-11-23 11:48:17 [main] INFO  c.p.t.a.s.impl.PermissionServiceImpl - Created default permission: PROJECT_MANAGE
2025-11-23 11:48:17 [main] DEBUG org.hibernate.SQL - 
    select
        p1_0.id,
        p1_0.code,
        p1_0.description 
    from
        permissions p1_0 
    where
        p1_0.code=?
2025-11-23 11:48:17 [main] DEBUG org.hibernate.SQL - 
    insert 
    into
        permissions
        (code, description, id) 
    values
        (?, ?, ?)
2025-11-23 11:48:17 [main] INFO  c.p.t.a.s.impl.PermissionServiceImpl - Created default permission: SYSTEM_ADMIN
2025-11-23 11:48:17 [main] DEBUG org.hibernate.SQL - 
    select
        p1_0.id,
        p1_0.code,
        p1_0.description 
    from
        permissions p1_0 
    where
        p1_0.code=?
2025-11-23 11:48:17 [main] DEBUG org.hibernate.SQL - 
    insert 
    into
        permissions
        (code, description, id) 
    values
        (?, ?, ?)
2025-11-23 11:48:17 [main] INFO  c.p.t.a.s.impl.PermissionServiceImpl - Created default permission: AUDIT_READ
2025-11-23 11:48:17 [main] DEBUG org.hibernate.SQL - 
    select
        p1_0.id,
        p1_0.code,
        p1_0.description 
    from
        permissions p1_0 
    where
        p1_0.code=?
2025-11-23 11:48:17 [main] DEBUG org.hibernate.SQL - 
    insert 
    into
        permissions
        (code, description, id) 
    values
        (?, ?, ?)
2025-11-23 11:48:17 [main] INFO  c.p.t.a.s.impl.PermissionServiceImpl - Created default permission: SETTINGS_MANAGE
2025-11-23 11:48:17 [main] INFO  c.p.t.a.s.impl.PermissionServiceImpl - Default permissions created/verified
2025-11-23 11:48:17 [main] INFO  c.p.t.a.service.impl.RoleServiceImpl - Creating default roles if not exist
2025-11-23 11:48:17 [main] DEBUG org.hibernate.SQL - 
    select
        r1_0.id,
        r1_0.description,
        r1_0.name 
    from
        roles r1_0 
    where
        r1_0.name=?
2025-11-23 11:48:17 [main] DEBUG org.hibernate.SQL - 
    insert 
    into
        roles
        (description, name, id) 
    values
        (?, ?, ?)
2025-11-23 11:48:17 [main] INFO  c.p.t.a.service.impl.RoleServiceImpl - Created default role: ROLE_ADMIN
2025-11-23 11:48:17 [main] DEBUG org.hibernate.SQL - 
    select
        r1_0.id,
        r1_0.description,
        r1_0.name 
    from
        roles r1_0 
    where
        r1_0.name=?
2025-11-23 11:48:17 [main] DEBUG org.hibernate.SQL - 
    insert 
    into
        roles
        (description, name, id) 
    values
        (?, ?, ?)
2025-11-23 11:48:18 [main] INFO  c.p.t.a.service.impl.RoleServiceImpl - Created default role: ROLE_USER
2025-11-23 11:48:18 [main] DEBUG org.hibernate.SQL - 
    select
        r1_0.id,
        r1_0.description,
        r1_0.name 
    from
        roles r1_0 
    where
        r1_0.name=?
2025-11-23 11:48:18 [main] DEBUG org.hibernate.SQL - 
    insert 
    into
        roles
        (description, name, id) 
    values
        (?, ?, ?)
2025-11-23 11:48:18 [main] INFO  c.p.t.a.service.impl.RoleServiceImpl - Created default role: ROLE_MANAGER
2025-11-23 11:48:18 [main] DEBUG org.hibernate.SQL - 
    select
        r1_0.id,
        r1_0.description,
        r1_0.name 
    from
        roles r1_0 
    where
        r1_0.name=?
2025-11-23 11:48:18 [main] DEBUG org.hibernate.SQL - 
    insert 
    into
        roles
        (description, name, id) 
    values
        (?, ?, ?)
2025-11-23 11:48:18 [main] INFO  c.p.t.a.service.impl.RoleServiceImpl - Created default role: ROLE_GUEST
2025-11-23 11:48:18 [main] INFO  c.p.t.a.service.impl.RoleServiceImpl - Default roles created/verified
2025-11-23 11:48:18 [main] WARN  o.s.b.a.o.j.JpaBaseConfiguration$JpaWebConfiguration - spring.jpa.open-in-view is enabled by default. Therefore, database queries may be performed during view rendering. Explicitly configure spring.jpa.open-in-view to disable this warning
2025-11-23 11:48:20 [main] DEBUG o.s.s.web.DefaultSecurityFilterChain - Will secure any request with filters: DisableEncodeUrlFilter, WebAsyncManagerIntegrationFilter, SecurityContextHolderFilter, HeaderWriterFilter, CorsFilter, LogoutFilter, JwtAuthenticationFilter, RequestCacheAwareFilter, SecurityContextHolderAwareRequestFilter, AnonymousAuthenticationFilter, SessionManagementFilter, ExceptionTranslationFilter, AuthorizationFilter
2025-11-23 11:48:21 [main] INFO  o.s.b.a.h.H2ConsoleAutoConfiguration - H2 console available at '/h2-console'. Database available at 'jdbc:h2:mem:testdb'
2025-11-23 11:48:21 [main] INFO  c.pm.taskapp.TaskAppApplicationTests - Started TaskAppApplicationTests in 20.135 seconds (process running for 22.864)
2025-11-23 11:48:23 [SpringApplicationShutdownHook] INFO  o.s.o.j.LocalContainerEntityManagerFactoryBean - Closing JPA EntityManagerFactory for persistence unit 'default'
2025-11-23 11:48:23 [SpringApplicationShutdownHook] DEBUG org.hibernate.SQL - 
    drop table if exists permissions cascade 
2025-11-23 11:48:23 [SpringApplicationShutdownHook] DEBUG org.hibernate.SQL - 
    drop table if exists refresh_tokens cascade 
2025-11-23 11:48:23 [SpringApplicationShutdownHook] DEBUG org.hibernate.SQL - 
    drop table if exists role_permissions cascade 
2025-11-23 11:48:23 [SpringApplicationShutdownHook] DEBUG org.hibernate.SQL - 
    drop table if exists roles cascade 
2025-11-23 11:48:23 [SpringApplicationShutdownHook] DEBUG org.hibernate.SQL - 
    drop table if exists user_roles cascade 
2025-11-23 11:48:23 [SpringApplicationShutdownHook] DEBUG org.hibernate.SQL - 
    drop table if exists users cascade 
2025-11-23 11:48:23 [SpringApplicationShutdownHook] INFO  com.zaxxer.hikari.HikariDataSource - HikariPool-1 - Shutdown initiated...
2025-11-23 11:48:23 [SpringApplicationShutdownHook] INFO  com.zaxxer.hikari.HikariDataSource - HikariPool-1 - Shutdown completed.
2025-11-23 11:57:03 [main] INFO  c.pm.taskapp.TaskAppApplicationTests - Starting TaskAppApplicationTests using Java 21.0.8 with PID 28980 (started by Rajkumar in D:\Projects\TaskApp)
2025-11-23 11:57:03 [main] DEBUG c.pm.taskapp.TaskAppApplicationTests - Running with Spring Boot v3.5.7, Spring v6.2.12
2025-11-23 11:57:03 [main] INFO  c.pm.taskapp.TaskAppApplicationTests - The following 1 profile is active: "test"
2025-11-23 11:57:07 [main] INFO  o.s.d.r.c.RepositoryConfigurationDelegate - Bootstrapping Spring Data JPA repositories in DEFAULT mode.
2025-11-23 11:57:08 [main] INFO  o.s.d.r.c.RepositoryConfigurationDelegate - Finished Spring Data repository scanning in 204 ms. Found 4 JPA repository interfaces.
2025-11-23 11:57:09 [main] INFO  o.h.jpa.internal.util.LogHelper - HHH000204: Processing PersistenceUnitInfo [name: default]
2025-11-23 11:57:10 [main] INFO  org.hibernate.Version - HHH000412: Hibernate ORM core version 6.6.33.Final
2025-11-23 11:57:10 [main] INFO  o.h.c.i.RegionFactoryInitiator - HHH000026: Second-level cache disabled
2025-11-23 11:57:11 [main] INFO  o.s.o.j.p.SpringPersistenceUnitInfo - No LoadTimeWeaver setup: ignoring JPA class transformer
2025-11-23 11:57:11 [main] INFO  com.zaxxer.hikari.HikariDataSource - HikariPool-1 - Starting...
2025-11-23 11:57:11 [main] INFO  com.zaxxer.hikari.pool.HikariPool - HikariPool-1 - Added connection conn0: url=jdbc:h2:mem:testdb user=SA
2025-11-23 11:57:11 [main] INFO  com.zaxxer.hikari.HikariDataSource - HikariPool-1 - Start completed.
2025-11-23 11:57:11 [main] INFO  o.hibernate.orm.connections.pooling - HHH10001005: Database info:
	Database JDBC URL [Connecting through datasource 'HikariDataSource (HikariPool-1)']
	Database driver: undefined/unknown
	Database version: 2.3.232
	Autocommit mode: undefined/unknown
	Isolation level: undefined/unknown
	Minimum pool size: undefined/unknown
	Maximum pool size: undefined/unknown
2025-11-23 11:57:14 [main] INFO  o.h.e.t.j.p.i.JtaPlatformInitiator - HHH000489: No JTA platform available (set 'hibernate.transaction.jta.platform' to enable JTA platform integration)
2025-11-23 11:57:14 [main] DEBUG org.hibernate.SQL - 
    drop table if exists permissions cascade 
2025-11-23 11:57:14 [main] DEBUG org.hibernate.SQL - 
    drop table if exists refresh_tokens cascade 
2025-11-23 11:57:14 [main] DEBUG org.hibernate.SQL - 
    drop table if exists role_permissions cascade 
2025-11-23 11:57:14 [main] DEBUG org.hibernate.SQL - 
    drop table if exists roles cascade 
2025-11-23 11:57:14 [main] DEBUG org.hibernate.SQL - 
    drop table if exists user_roles cascade 
2025-11-23 11:57:14 [main] DEBUG org.hibernate.SQL - 
    drop table if exists users cascade 
2025-11-23 11:57:14 [main] DEBUG org.hibernate.SQL - 
    create table permissions (
        id uuid not null,
        code varchar(100) not null unique,
        description text,
        primary key (id)
    )
2025-11-23 11:57:14 [main] DEBUG org.hibernate.SQL - 
    create table refresh_tokens (
        expires_at timestamp(6) with time zone not null,
        id uuid not null,
        user_id uuid not null,
        token varchar(500) not null unique,
        primary key (id)
    )
2025-11-23 11:57:14 [main] DEBUG org.hibernate.SQL - 
    create table role_permissions (
        permission_id uuid not null,
        role_id uuid not null,
        primary key (permission_id, role_id)
    )
2025-11-23 11:57:14 [main] DEBUG org.hibernate.SQL - 
    create table roles (
        id uuid not null,
        name varchar(50) not null unique,
        description text,
        primary key (id)
    )
2025-11-23 11:57:14 [main] DEBUG org.hibernate.SQL - 
    create table user_roles (
        role_id uuid not null,
        user_id uuid not null,
        primary key (role_id, user_id)
    )
2025-11-23 11:57:14 [main] DEBUG org.hibernate.SQL - 
    create table users (
        enabled boolean not null,
        created_at timestamp(6) with time zone not null,
        last_login_at timestamp(6) with time zone,
        updated_at timestamp(6) with time zone not null,
        id uuid not null,
        avatar_url varchar(1000),
        email varchar(255) not null unique,
        name varchar(255) not null,
        password_hash varchar(255) not null,
        primary key (id)
    )
2025-11-23 11:57:14 [main] DEBUG org.hibernate.SQL - 
    create index idx_refresh_tokens_token 
       on refresh_tokens (token)
2025-11-23 11:57:14 [main] DEBUG org.hibernate.SQL - 
    create index idx_refresh_tokens_user_id 
       on refresh_tokens (user_id)
2025-11-23 11:57:14 [main] DEBUG org.hibernate.SQL - 
    create index idx_users_email 
       on users (email)
2025-11-23 11:57:14 [main] DEBUG org.hibernate.SQL - 
    create index idx_users_enabled 
       on users (enabled)
2025-11-23 11:57:14 [main] DEBUG org.hibernate.SQL - 
    alter table if exists refresh_tokens 
       add constraint FK1lih5y2npsf8u5o3vhdb9y0os 
       foreign key (user_id) 
       references users 
       on delete cascade
2025-11-23 11:57:14 [main] DEBUG org.hibernate.SQL - 
    alter table if exists role_permissions 
       add constraint FKegdk29eiy7mdtefy5c7eirr6e 
       foreign key (permission_id) 
       references permissions
2025-11-23 11:57:14 [main] DEBUG org.hibernate.SQL - 
    alter table if exists role_permissions 
       add constraint FKn5fotdgk8d1xvo8nav9uv3muc 
       foreign key (role_id) 
       references roles
2025-11-23 11:57:14 [main] DEBUG org.hibernate.SQL - 
    alter table if exists user_roles 
       add constraint FKh8ciramu9cc9q3qcqiv4ue8a6 
       foreign key (role_id) 
       references roles
2025-11-23 11:57:14 [main] DEBUG org.hibernate.SQL - 
    alter table if exists user_roles 
       add constraint FKhfh9dx7w3ubf1co1vdev94g3f 
       foreign key (user_id) 
       references users
2025-11-23 11:57:14 [main] INFO  o.s.o.j.LocalContainerEntityManagerFactoryBean - Initialized JPA EntityManagerFactory for persistence unit 'default'
2025-11-23 11:57:15 [main] INFO  o.s.s.c.a.a.c.InitializeAuthenticationProviderBeanManagerConfigurer$InitializeAuthenticationProviderManagerConfigurer - Global AuthenticationManager configured with AuthenticationProvider bean with name authenticationProvider
2025-11-23 11:57:15 [main] WARN  o.s.s.c.a.a.c.InitializeUserDetailsBeanManagerConfigurer$InitializeUserDetailsManagerConfigurer - Global AuthenticationManager configured with an AuthenticationProvider bean. UserDetailsService beans will not be used by Spring Security for automatically configuring username/password login. Consider removing the AuthenticationProvider bean. Alternatively, consider using the UserDetailsService in a manually instantiated DaoAuthenticationProvider. If the current configuration is intentional, to turn off this warning, increase the logging level of 'org.springframework.security.config.annotation.authentication.configuration.InitializeUserDetailsBeanManagerConfigurer' to ERROR
2025-11-23 11:57:15 [main] INFO  o.s.d.j.r.query.QueryEnhancerFactory - Hibernate is in classpath; If applicable, HQL parser will be used.
2025-11-23 11:57:17 [main] WARN  o.s.b.a.t.ThymeleafAutoConfiguration$DefaultTemplateResolverConfiguration - Cannot find template location: classpath:/templates/ (please add some templates, check your Thymeleaf configuration, or set spring.thymeleaf.check-template-location=false)
2025-11-23 11:57:18 [main] INFO  c.p.t.a.s.impl.PermissionServiceImpl - Creating default permissions if not exist
2025-11-23 11:57:18 [main] DEBUG org.hibernate.SQL - 
    select
        p1_0.id,
        p1_0.code,
        p1_0.description 
    from
        permissions p1_0 
    where
        p1_0.code=?
2025-11-23 11:57:18 [main] DEBUG org.hibernate.SQL - 
    insert 
    into
        permissions
        (code, description, id) 
    values
        (?, ?, ?)
2025-11-23 11:57:18 [main] INFO  c.p.t.a.s.impl.PermissionServiceImpl - Created default permission: USER_CREATE
2025-11-23 11:57:18 [main] DEBUG org.hibernate.SQL - 
    select
        p1_0.id,
        p1_0.code,
        p1_0.description 
    from
        permissions p1_0 
    where
        p1_0.code=?
2025-11-23 11:57:18 [main] DEBUG org.hibernate.SQL - 
    insert 
    into
        permissions
        (code, description, id) 
    values
        (?, ?, ?)
2025-11-23 11:57:18 [main] INFO  c.p.t.a.s.impl.PermissionServiceImpl - Created default permission: USER_READ
2025-11-23 11:57:18 [main] DEBUG org.hibernate.SQL - 
    select
        p1_0.id,
        p1_0.code,
        p1_0.description 
    from
        permissions p1_0 
    where
        p1_0.code=?
2025-11-23 11:57:18 [main] DEBUG org.hibernate.SQL - 
    insert 
    into
        permissions
        (code, description, id) 
    values
        (?, ?, ?)
2025-11-23 11:57:18 [main] INFO  c.p.t.a.s.impl.PermissionServiceImpl - Created default permission: USER_UPDATE
2025-11-23 11:57:18 [main] DEBUG org.hibernate.SQL - 
    select
        p1_0.id,
        p1_0.code,
        p1_0.description 
    from
        permissions p1_0 
    where
        p1_0.code=?
2025-11-23 11:57:18 [main] DEBUG org.hibernate.SQL - 
    insert 
    into
        permissions
        (code, description, id) 
    values
        (?, ?, ?)
2025-11-23 11:57:18 [main] INFO  c.p.t.a.s.impl.PermissionServiceImpl - Created default permission: USER_DELETE
2025-11-23 11:57:18 [main] DEBUG org.hibernate.SQL - 
    select
        p1_0.id,
        p1_0.code,
        p1_0.description 
    from
        permissions p1_0 
    where
        p1_0.code=?
2025-11-23 11:57:18 [main] DEBUG org.hibernate.SQL - 
    insert 
    into
        permissions
        (code, description, id) 
    values
        (?, ?, ?)
2025-11-23 11:57:18 [main] INFO  c.p.t.a.s.impl.PermissionServiceImpl - Created default permission: ROLE_CREATE
2025-11-23 11:57:18 [main] DEBUG org.hibernate.SQL - 
    select
        p1_0.id,
        p1_0.code,
        p1_0.description 
    from
        permissions p1_0 
    where
        p1_0.code=?
2025-11-23 11:57:18 [main] DEBUG org.hibernate.SQL - 
    insert 
    into
        permissions
        (code, description, id) 
    values
        (?, ?, ?)
2025-11-23 11:57:18 [main] INFO  c.p.t.a.s.impl.PermissionServiceImpl - Created default permission: ROLE_READ
2025-11-23 11:57:18 [main] DEBUG org.hibernate.SQL - 
    select
        p1_0.id,
        p1_0.code,
        p1_0.description 
    from
        permissions p1_0 
    where
        p1_0.code=?
2025-11-23 11:57:18 [main] DEBUG org.hibernate.SQL - 
    insert 
    into
        permissions
        (code, description, id) 
    values
        (?, ?, ?)
2025-11-23 11:57:18 [main] INFO  c.p.t.a.s.impl.PermissionServiceImpl - Created default permission: ROLE_UPDATE
2025-11-23 11:57:18 [main] DEBUG org.hibernate.SQL - 
    select
        p1_0.id,
        p1_0.code,
        p1_0.description 
    from
        permissions p1_0 
    where
        p1_0.code=?
2025-11-23 11:57:18 [main] DEBUG org.hibernate.SQL - 
    insert 
    into
        permissions
        (code, description, id) 
    values
        (?, ?, ?)
2025-11-23 11:57:18 [main] INFO  c.p.t.a.s.impl.PermissionServiceImpl - Created default permission: ROLE_DELETE
2025-11-23 11:57:18 [main] DEBUG org.hibernate.SQL - 
    select
        p1_0.id,
        p1_0.code,
        p1_0.description 
    from
        permissions p1_0 
    where
        p1_0.code=?
2025-11-23 11:57:18 [main] DEBUG org.hibernate.SQL - 
    insert 
    into
        permissions
        (code, description, id) 
    values
        (?, ?, ?)
2025-11-23 11:57:18 [main] INFO  c.p.t.a.s.impl.PermissionServiceImpl - Created default permission: ROLE_ASSIGN
2025-11-23 11:57:18 [main] DEBUG org.hibernate.SQL - 
    select
        p1_0.id,
        p1_0.code,
        p1_0.description 
    from
        permissions p1_0 
    where
        p1_0.code=?
2025-11-23 11:57:18 [main] DEBUG org.hibernate.SQL - 
    insert 
    into
        permissions
        (code, description, id) 
    values
        (?, ?, ?)
2025-11-23 11:57:18 [main] INFO  c.p.t.a.s.impl.PermissionServiceImpl - Created default permission: PERMISSION_CREATE
2025-11-23 11:57:18 [main] DEBUG org.hibernate.SQL - 
    select
        p1_0.id,
        p1_0.code,
        p1_0.description 
    from
        permissions p1_0 
    where
        p1_0.code=?
2025-11-23 11:57:18 [main] DEBUG org.hibernate.SQL - 
    insert 
    into
        permissions
        (code, description, id) 
    values
        (?, ?, ?)
2025-11-23 11:57:18 [main] INFO  c.p.t.a.s.impl.PermissionServiceImpl - Created default permission: PERMISSION_READ
2025-11-23 11:57:18 [main] DEBUG org.hibernate.SQL - 
    select
        p1_0.id,
        p1_0.code,
        p1_0.description 
    from
        permissions p1_0 
    where
        p1_0.code=?
2025-11-23 11:57:18 [main] DEBUG org.hibernate.SQL - 
    insert 
    into
        permissions
        (code, description, id) 
    values
        (?, ?, ?)
2025-11-23 11:57:18 [main] INFO  c.p.t.a.s.impl.PermissionServiceImpl - Created default permission: PERMISSION_UPDATE
2025-11-23 11:57:19 [main] DEBUG org.hibernate.SQL - 
    select
        p1_0.id,
        p1_0.code,
        p1_0.description 
    from
        permissions p1_0 
    where
        p1_0.code=?
2025-11-23 11:57:19 [main] DEBUG org.hibernate.SQL - 
    insert 
    into
        permissions
        (code, description, id) 
    values
        (?, ?, ?)
2025-11-23 11:57:19 [main] INFO  c.p.t.a.s.impl.PermissionServiceImpl - Created default permission: PERMISSION_DELETE
2025-11-23 11:57:19 [main] DEBUG org.hibernate.SQL - 
    select
        p1_0.id,
        p1_0.code,
        p1_0.description 
    from
        permissions p1_0 
    where
        p1_0.code=?
2025-11-23 11:57:19 [main] DEBUG org.hibernate.SQL - 
    insert 
    into
        permissions
        (code, description, id) 
    values
        (?, ?, ?)
2025-11-23 11:57:19 [main] INFO  c.p.t.a.s.impl.PermissionServiceImpl - Created default permission: PERMISSION_ASSIGN
2025-11-23 11:57:19 [main] DEBUG org.hibernate.SQL - 
    select
        p1_0.id,
        p1_0.code,
        p1_0.description 
    from
        permissions p1_0 
    where
        p1_0.code=?
2025-11-23 11:57:19 [main] DEBUG org.hibernate.SQL - 
    insert 
    into
        permissions
        (code, description, id) 
    values
        (?, ?, ?)
2025-11-23 11:57:19 [main] INFO  c.p.t.a.s.impl.PermissionServiceImpl - Created default permission: TASK_CREATE
2025-11-23 11:57:19 [main] DEBUG org.hibernate.SQL - 
    select
        p1_0.id,
        p1_0.code,
        p1_0.description 
    from
        permissions p1_0 
    where
        p1_0.code=?
2025-11-23 11:57:19 [main] DEBUG org.hibernate.SQL - 
    insert 
    into
        permissions
        (code, description, id) 
    values
        (?, ?, ?)
2025-11-23 11:57:19 [main] INFO  c.p.t.a.s.impl.PermissionServiceImpl - Created default permission: TASK_READ
2025-11-23 11:57:19 [main] DEBUG org.hibernate.SQL - 
    select
        p1_0.id,
        p1_0.code,
        p1_0.description 
    from
        permissions p1_0 
    where
        p1_0.code=?
2025-11-23 11:57:19 [main] DEBUG org.hibernate.SQL - 
    insert 
    into
        permissions
        (code, description, id) 
    values
        (?, ?, ?)
2025-11-23 11:57:19 [main] INFO  c.p.t.a.s.impl.PermissionServiceImpl - Created default permission: TASK_UPDATE
2025-11-23 11:57:19 [main] DEBUG org.hibernate.SQL - 
    select
        p1_0.id,
        p1_0.code,
        p1_0.description 
    from
        permissions p1_0 
    where
        p1_0.code=?
2025-11-23 11:57:19 [main] DEBUG org.hibernate.SQL - 
    insert 
    into
        permissions
        (code, description, id) 
    values
        (?, ?, ?)
2025-11-23 11:57:19 [main] INFO  c.p.t.a.s.impl.PermissionServiceImpl - Created default permission: TASK_DELETE
2025-11-23 11:57:19 [main] DEBUG org.hibernate.SQL - 
    select
        p1_0.id,
        p1_0.code,
        p1_0.description 
    from
        permissions p1_0 
    where
        p1_0.code=?
2025-11-23 11:57:19 [main] DEBUG org.hibernate.SQL - 
    insert 
    into
        permissions
        (code, description, id) 
    values
        (?, ?, ?)
2025-11-23 11:57:19 [main] INFO  c.p.t.a.s.impl.PermissionServiceImpl - Created default permission: TASK_ASSIGN
2025-11-23 11:57:19 [main] DEBUG org.hibernate.SQL - 
    select
        p1_0.id,
        p1_0.code,
        p1_0.description 
    from
        permissions p1_0 
    where
        p1_0.code=?
2025-11-23 11:57:19 [main] DEBUG org.hibernate.SQL - 
    insert 
    into
        permissions
        (code, description, id) 
    values
        (?, ?, ?)
2025-11-23 11:57:19 [main] INFO  c.p.t.a.s.impl.PermissionServiceImpl - Created default permission: PROJECT_CREATE
2025-11-23 11:57:19 [main] DEBUG org.hibernate.SQL - 
    select
        p1_0.id,
        p1_0.code,
        p1_0.description 
    from
        permissions p1_0 
    where
        p1_0.code=?
2025-11-23 11:57:19 [main] DEBUG org.hibernate.SQL - 
    insert 
    into
        permissions
        (code, description, id) 
    values
        (?, ?, ?)
2025-11-23 11:57:19 [main] INFO  c.p.t.a.s.impl.PermissionServiceImpl - Created default permission: PROJECT_READ
2025-11-23 11:57:19 [main] DEBUG org.hibernate.SQL - 
    select
        p1_0.id,
        p1_0.code,
        p1_0.description 
    from
        permissions p1_0 
    where
        p1_0.code=?
2025-11-23 11:57:19 [main] DEBUG org.hibernate.SQL - 
    insert 
    into
        permissions
        (code, description, id) 
    values
        (?, ?, ?)
2025-11-23 11:57:19 [main] INFO  c.p.t.a.s.impl.PermissionServiceImpl - Created default permission: PROJECT_UPDATE
2025-11-23 11:57:19 [main] DEBUG org.hibernate.SQL - 
    select
        p1_0.id,
        p1_0.code,
        p1_0.description 
    from
        permissions p1_0 
    where
        p1_0.code=?
2025-11-23 11:57:19 [main] DEBUG org.hibernate.SQL - 
    insert 
    into
        permissions
        (code, description, id) 
    values
        (?, ?, ?)
2025-11-23 11:57:19 [main] INFO  c.p.t.a.s.impl.PermissionServiceImpl - Created default permission: PROJECT_DELETE
2025-11-23 11:57:19 [main] DEBUG org.hibernate.SQL - 
    select
        p1_0.id,
        p1_0.code,
        p1_0.description 
    from
        permissions p1_0 
    where
        p1_0.code=?
2025-11-23 11:57:19 [main] DEBUG org.hibernate.SQL - 
    insert 
    into
        permissions
        (code, description, id) 
    values
        (?, ?, ?)
2025-11-23 11:57:19 [main] INFO  c.p.t.a.s.impl.PermissionServiceImpl - Created default permission: PROJECT_MANAGE
2025-11-23 11:57:19 [main] DEBUG org.hibernate.SQL - 
    select
        p1_0.id,
        p1_0.code,
        p1_0.description 
    from
        permissions p1_0 
    where
        p1_0.code=?
2025-11-23 11:57:19 [main] DEBUG org.hibernate.SQL - 
    insert 
    into
        permissions
        (code, description, id) 
    values
        (?, ?, ?)
2025-11-23 11:57:19 [main] INFO  c.p.t.a.s.impl.PermissionServiceImpl - Created default permission: SYSTEM_ADMIN
2025-11-23 11:57:19 [main] DEBUG org.hibernate.SQL - 
    select
        p1_0.id,
        p1_0.code,
        p1_0.description 
    from
        permissions p1_0 
    where
        p1_0.code=?
2025-11-23 11:57:19 [main] DEBUG org.hibernate.SQL - 
    insert 
    into
        permissions
        (code, description, id) 
    values
        (?, ?, ?)
2025-11-23 11:57:19 [main] INFO  c.p.t.a.s.impl.PermissionServiceImpl - Created default permission: AUDIT_READ
2025-11-23 11:57:19 [main] DEBUG org.hibernate.SQL - 
    select
        p1_0.id,
        p1_0.code,
        p1_0.description 
    from
        permissions p1_0 
    where
        p1_0.code=?
2025-11-23 11:57:19 [main] DEBUG org.hibernate.SQL - 
    insert 
    into
        permissions
        (code, description, id) 
    values
        (?, ?, ?)
2025-11-23 11:57:19 [main] INFO  c.p.t.a.s.impl.PermissionServiceImpl - Created default permission: SETTINGS_MANAGE
2025-11-23 11:57:19 [main] INFO  c.p.t.a.s.impl.PermissionServiceImpl - Default permissions created/verified
2025-11-23 11:57:19 [main] INFO  c.p.t.a.service.impl.RoleServiceImpl - Creating default roles if not exist
2025-11-23 11:57:19 [main] DEBUG org.hibernate.SQL - 
    select
        r1_0.id,
        r1_0.description,
        r1_0.name 
    from
        roles r1_0 
    where
        r1_0.name=?
2025-11-23 11:57:19 [main] DEBUG org.hibernate.SQL - 
    insert 
    into
        roles
        (description, name, id) 
    values
        (?, ?, ?)
2025-11-23 11:57:19 [main] INFO  c.p.t.a.service.impl.RoleServiceImpl - Created default role: ROLE_ADMIN
2025-11-23 11:57:19 [main] DEBUG org.hibernate.SQL - 
    select
        r1_0.id,
        r1_0.description,
        r1_0.name 
    from
        roles r1_0 
    where
        r1_0.name=?
2025-11-23 11:57:19 [main] DEBUG org.hibernate.SQL - 
    insert 
    into
        roles
        (description, name, id) 
    values
        (?, ?, ?)
2025-11-23 11:57:19 [main] INFO  c.p.t.a.service.impl.RoleServiceImpl - Created default role: ROLE_USER
2025-11-23 11:57:19 [main] DEBUG org.hibernate.SQL - 
    select
        r1_0.id,
        r1_0.description,
        r1_0.name 
    from
        roles r1_0 
    where
        r1_0.name=?
2025-11-23 11:57:19 [main] DEBUG org.hibernate.SQL - 
    insert 
    into
        roles
        (description, name, id) 
    values
        (?, ?, ?)
2025-11-23 11:57:19 [main] INFO  c.p.t.a.service.impl.RoleServiceImpl - Created default role: ROLE_MANAGER
2025-11-23 11:57:19 [main] DEBUG org.hibernate.SQL - 
    select
        r1_0.id,
        r1_0.description,
        r1_0.name 
    from
        roles r1_0 
    where
        r1_0.name=?
2025-11-23 11:57:19 [main] DEBUG org.hibernate.SQL - 
    insert 
    into
        roles
        (description, name, id) 
    values
        (?, ?, ?)
2025-11-23 11:57:19 [main] INFO  c.p.t.a.service.impl.RoleServiceImpl - Created default role: ROLE_GUEST
2025-11-23 11:57:19 [main] INFO  c.p.t.a.service.impl.RoleServiceImpl - Default roles created/verified
2025-11-23 11:57:19 [main] WARN  o.s.b.a.o.j.JpaBaseConfiguration$JpaWebConfiguration - spring.jpa.open-in-view is enabled by default. Therefore, database queries may be performed during view rendering. Explicitly configure spring.jpa.open-in-view to disable this warning
2025-11-23 11:57:21 [main] DEBUG o.s.s.web.DefaultSecurityFilterChain - Will secure any request with filters: DisableEncodeUrlFilter, WebAsyncManagerIntegrationFilter, SecurityContextHolderFilter, HeaderWriterFilter, CorsFilter, LogoutFilter, JwtAuthenticationFilter, RequestCacheAwareFilter, SecurityContextHolderAwareRequestFilter, AnonymousAuthenticationFilter, SessionManagementFilter, ExceptionTranslationFilter, AuthorizationFilter
2025-11-23 11:57:22 [main] INFO  o.s.b.a.h.H2ConsoleAutoConfiguration - H2 console available at '/h2-console'. Database available at 'jdbc:h2:mem:testdb'
2025-11-23 11:57:22 [main] INFO  c.pm.taskapp.TaskAppApplicationTests - Started TaskAppApplicationTests in 20.352 seconds (process running for 22.536)
2025-11-23 11:57:24 [SpringApplicationShutdownHook] INFO  o.s.o.j.LocalContainerEntityManagerFactoryBean - Closing JPA EntityManagerFactory for persistence unit 'default'
2025-11-23 11:57:24 [SpringApplicationShutdownHook] DEBUG org.hibernate.SQL - 
    drop table if exists permissions cascade 
2025-11-23 11:57:24 [SpringApplicationShutdownHook] DEBUG org.hibernate.SQL - 
    drop table if exists refresh_tokens cascade 
2025-11-23 11:57:24 [SpringApplicationShutdownHook] DEBUG org.hibernate.SQL - 
    drop table if exists role_permissions cascade 
2025-11-23 11:57:24 [SpringApplicationShutdownHook] DEBUG org.hibernate.SQL - 
    drop table if exists roles cascade 
2025-11-23 11:57:24 [SpringApplicationShutdownHook] DEBUG org.hibernate.SQL - 
    drop table if exists user_roles cascade 
2025-11-23 11:57:24 [SpringApplicationShutdownHook] DEBUG org.hibernate.SQL - 
    drop table if exists users cascade 
2025-11-23 11:57:24 [SpringApplicationShutdownHook] INFO  com.zaxxer.hikari.HikariDataSource - HikariPool-1 - Shutdown initiated...
2025-11-23 11:57:24 [SpringApplicationShutdownHook] INFO  com.zaxxer.hikari.HikariDataSource - HikariPool-1 - Shutdown completed.
2025-11-23 12:05:50 [main] INFO  com.pm.taskapp.TaskAppApplication - Starting TaskAppApplication using Java 21.0.8 with PID 6792 (D:\Projects\TaskApp\target\classes started by Rajkumar in D:\Projects\TaskApp)
2025-11-23 12:05:50 [main] DEBUG com.pm.taskapp.TaskAppApplication - Running with Spring Boot v3.5.7, Spring v6.2.12
2025-11-23 12:05:50 [main] INFO  com.pm.taskapp.TaskAppApplication - The following 1 profile is active: "dev"
2025-11-23 12:05:52 [main] INFO  o.s.d.r.c.RepositoryConfigurationDelegate - Bootstrapping Spring Data JPA repositories in DEFAULT mode.
2025-11-23 12:05:52 [main] INFO  o.s.d.r.c.RepositoryConfigurationDelegate - Finished Spring Data repository scanning in 210 ms. Found 4 JPA repository interfaces.
2025-11-23 12:05:54 [main] INFO  o.s.b.w.e.tomcat.TomcatWebServer - Tomcat initialized with port 8080 (http)
2025-11-23 12:05:54 [main] INFO  o.a.catalina.core.StandardService - Starting service [Tomcat]
2025-11-23 12:05:54 [main] INFO  o.a.catalina.core.StandardEngine - Starting Servlet engine: [Apache Tomcat/10.1.48]
2025-11-23 12:05:55 [main] INFO  o.a.c.c.C.[Tomcat].[localhost].[/] - Initializing Spring embedded WebApplicationContext
2025-11-23 12:05:55 [main] INFO  o.s.b.w.s.c.ServletWebServerApplicationContext - Root WebApplicationContext: initialization completed in 4674 ms
2025-11-23 12:05:55 [main] INFO  com.zaxxer.hikari.HikariDataSource - HikariPool-1 - Starting...
2025-11-23 12:05:57 [main] ERROR o.s.b.w.e.tomcat.TomcatStarter - Error starting Tomcat context. Exception: org.springframework.beans.factory.UnsatisfiedDependencyException. Message: Error creating bean with name 'jwtAuthenticationFilter' defined in file [D:\Projects\TaskApp\target\classes\com\pm\taskapp\auth\security\JwtAuthenticationFilter.class]: Unsatisfied dependency expressed through constructor parameter 1: Error creating bean with name 'customUserDetailsService' defined in file [D:\Projects\TaskApp\target\classes\com\pm\taskapp\auth\service\impl\CustomUserDetailsService.class]: Unsatisfied dependency expressed through constructor parameter 0: Error creating bean with name 'userRepository' defined in com.pm.taskapp.auth.repository.UserRepository defined in @EnableJpaRepositories declared on JpaRepositoriesRegistrar.EnableJpaRepositoriesConfiguration: Cannot resolve reference to bean 'jpaSharedEM_entityManagerFactory' while setting bean property 'entityManager'
2025-11-23 12:05:57 [main] INFO  o.a.catalina.core.StandardService - Stopping service [Tomcat]
2025-11-23 12:05:57 [main] WARN  o.s.b.w.s.c.AnnotationConfigServletWebServerApplicationContext - Exception encountered during context initialization - cancelling refresh attempt: org.springframework.context.ApplicationContextException: Unable to start web server
2025-11-23 12:05:57 [main] INFO  o.s.b.a.l.ConditionEvaluationReportLogger - 

Error starting ApplicationContext. To display the condition evaluation report re-run your application with 'debug' enabled.
2025-11-23 12:05:57 [main] ERROR o.s.boot.SpringApplication - Application run failed
org.springframework.context.ApplicationContextException: Unable to start web server
	at org.springframework.boot.web.servlet.context.ServletWebServerApplicationContext.onRefresh(ServletWebServerApplicationContext.java:170)
	at org.springframework.context.support.AbstractApplicationContext.refresh(AbstractApplicationContext.java:621)
	at org.springframework.boot.web.servlet.context.ServletWebServerApplicationContext.refresh(ServletWebServerApplicationContext.java:146)
	at org.springframework.boot.SpringApplication.refresh(SpringApplication.java:752)
	at org.springframework.boot.SpringApplication.refreshContext(SpringApplication.java:439)
	at org.springframework.boot.SpringApplication.run(SpringApplication.java:318)
	at org.springframework.boot.SpringApplication.run(SpringApplication.java:1361)
	at org.springframework.boot.SpringApplication.run(SpringApplication.java:1350)
	at com.pm.taskapp.TaskAppApplication.main(TaskAppApplication.java:15)
Caused by: org.springframework.boot.web.server.WebServerException: Unable to start embedded Tomcat
	at org.springframework.boot.web.embedded.tomcat.TomcatWebServer.initialize(TomcatWebServer.java:147)
	at org.springframework.boot.web.embedded.tomcat.TomcatWebServer.<init>(TomcatWebServer.java:107)
	at org.springframework.boot.web.embedded.tomcat.TomcatServletWebServerFactory.getTomcatWebServer(TomcatServletWebServerFactory.java:517)
	at org.springframework.boot.web.embedded.tomcat.TomcatServletWebServerFactory.getWebServer(TomcatServletWebServerFactory.java:219)
	at org.springframework.boot.web.servlet.context.ServletWebServerApplicationContext.createWebServer(ServletWebServerApplicationContext.java:193)
	at org.springframework.boot.web.servlet.context.ServletWebServerApplicationContext.onRefresh(ServletWebServerApplicationContext.java:167)
	... 8 common frames omitted
Caused by: org.springframework.beans.factory.UnsatisfiedDependencyException: Error creating bean with name 'jwtAuthenticationFilter' defined in file [D:\Projects\TaskApp\target\classes\com\pm\taskapp\auth\security\JwtAuthenticationFilter.class]: Unsatisfied dependency expressed through constructor parameter 1: Error creating bean with name 'customUserDetailsService' defined in file [D:\Projects\TaskApp\target\classes\com\pm\taskapp\auth\service\impl\CustomUserDetailsService.class]: Unsatisfied dependency expressed through constructor parameter 0: Error creating bean with name 'userRepository' defined in com.pm.taskapp.auth.repository.UserRepository defined in @EnableJpaRepositories declared on JpaRepositoriesRegistrar.EnableJpaRepositoriesConfiguration: Cannot resolve reference to bean 'jpaSharedEM_entityManagerFactory' while setting bean property 'entityManager'
	at org.springframework.beans.factory.support.ConstructorResolver.createArgumentArray(ConstructorResolver.java:804)
	at org.springframework.beans.factory.support.ConstructorResolver.autowireConstructor(ConstructorResolver.java:240)
	at org.springframework.beans.factory.support.AbstractAutowireCapableBeanFactory.autowireConstructor(AbstractAutowireCapableBeanFactory.java:1395)
	at org.springframework.beans.factory.support.AbstractAutowireCapableBeanFactory.createBeanInstance(AbstractAutowireCapableBeanFactory.java:1232)
	at org.springframework.beans.factory.support.AbstractAutowireCapableBeanFactory.doCreateBean(AbstractAutowireCapableBeanFactory.java:569)
	at org.springframework.beans.factory.support.AbstractAutowireCapableBeanFactory.createBean(AbstractAutowireCapableBeanFactory.java:529)
	at org.springframework.beans.factory.support.AbstractBeanFactory.lambda$doGetBean$0(AbstractBeanFactory.java:339)
	at org.springframework.beans.factory.support.DefaultSingletonBeanRegistry.getSingleton(DefaultSingletonBeanRegistry.java:373)
	at org.springframework.beans.factory.support.AbstractBeanFactory.doGetBean(AbstractBeanFactory.java:337)
	at org.springframework.beans.factory.support.AbstractBeanFactory.getBean(AbstractBeanFactory.java:207)
	at org.springframework.boot.web.servlet.ServletContextInitializerBeans.getOrderedBeansOfType(ServletContextInitializerBeans.java:230)
	at org.springframework.boot.web.servlet.ServletContextInitializerBeans.addAsRegistrationBean(ServletContextInitializerBeans.java:184)
	at org.springframework.boot.web.servlet.ServletContextInitializerBeans.addAsRegistrationBean(ServletContextInitializerBeans.java:179)
	at org.springframework.boot.web.servlet.ServletContextInitializerBeans.addAdaptableBeans(ServletContextInitializerBeans.java:164)
	at org.springframework.boot.web.servlet.ServletContextInitializerBeans.<init>(ServletContextInitializerBeans.java:96)
	at org.springframework.boot.web.servlet.context.ServletWebServerApplicationContext.getServletContextInitializerBeans(ServletWebServerApplicationContext.java:271)
	at org.springframework.boot.web.servlet.context.ServletWebServerApplicationContext.selfInitialize(ServletWebServerApplicationContext.java:245)
	at org.springframework.boot.web.embedded.tomcat.TomcatStarter.onStartup(TomcatStarter.java:52)
	at org.apache.catalina.core.StandardContext.startInternal(StandardContext.java:4452)
	at org.apache.catalina.util.LifecycleBase.start(LifecycleBase.java:164)
	at org.apache.catalina.core.ContainerBase$StartChild.call(ContainerBase.java:1201)
	at org.apache.catalina.core.ContainerBase$StartChild.call(ContainerBase.java:1191)
	at java.base/java.util.concurrent.FutureTask.run(FutureTask.java:317)
	at org.apache.tomcat.util.threads.InlineExecutorService.execute(InlineExecutorService.java:81)
	at java.base/java.util.concurrent.AbstractExecutorService.submit(AbstractExecutorService.java:145)
	at org.apache.catalina.core.ContainerBase.startInternal(ContainerBase.java:747)
	at org.apache.catalina.core.StandardHost.startInternal(StandardHost.java:770)
	at org.apache.catalina.util.LifecycleBase.start(LifecycleBase.java:164)
	at org.apache.catalina.core.ContainerBase$StartChild.call(ContainerBase.java:1201)
	at org.apache.catalina.core.ContainerBase$StartChild.call(ContainerBase.java:1191)
	at java.base/java.util.concurrent.FutureTask.run(FutureTask.java:317)
	at org.apache.tomcat.util.threads.InlineExecutorService.execute(InlineExecutorService.java:81)
	at java.base/java.util.concurrent.AbstractExecutorService.submit(AbstractExecutorService.java:145)
	at org.apache.catalina.core.ContainerBase.startInternal(ContainerBase.java:747)
	at org.apache.catalina.core.StandardEngine.startInternal(StandardEngine.java:201)
	at org.apache.catalina.util.LifecycleBase.start(LifecycleBase.java:164)
	at org.apache.catalina.core.StandardService.startInternal(StandardService.java:410)
	at org.apache.catalina.util.LifecycleBase.start(LifecycleBase.java:164)
	at org.apache.catalina.core.StandardServer.startInternal(StandardServer.java:868)
	at org.apache.catalina.util.LifecycleBase.start(LifecycleBase.java:164)
	at org.apache.catalina.startup.Tomcat.start(Tomcat.java:436)
	at org.springframework.boot.web.embedded.tomcat.TomcatWebServer.initialize(TomcatWebServer.java:128)
	... 13 common frames omitted
Caused by: org.springframework.beans.factory.UnsatisfiedDependencyException: Error creating bean with name 'customUserDetailsService' defined in file [D:\Projects\TaskApp\target\classes\com\pm\taskapp\auth\service\impl\CustomUserDetailsService.class]: Unsatisfied dependency expressed through constructor parameter 0: Error creating bean with name 'userRepository' defined in com.pm.taskapp.auth.repository.UserRepository defined in @EnableJpaRepositories declared on JpaRepositoriesRegistrar.EnableJpaRepositoriesConfiguration: Cannot resolve reference to bean 'jpaSharedEM_entityManagerFactory' while setting bean property 'entityManager'
	at org.springframework.beans.factory.support.ConstructorResolver.createArgumentArray(ConstructorResolver.java:804)
	at org.springframework.beans.factory.support.ConstructorResolver.autowireConstructor(ConstructorResolver.java:240)
	at org.springframework.beans.factory.support.AbstractAutowireCapableBeanFactory.autowireConstructor(AbstractAutowireCapableBeanFactory.java:1395)
	at org.springframework.beans.factory.support.AbstractAutowireCapableBeanFactory.createBeanInstance(AbstractAutowireCapableBeanFactory.java:1232)
	at org.springframework.beans.factory.support.AbstractAutowireCapableBeanFactory.doCreateBean(AbstractAutowireCapableBeanFactory.java:569)
	at org.springframework.beans.factory.support.AbstractAutowireCapableBeanFactory.createBean(AbstractAutowireCapableBeanFactory.java:529)
	at org.springframework.beans.factory.support.AbstractBeanFactory.lambda$doGetBean$0(AbstractBeanFactory.java:339)
	at org.springframework.beans.factory.support.DefaultSingletonBeanRegistry.getSingleton(DefaultSingletonBeanRegistry.java:373)
	at org.springframework.beans.factory.support.AbstractBeanFactory.doGetBean(AbstractBeanFactory.java:337)
	at org.springframework.beans.factory.support.AbstractBeanFactory.getBean(AbstractBeanFactory.java:202)
	at org.springframework.beans.factory.support.DefaultListableBeanFactory.doResolveDependency(DefaultListableBeanFactory.java:1708)
	at org.springframework.beans.factory.support.DefaultListableBeanFactory.resolveDependency(DefaultListableBeanFactory.java:1653)
	at org.springframework.beans.factory.support.ConstructorResolver.resolveAutowiredArgument(ConstructorResolver.java:913)
	at org.springframework.beans.factory.support.ConstructorResolver.createArgumentArray(ConstructorResolver.java:791)
	... 54 common frames omitted
Caused by: org.springframework.beans.factory.BeanCreationException: Error creating bean with name 'userRepository' defined in com.pm.taskapp.auth.repository.UserRepository defined in @EnableJpaRepositories declared on JpaRepositoriesRegistrar.EnableJpaRepositoriesConfiguration: Cannot resolve reference to bean 'jpaSharedEM_entityManagerFactory' while setting bean property 'entityManager'
	at org.springframework.beans.factory.support.BeanDefinitionValueResolver.resolveReference(BeanDefinitionValueResolver.java:377)
	at org.springframework.beans.factory.support.BeanDefinitionValueResolver.resolveValueIfNecessary(BeanDefinitionValueResolver.java:135)
	at org.springframework.beans.factory.support.AbstractAutowireCapableBeanFactory.applyPropertyValues(AbstractAutowireCapableBeanFactory.java:1725)
	at org.springframework.beans.factory.support.AbstractAutowireCapableBeanFactory.populateBean(AbstractAutowireCapableBeanFactory.java:1474)
	at org.springframework.beans.factory.support.AbstractAutowireCapableBeanFactory.doCreateBean(AbstractAutowireCapableBeanFactory.java:606)
	at org.springframework.beans.factory.support.AbstractAutowireCapableBeanFactory.createBean(AbstractAutowireCapableBeanFactory.java:529)
	at org.springframework.beans.factory.support.AbstractBeanFactory.lambda$doGetBean$0(AbstractBeanFactory.java:339)
	at org.springframework.beans.factory.support.DefaultSingletonBeanRegistry.getSingleton(DefaultSingletonBeanRegistry.java:373)
	at org.springframework.beans.factory.support.AbstractBeanFactory.doGetBean(AbstractBeanFactory.java:337)
	at org.springframework.beans.factory.support.AbstractBeanFactory.getBean(AbstractBeanFactory.java:202)
	at org.springframework.beans.factory.support.DefaultListableBeanFactory.doResolveDependency(DefaultListableBeanFactory.java:1708)
	at org.springframework.beans.factory.support.DefaultListableBeanFactory.resolveDependency(DefaultListableBeanFactory.java:1653)
	at org.springframework.beans.factory.support.ConstructorResolver.resolveAutowiredArgument(ConstructorResolver.java:913)
	at org.springframework.beans.factory.support.ConstructorResolver.createArgumentArray(ConstructorResolver.java:791)
	... 67 common frames omitted
Caused by: org.springframework.beans.factory.BeanCreationException: Error creating bean with name 'jpaSharedEM_entityManagerFactory': Cannot resolve reference to bean 'entityManagerFactory' while setting constructor argument
	at org.springframework.beans.factory.support.BeanDefinitionValueResolver.resolveReference(BeanDefinitionValueResolver.java:377)
	at org.springframework.beans.factory.support.BeanDefinitionValueResolver.resolveValueIfNecessary(BeanDefinitionValueResolver.java:135)
	at org.springframework.beans.factory.support.ConstructorResolver.resolveConstructorArguments(ConstructorResolver.java:691)
	at org.springframework.beans.factory.support.ConstructorResolver.instantiateUsingFactoryMethod(ConstructorResolver.java:513)
	at org.springframework.beans.factory.support.AbstractAutowireCapableBeanFactory.instantiateUsingFactoryMethod(AbstractAutowireCapableBeanFactory.java:1375)
	at org.springframework.beans.factory.support.AbstractAutowireCapableBeanFactory.createBeanInstance(AbstractAutowireCapableBeanFactory.java:1205)
	at org.springframework.beans.factory.support.AbstractAutowireCapableBeanFactory.doCreateBean(AbstractAutowireCapableBeanFactory.java:569)
	at org.springframework.beans.factory.support.AbstractAutowireCapableBeanFactory.createBean(AbstractAutowireCapableBeanFactory.java:529)
	at org.springframework.beans.factory.support.AbstractBeanFactory.lambda$doGetBean$0(AbstractBeanFactory.java:339)
	at org.springframework.beans.factory.support.DefaultSingletonBeanRegistry.getSingleton(DefaultSingletonBeanRegistry.java:373)
	at org.springframework.beans.factory.support.AbstractBeanFactory.doGetBean(AbstractBeanFactory.java:337)
	at org.springframework.beans.factory.support.AbstractBeanFactory.getBean(AbstractBeanFactory.java:202)
	at org.springframework.beans.factory.support.BeanDefinitionValueResolver.resolveReference(BeanDefinitionValueResolver.java:365)
	... 80 common frames omitted
Caused by: org.springframework.beans.factory.BeanCreationException: Error creating bean with name 'flywayInitializer' defined in class path resource [org/springframework/boot/autoconfigure/flyway/FlywayAutoConfiguration$FlywayConfiguration.class]: Unable to obtain connection from database: FATAL: invalid value for parameter "TimeZone": "Asia/Calcutta"
---------------------------------------------------------------------------------------------------------
SQL State  : 22023
Error Code : 0
Message    : FATAL: invalid value for parameter "TimeZone": "Asia/Calcutta"

	at org.springframework.beans.factory.support.AbstractAutowireCapableBeanFactory.initializeBean(AbstractAutowireCapableBeanFactory.java:1826)
	at org.springframework.beans.factory.support.AbstractAutowireCapableBeanFactory.doCreateBean(AbstractAutowireCapableBeanFactory.java:607)
	at org.springframework.beans.factory.support.AbstractAutowireCapableBeanFactory.createBean(AbstractAutowireCapableBeanFactory.java:529)
	at org.springframework.beans.factory.support.AbstractBeanFactory.lambda$doGetBean$0(AbstractBeanFactory.java:339)
	at org.springframework.beans.factory.support.DefaultSingletonBeanRegistry.getSingleton(DefaultSingletonBeanRegistry.java:373)
	at org.springframework.beans.factory.support.AbstractBeanFactory.doGetBean(AbstractBeanFactory.java:337)
	at org.springframework.beans.factory.support.AbstractBeanFactory.getBean(AbstractBeanFactory.java:202)
	at org.springframework.beans.factory.support.AbstractBeanFactory.doGetBean(AbstractBeanFactory.java:315)
	at org.springframework.beans.factory.support.AbstractBeanFactory.getBean(AbstractBeanFactory.java:202)
	at org.springframework.beans.factory.support.BeanDefinitionValueResolver.resolveReference(BeanDefinitionValueResolver.java:365)
	... 92 common frames omitted
Caused by: org.flywaydb.core.internal.exception.FlywaySqlException: Unable to obtain connection from database: FATAL: invalid value for parameter "TimeZone": "Asia/Calcutta"
---------------------------------------------------------------------------------------------------------
SQL State  : 22023
Error Code : 0
Message    : FATAL: invalid value for parameter "TimeZone": "Asia/Calcutta"

	at org.flywaydb.core.internal.jdbc.JdbcUtils.openConnection(JdbcUtils.java:71)
	at org.flywaydb.core.internal.jdbc.JdbcConnectionFactory.<init>(JdbcConnectionFactory.java:76)
	at org.flywaydb.core.FlywayExecutor.execute(FlywayExecutor.java:136)
	at org.flywaydb.core.Flyway.migrate(Flyway.java:188)
	at org.springframework.boot.autoconfigure.flyway.FlywayMigrationInitializer.afterPropertiesSet(FlywayMigrationInitializer.java:66)
	at org.springframework.beans.factory.support.AbstractAutowireCapableBeanFactory.invokeInitMethods(AbstractAutowireCapableBeanFactory.java:1873)
	at org.springframework.beans.factory.support.AbstractAutowireCapableBeanFactory.initializeBean(AbstractAutowireCapableBeanFactory.java:1822)
	... 101 common frames omitted
Caused by: org.postgresql.util.PSQLException: FATAL: invalid value for parameter "TimeZone": "Asia/Calcutta"
	at org.postgresql.core.v3.QueryExecutorImpl.receiveErrorResponse(QueryExecutorImpl.java:2713)
	at org.postgresql.core.v3.QueryExecutorImpl.readStartupMessages(QueryExecutorImpl.java:2825)
	at org.postgresql.core.v3.QueryExecutorImpl.<init>(QueryExecutorImpl.java:175)
	at org.postgresql.core.v3.ConnectionFactoryImpl.openConnectionImpl(ConnectionFactoryImpl.java:313)
	at org.postgresql.core.ConnectionFactory.openConnection(ConnectionFactory.java:54)
	at org.postgresql.jdbc.PgConnection.<init>(PgConnection.java:263)
	at org.postgresql.Driver.makeConnection(Driver.java:443)
	at org.postgresql.Driver.connect(Driver.java:297)
	at com.zaxxer.hikari.util.DriverDataSource.getConnection(DriverDataSource.java:144)
	at com.zaxxer.hikari.pool.PoolBase.newConnection(PoolBase.java:370)
	at com.zaxxer.hikari.pool.PoolBase.newPoolEntry(PoolBase.java:207)
	at com.zaxxer.hikari.pool.HikariPool.createPoolEntry(HikariPool.java:488)
	at com.zaxxer.hikari.pool.HikariPool.checkFailFast(HikariPool.java:576)
	at com.zaxxer.hikari.pool.HikariPool.<init>(HikariPool.java:97)
	at com.zaxxer.hikari.HikariDataSource.getConnection(HikariDataSource.java:111)
	at org.flywaydb.core.internal.jdbc.JdbcUtils.openConnection(JdbcUtils.java:59)
	... 107 common frames omitted
